{"category":"SYSTEM","details":{"fft_buffer_size":100,"poll_interval_s":0.25},"device":"rpi-9a2f6ea2e358535b","event":"DEVICE_BOOT","level":"INFO","seq":1,"sig":"5fb7233d08a7da42","ts":"2026-04-22T21:57:24.990473+00:00"}
{"category":"SENSOR","details":{"addr_hex":"0x53","fifo_mode":"stream","odr_hz":100,"range_g":16,"scale_g_lsb":0.004,"watermark":25},"device":"rpi-9a2f6ea2e358535b","event":"SENSOR_INIT","level":"INFO","seq":2,"sig":"97b2e81eefcef467","ts":"2026-04-22T21:57:24.992387+00:00"}
{"category":"SENSOR","details":{"batch_ts":1776895045.2649,"sample_count":25},"device":"rpi-9a2f6ea2e358535b","event":"FIFO_READ","level":"INFO","seq":3,"sig":"5825c8bd0fe830fe","ts":"2026-04-22T21:57:25.264913+00:00"}
{"category":"SENSOR","details":{"batch_ts":1776895045.5149,"sample_count":25},"device":"rpi-9a2f6ea2e358535b","event":"FIFO_READ","level":"INFO","seq":4,"sig":"d937cad86440c586","ts":"2026-04-22T21:57:25.514897+00:00"}
{"category":"SENSOR","details":{"batch_ts":1776895045.764,"sample_count":24},"device":"rpi-9a2f6ea2e358535b","event":"FIFO_READ","level":"INFO","seq":5,"sig":"9b1f77ddc9087e8c","ts":"2026-04-22T21:57:25.763990+00:00"}
{"category":"SENSOR","details":{"batch_ts":1776895046.0149,"sample_count":25},"device":"rpi-9a2f6ea2e358535b","event":"FIFO_READ","level":"INFO","seq":6,"sig":"b3a9791787bb7156","ts":"2026-04-22T21:57:26.014869+00:00"}
{"category":"SENSOR","details":{"batch_ts":1776895046.2649,"sample_count":25},"device":"rpi-9a2f6ea2e358535b","event":"FIFO_READ","level":"INFO","seq":7,"sig":"0d9aa9b4c30a1b8d","ts":"2026-04-22T21:57:26.264903+00:00"}
{"category":"DATA","details":{"band_hz":[4.0,7.0],"batch_ts":1776895046.2649,"x_peak_g":0.001698,"x_peak_hz":5.0,"y_peak_g":0.00264,"y_peak_hz":4.0,"z_peak_g":0.003275,"z_peak_hz":5.0},"device":"rpi-9a2f6ea2e358535b","event":"FFT_RESULT","level":"INFO","seq":8,"sig":"e67961c4905c93f8","ts":"2026-04-22T21:57:26.267158+00:00"}
{"category":"SENSOR","details":{"batch_ts":1776895046.5149,"sample_count":25},"device":"rpi-9a2f6ea2e358535b","event":"FIFO_READ","level":"INFO","seq":9,"sig":"d1abf3887ed3a93c","ts":"2026-04-22T21:57:26.514877+00:00"}
{"category":"SENSOR","details":{"batch_ts":1776895046.7649,"sample_count":25},"device":"rpi-9a2f6ea2e358535b","event":"FIFO_READ","level":"INFO","seq":10,"sig":"31a4c622a0515b4c","ts":"2026-04-22T21:57:26.764875+00:00"}
{"category":"SENSOR","details":{"batch_ts":1776895047.015,"sample_count":25},"device":"rpi-9a2f6ea2e358535b","event":"FIFO_READ","level":"INFO","seq":11,"sig":"8219cb170e2d03e0","ts":"2026-04-22T21:57:27.014981+00:00"}
{"category":"SENSOR","details":{"batch_ts":1776895047.2649,"sample_count":25},"device":"rpi-9a2f6ea2e358535b","event":"FIFO_READ","level":"INFO","seq":12,"sig":"35e13b8e78915e4c","ts":"2026-04-22T21:57:27.264905+00:00"}
{"category":"DATA","details":{"band_hz":[4.0,7.0],"batch_ts":1776895047.2649,"x_peak_g":0.002551,"x_peak_hz":4.0,"y_peak_g":0.003167,"y_peak_hz":4.0,"z_peak_g":0.003146,"z_peak_hz":5.0},"device":"rpi-9a2f6ea2e358535b","event":"FFT_RESULT","level":"INFO","seq":13,"sig":"6c1b34c9da281241","ts":"2026-04-22T21:57:27.265583+00:00"}
{"category":"SENSOR","details":{"batch_ts":1776895047.5149,"sample_count":25},"device":"rpi-9a2f6ea2e358535b","event":"FIFO_READ","level":"INFO","seq":14,"sig":"5e7fcc417b9b7f0d","ts":"2026-04-22T21:57:27.514860+00:00"}
{"category":"SENSOR","details":{"batch_ts":1776895047.7649,"sample_count":25},"device":"rpi-9a2f6ea2e358535b","event":"FIFO_READ","level":"INFO","seq":15,"sig":"3e55a2ffe1502177","ts":"2026-04-22T21:57:27.764859+00:00"}
{"category":"SENSOR","details":{"batch_ts":1776895048.0148,"sample_count":25},"device":"rpi-9a2f6ea2e358535b","event":"FIFO_READ","level":"INFO","seq":16,"sig":"4bee525512a11f36","ts":"2026-04-22T21:57:28.014841+00:00"}
{"category":"SENSOR","details":{"batch_ts":1776895048.2649,"sample_count":25},"device":"rpi-9a2f6ea2e358535b","event":"FIFO_READ","level":"INFO","seq":17,"sig":"377efcbc997cd828","ts":"2026-04-22T21:57:28.264893+00:00"}
{"category":"DATA","details":{"band_hz":[4.0,7.0],"batch_ts":1776895048.2649,"x_peak_g":0.003618,"x_peak_hz":6.0,"y_peak_g":0.004057,"y_peak_hz":4.0,"z_peak_g":0.002271,"z_peak_hz":4.0},"device":"rpi-9a2f6ea2e358535b","event":"FFT_RESULT","level":"INFO","seq":18,"sig":"ddedf957bab44cb3","ts":"2026-04-22T21:57:28.265624+00:00"}
{"category":"SENSOR","details":{"batch_ts":1776895048.5149,"sample_count":25},"device":"rpi-9a2f6ea2e358535b","event":"FIFO_READ","level":"INFO","seq":19,"sig":"989d55a6cdc61dad","ts":"2026-04-22T21:57:28.514857+00:00"}
{"category":"SENSOR","details":{"batch_ts":1776895048.7649,"sample_count":25},"device":"rpi-9a2f6ea2e358535b","event":"FIFO_READ","level":"INFO","seq":20,"sig":"f50b7edee49b1deb","ts":"2026-04-22T21:57:28.764863+00:00"}
{"category":"SENSOR","details":{"batch_ts":1776895049.0148,"sample_count":25},"device":"rpi-9a2f6ea2e358535b","event":"FIFO_READ","level":"INFO","seq":21,"sig":"3050e26f205253df","ts":"2026-04-22T21:57:29.014845+00:00"}
{"category":"SENSOR","details":{"batch_ts":1776895049.2649,"sample_count":25},"device":"rpi-9a2f6ea2e358535b","event":"FIFO_READ","level":"INFO","seq":22,"sig":"3d2418b412884980","ts":"2026-04-22T21:57:29.264895+00:00"}
{"category":"DATA","details":{"band_hz":[4.0,7.0],"batch_ts":1776895049.2649,"x_peak_g":0.002358,"x_peak_hz":4.0,"y_peak_g":0.003101,"y_peak_hz":4.0,"z_peak_g":0.002184,"z_peak_hz":4.0},"device":"rpi-9a2f6ea2e358535b","event":"FFT_RESULT","level":"INFO","seq":23,"sig":"aa68b2bcf1e8f7d6","ts":"2026-04-22T21:57:29.265620+00:00"}
{"category":"SENSOR","details":{"batch_ts":1776895049.5149,"sample_count":25},"device":"rpi-9a2f6ea2e358535b","event":"FIFO_READ","level":"INFO","seq":24,"sig":"73c62fcd6a315aef","ts":"2026-04-22T21:57:29.514876+00:00"}
{"category":"SENSOR","details":{"batch_ts":1776895049.764,"sample_count":24},"device":"rpi-9a2f6ea2e358535b","event":"FIFO_READ","level":"INFO","seq":25,"sig":"df1feac30aa4957d","ts":"2026-04-22T21:57:29.763985+00:00"}
{"category":"SENSOR","details":{"batch_ts":1776895050.0151,"sample_count":25},"device":"rpi-9a2f6ea2e358535b","event":"FIFO_READ","level":"INFO","seq":26,"sig":"e6b8cea28824ad9c","ts":"2026-04-22T21:57:30.015059+00:00"}
{"category":"SENSOR","details":{"batch_ts":1776895050.2651,"sample_count":25},"device":"rpi-9a2f6ea2e358535b","event":"FIFO_READ","level":"INFO","seq":27,"sig":"553c4c7175dddcfe","ts":"2026-04-22T21:57:30.265111+00:00"}
{"category":"SENSOR","details":{"batch_ts":1776895050.5151,"sample_count":25},"device":"rpi-9a2f6ea2e358535b","event":"FIFO_READ","level":"INFO","seq":28,"sig":"c270c086a3258503","ts":"2026-04-22T21:57:30.515062+00:00"}
{"category":"DATA","details":{"band_hz":[4.0,7.0],"batch_ts":1776895050.5151,"x_peak_g":0.003391,"x_peak_hz":4.0,"y_peak_g":0.002097,"y_peak_hz":4.0,"z_peak_g":0.002902,"z_peak_hz":6.0},"device":"rpi-9a2f6ea2e358535b","event":"FFT_RESULT","level":"INFO","seq":29,"sig":"1de88647f4ca0e86","ts":"2026-04-22T21:57:30.515991+00:00"}
{"category":"SENSOR","details":{"batch_ts":1776895050.7651,"sample_count":25},"device":"rpi-9a2f6ea2e358535b","event":"FIFO_READ","level":"INFO","seq":30,"sig":"90fcd054e8a33e5c","ts":"2026-04-22T21:57:30.765064+00:00"}
{"category":"SENSOR","details":{"batch_ts":1776895051.015,"sample_count":25},"device":"rpi-9a2f6ea2e358535b","event":"FIFO_READ","level":"INFO","seq":31,"sig":"7999008e2f166939","ts":"2026-04-22T21:57:31.015049+00:00"}
{"category":"SENSOR","details":{"batch_ts":1776895051.2651,"sample_count":25},"device":"rpi-9a2f6ea2e358535b","event":"FIFO_READ","level":"INFO","seq":32,"sig":"099c85e7a609f57a","ts":"2026-04-22T21:57:31.265109+00:00"}
{"category":"SENSOR","details":{"batch_ts":1776895051.5151,"sample_count":25},"device":"rpi-9a2f6ea2e358535b","event":"FIFO_READ","level":"INFO","seq":33,"sig":"216e5e90358cc3ca","ts":"2026-04-22T21:57:31.515090+00:00"}
{"category":"DATA","details":{"band_hz":[4.0,7.0],"batch_ts":1776895051.5151,"x_peak_g":0.00239,"x_peak_hz":7.0,"y_peak_g":0.004626,"y_peak_hz":6.0,"z_peak_g":0.004208,"z_peak_hz":4.0},"device":"rpi-9a2f6ea2e358535b","event":"FFT_RESULT","level":"INFO","seq":34,"sig":"9577405190965086","ts":"2026-04-22T21:57:31.516099+00:00"}
{"category":"SENSOR","details":{"batch_ts":1776895051.7651,"sample_count":25},"device":"rpi-9a2f6ea2e358535b","event":"FIFO_READ","level":"INFO","seq":35,"sig":"ea78070e6c1dc788","ts":"2026-04-22T21:57:31.765060+00:00"}
{"category":"SENSOR","details":{"batch_ts":1776895052.015,"sample_count":25},"device":"rpi-9a2f6ea2e358535b","event":"FIFO_READ","level":"INFO","seq":36,"sig":"19c2c42e71050baa","ts":"2026-04-22T21:57:32.015045+00:00"}
{"category":"SENSOR","details":{"batch_ts":1776895052.2651,"sample_count":25},"device":"rpi-9a2f6ea2e358535b","event":"FIFO_READ","level":"INFO","seq":37,"sig":"8d76b94e0dcccc36","ts":"2026-04-22T21:57:32.265103+00:00"}
{"category":"SENSOR","details":{"batch_ts":1776895052.5151,"sample_count":25},"device":"rpi-9a2f6ea2e358535b","event":"FIFO_READ","level":"INFO","seq":38,"sig":"122862fb4ab0e429","ts":"2026-04-22T21:57:32.515085+00:00"}
{"category":"DATA","details":{"band_hz":[4.0,7.0],"batch_ts":1776895052.5151,"x_peak_g":0.002564,"x_peak_hz":7.0,"y_peak_g":0.002668,"y_peak_hz":6.0,"z_peak_g":0.003463,"z_peak_hz":5.0},"device":"rpi-9a2f6ea2e358535b","event":"FFT_RESULT","level":"INFO","seq":39,"sig":"29b83eefdc8747e0","ts":"2026-04-22T21:57:32.516055+00:00"}
{"category":"SENSOR","details":{"batch_ts":1776895052.7651,"sample_count":25},"device":"rpi-9a2f6ea2e358535b","event":"FIFO_READ","level":"INFO","seq":40,"sig":"d21418759743a0d7","ts":"2026-04-22T21:57:32.765067+00:00"}
{"category":"SENSOR","details":{"batch_ts":1776895053.0151,"sample_count":25},"device":"rpi-9a2f6ea2e358535b","event":"FIFO_READ","level":"INFO","seq":41,"sig":"24347b60a5e6ad5c","ts":"2026-04-22T21:57:33.015064+00:00"}
{"category":"SENSOR","details":{"batch_ts":1776895053.2651,"sample_count":25},"device":"rpi-9a2f6ea2e358535b","event":"FIFO_READ","level":"INFO","seq":42,"sig":"d97ae996d168905d","ts":"2026-04-22T21:57:33.265106+00:00"}
{"category":"SENSOR","details":{"batch_ts":1776895053.5142,"sample_count":24},"device":"rpi-9a2f6ea2e358535b","event":"FIFO_READ","level":"INFO","seq":43,"sig":"9a4599f41f64c48d","ts":"2026-04-22T21:57:33.514200+00:00"}
{"category":"SENSOR","details":{"batch_ts":1776895053.7651,"sample_count":25},"device":"rpi-9a2f6ea2e358535b","event":"FIFO_READ","level":"INFO","seq":44,"sig":"43294b9abc3cf839","ts":"2026-04-22T21:57:33.765066+00:00"}
{"category":"DATA","details":{"band_hz":[4.0,7.0],"batch_ts":1776895053.7651,"x_peak_g":0.002928,"x_peak_hz":4.0,"y_peak_g":0.003848,"y_peak_hz":4.0,"z_peak_g":0.002768,"z_peak_hz":6.0},"device":"rpi-9a2f6ea2e358535b","event":"FFT_RESULT","level":"INFO","seq":45,"sig":"6b7a33d194c8e1fb","ts":"2026-04-22T21:57:33.765871+00:00"}
{"category":"SENSOR","details":{"batch_ts":1776895054.0151,"sample_count":25},"device":"rpi-9a2f6ea2e358535b","event":"FIFO_READ","level":"INFO","seq":46,"sig":"0a28bade6f8f2ca7","ts":"2026-04-22T21:57:34.015084+00:00"}
{"category":"SENSOR","details":{"batch_ts":1776895054.2651,"sample_count":25},"device":"rpi-9a2f6ea2e358535b","event":"FIFO_READ","level":"INFO","seq":47,"sig":"d9e6cb51039d2238","ts":"2026-04-22T21:57:34.265103+00:00"}
{"category":"SENSOR","details":{"batch_ts":1776895054.5151,"sample_count":25},"device":"rpi-9a2f6ea2e358535b","event":"FIFO_READ","level":"INFO","seq":48,"sig":"bbe28c12b22568aa","ts":"2026-04-22T21:57:34.515077+00:00"}
{"category":"SENSOR","details":{"batch_ts":1776895054.7651,"sample_count":25},"device":"rpi-9a2f6ea2e358535b","event":"FIFO_READ","level":"INFO","seq":49,"sig":"3689447620939c8b","ts":"2026-04-22T21:57:34.765105+00:00"}
{"category":"DATA","details":{"band_hz":[4.0,7.0],"batch_ts":1776895054.7651,"x_peak_g":0.001688,"x_peak_hz":4.0,"y_peak_g":0.00194,"y_peak_hz":5.0,"z_peak_g":0.002689,"z_peak_hz":6.0},"device":"rpi-9a2f6ea2e358535b","event":"FFT_RESULT","level":"INFO","seq":50,"sig":"0a38465e5d55c13e","ts":"2026-04-22T21:57:34.766038+00:00"}
{"category":"SENSOR","details":{"batch_ts":1776895055.0151,"sample_count":25},"device":"rpi-9a2f6ea2e358535b","event":"FIFO_READ","level":"INFO","seq":51,"sig":"c7f2050dcb3897b5","ts":"2026-04-22T21:57:35.015094+00:00"}
{"category":"SENSOR","details":{"batch_ts":1776895055.2651,"sample_count":25},"device":"rpi-9a2f6ea2e358535b","event":"FIFO_READ","level":"INFO","seq":52,"sig":"17f890440e4f67a9","ts":"2026-04-22T21:57:35.265116+00:00"}
{"category":"SENSOR","details":{"batch_ts":1776895055.5151,"sample_count":25},"device":"rpi-9a2f6ea2e358535b","event":"FIFO_READ","level":"INFO","seq":53,"sig":"44db80f273986468","ts":"2026-04-22T21:57:35.515078+00:00"}
{"category":"SENSOR","details":{"batch_ts":1776895055.7651,"sample_count":25},"device":"rpi-9a2f6ea2e358535b","event":"FIFO_READ","level":"INFO","seq":54,"sig":"5bd491f124d8fc4c","ts":"2026-04-22T21:57:35.765065+00:00"}
{"category":"DATA","details":{"band_hz":[4.0,7.0],"batch_ts":1776895055.7651,"x_peak_g":0.002908,"x_peak_hz":5.0,"y_peak_g":0.005725,"y_peak_hz":4.0,"z_peak_g":0.002425,"z_peak_hz":4.0},"device":"rpi-9a2f6ea2e358535b","event":"FFT_RESULT","level":"INFO","seq":55,"sig":"785380bf8f97e777","ts":"2026-04-22T21:57:35.765988+00:00"}
{"category":"SENSOR","details":{"batch_ts":1776895056.015,"sample_count":25},"device":"rpi-9a2f6ea2e358535b","event":"FIFO_READ","level":"INFO","seq":56,"sig":"699d10f2371d00f3","ts":"2026-04-22T21:57:36.015044+00:00"}
{"category":"SENSOR","details":{"batch_ts":1776895056.2651,"sample_count":25},"device":"rpi-9a2f6ea2e358535b","event":"FIFO_READ","level":"INFO","seq":57,"sig":"310df98a191b7626","ts":"2026-04-22T21:57:36.265113+00:00"}
{"category":"SENSOR","details":{"batch_ts":1776895056.5151,"sample_count":25},"device":"rpi-9a2f6ea2e358535b","event":"FIFO_READ","level":"INFO","seq":58,"sig":"f008223045d6b69a","ts":"2026-04-22T21:57:36.515073+00:00"}
{"category":"SENSOR","details":{"batch_ts":1776895056.7651,"sample_count":25},"device":"rpi-9a2f6ea2e358535b","event":"FIFO_READ","level":"INFO","seq":59,"sig":"ac25faa0f4d3d3bb","ts":"2026-04-22T21:57:36.765065+00:00"}
{"category":"DATA","details":{"band_hz":[4.0,7.0],"batch_ts":1776895056.7651,"x_peak_g":0.003248,"x_peak_hz":5.0,"y_peak_g":0.004001,"y_peak_hz":5.0,"z_peak_g":0.002016,"z_peak_hz":6.0},"device":"rpi-9a2f6ea2e358535b","event":"FFT_RESULT","level":"INFO","seq":60,"sig":"d021e15856b5ebfb","ts":"2026-04-22T21:57:36.766044+00:00"}
{"category":"SENSOR","details":{"batch_ts":1776895057.0151,"sample_count":25},"device":"rpi-9a2f6ea2e358535b","event":"FIFO_READ","level":"INFO","seq":61,"sig":"bac977682624b30f","ts":"2026-04-22T21:57:37.015060+00:00"}
{"category":"SENSOR","details":{"batch_ts":1776895057.2651,"sample_count":25},"device":"rpi-9a2f6ea2e358535b","event":"FIFO_READ","level":"INFO","seq":62,"sig":"717d4bb0d38abde4","ts":"2026-04-22T21:57:37.265118+00:00"}
{"category":"SENSOR","details":{"batch_ts":1776895057.5142,"sample_count":24},"device":"rpi-9a2f6ea2e358535b","event":"FIFO_READ","level":"INFO","seq":63,"sig":"6ae63d8f8e91955f","ts":"2026-04-22T21:57:37.514217+00:00"}
{"category":"SENSOR","details":{"batch_ts":1776895057.7651,"sample_count":25},"device":"rpi-9a2f6ea2e358535b","event":"FIFO_READ","level":"INFO","seq":64,"sig":"9bd758a1e6eab78f","ts":"2026-04-22T21:57:37.765094+00:00"}
{"category":"SENSOR","details":{"batch_ts":1776895058.0151,"sample_count":25},"device":"rpi-9a2f6ea2e358535b","event":"FIFO_READ","level":"INFO","seq":65,"sig":"a4e5b825bbd9d953","ts":"2026-04-22T21:57:38.015079+00:00"}
{"category":"DATA","details":{"band_hz":[4.0,7.0],"batch_ts":1776895058.0151,"x_peak_g":0.005436,"x_peak_hz":7.0,"y_peak_g":0.003352,"y_peak_hz":7.0,"z_peak_g":0.004446,"z_peak_hz":7.0},"device":"rpi-9a2f6ea2e358535b","event":"FFT_RESULT","level":"INFO","seq":66,"sig":"a09ced5ef2b94abc","ts":"2026-04-22T21:57:38.015932+00:00"}
{"category":"SENSOR","details":{"batch_ts":1776895058.2651,"sample_count":25},"device":"rpi-9a2f6ea2e358535b","event":"FIFO_READ","level":"INFO","seq":67,"sig":"58f796518d26de22","ts":"2026-04-22T21:57:38.265126+00:00"}
{"category":"SENSOR","details":{"batch_ts":1776895058.5151,"sample_count":25},"device":"rpi-9a2f6ea2e358535b","event":"FIFO_READ","level":"INFO","seq":68,"sig":"90967ffb35e7b14b","ts":"2026-04-22T21:57:38.515082+00:00"}
{"category":"SENSOR","details":{"batch_ts":1776895058.7651,"sample_count":25},"device":"rpi-9a2f6ea2e358535b","event":"FIFO_READ","level":"INFO","seq":69,"sig":"e9395932c7da222d","ts":"2026-04-22T21:57:38.765065+00:00"}
{"category":"SENSOR","details":{"batch_ts":1776895059.0151,"sample_count":25},"device":"rpi-9a2f6ea2e358535b","event":"FIFO_READ","level":"INFO","seq":70,"sig":"0a75d70e570db9ff","ts":"2026-04-22T21:57:39.015061+00:00"}
{"category":"DATA","details":{"band_hz":[4.0,7.0],"batch_ts":1776895059.0151,"x_peak_g":0.003815,"x_peak_hz":4.0,"y_peak_g":0.007783,"y_peak_hz":7.0,"z_peak_g":0.00313,"z_peak_hz":5.0},"device":"rpi-9a2f6ea2e358535b","event":"FFT_RESULT","level":"INFO","seq":71,"sig":"0858f5e8ca8ee7a5","ts":"2026-04-22T21:57:39.016020+00:00"}
{"category":"SENSOR","details":{"batch_ts":1776895059.2651,"sample_count":25},"device":"rpi-9a2f6ea2e358535b","event":"FIFO_READ","level":"INFO","seq":72,"sig":"fe478e11e77b14ef","ts":"2026-04-22T21:57:39.265122+00:00"}
{"category":"SENSOR","details":{"batch_ts":1776895059.5151,"sample_count":25},"device":"rpi-9a2f6ea2e358535b","event":"FIFO_READ","level":"INFO","seq":73,"sig":"27168db9108ad0d4","ts":"2026-04-22T21:57:39.515074+00:00"}
{"category":"SENSOR","details":{"batch_ts":1776895059.7651,"sample_count":25},"device":"rpi-9a2f6ea2e358535b","event":"FIFO_READ","level":"INFO","seq":74,"sig":"2e8f4e34a9300126","ts":"2026-04-22T21:57:39.765075+00:00"}
{"category":"WATCHDOG","details":{"poll_count":60},"device":"rpi-9a2f6ea2e358535b","event":"HEARTBEAT","level":"DEBUG","seq":75,"sig":"9ed814dd667e1d44","ts":"2026-04-22T21:57:39.765653+00:00"}
{"category":"SENSOR","details":{"batch_ts":1776895060.0151,"sample_count":25},"device":"rpi-9a2f6ea2e358535b","event":"FIFO_READ","level":"INFO","seq":76,"sig":"39220e946e58185b","ts":"2026-04-22T21:57:40.015083+00:00"}
{"category":"DATA","details":{"band_hz":[4.0,7.0],"batch_ts":1776895060.0151,"x_peak_g":0.002511,"x_peak_hz":7.0,"y_peak_g":0.005935,"y_peak_hz":7.0,"z_peak_g":0.004812,"z_peak_hz":4.0},"device":"rpi-9a2f6ea2e358535b","event":"FFT_RESULT","level":"INFO","seq":77,"sig":"f4158687130d57a2","ts":"2026-04-22T21:57:40.015952+00:00"}
{"category":"SENSOR","details":{"batch_ts":1776895060.2651,"sample_count":25},"device":"rpi-9a2f6ea2e358535b","event":"FIFO_READ","level":"INFO","seq":78,"sig":"eec13e07f82cdd45","ts":"2026-04-22T21:57:40.265131+00:00"}
{"category":"SENSOR","details":{"batch_ts":1776895060.5151,"sample_count":25},"device":"rpi-9a2f6ea2e358535b","event":"FIFO_READ","level":"INFO","seq":79,"sig":"a022ddbe7446b60c","ts":"2026-04-22T21:57:40.515075+00:00"}
{"category":"SENSOR","details":{"batch_ts":1776895060.7651,"sample_count":25},"device":"rpi-9a2f6ea2e358535b","event":"FIFO_READ","level":"INFO","seq":80,"sig":"2cbdbd1e5b9d4a63","ts":"2026-04-22T21:57:40.765068+00:00"}
{"category":"SENSOR","details":{"batch_ts":1776895061.0151,"sample_count":25},"device":"rpi-9a2f6ea2e358535b","event":"FIFO_READ","level":"INFO","seq":81,"sig":"c519351bf59b035f","ts":"2026-04-22T21:57:41.015061+00:00"}
{"category":"DATA","details":{"band_hz":[4.0,7.0],"batch_ts":1776895061.0151,"x_peak_g":0.002016,"x_peak_hz":6.0,"y_peak_g":0.004581,"y_peak_hz":4.0,"z_peak_g":0.004646,"z_peak_hz":6.0},"device":"rpi-9a2f6ea2e358535b","event":"FFT_RESULT","level":"INFO","seq":82,"sig":"ff86a05eac06b67f","ts":"2026-04-22T21:57:41.015985+00:00"}
{"category":"SENSOR","details":{"batch_ts":1776895061.2651,"sample_count":25},"device":"rpi-9a2f6ea2e358535b","event":"FIFO_READ","level":"INFO","seq":83,"sig":"9a72ec78aaf28126","ts":"2026-04-22T21:57:41.265122+00:00"}
{"category":"SENSOR","details":{"batch_ts":1776895061.5142,"sample_count":24},"device":"rpi-9a2f6ea2e358535b","event":"FIFO_READ","level":"INFO","seq":84,"sig":"54425ba95a3a4f1f","ts":"2026-04-22T21:57:41.514200+00:00"}
{"category":"SENSOR","details":{"batch_ts":1776895061.7651,"sample_count":25},"device":"rpi-9a2f6ea2e358535b","event":"FIFO_READ","level":"INFO","seq":85,"sig":"a31504cd9c8b03c4","ts":"2026-04-22T21:57:41.765061+00:00"}
{"category":"SENSOR","details":{"batch_ts":1776895062.0151,"sample_count":25},"device":"rpi-9a2f6ea2e358535b","event":"FIFO_READ","level":"INFO","seq":86,"sig":"41c085119ba072e4","ts":"2026-04-22T21:57:42.015067+00:00"}
{"category":"SENSOR","details":{"batch_ts":1776895062.2651,"sample_count":25},"device":"rpi-9a2f6ea2e358535b","event":"FIFO_READ","level":"INFO","seq":87,"sig":"86fee935c93e45cf","ts":"2026-04-22T21:57:42.265124+00:00"}
{"category":"DATA","details":{"band_hz":[4.0,7.0],"batch_ts":1776895062.2651,"x_peak_g":0.002759,"x_peak_hz":5.0,"y_peak_g":0.003819,"y_peak_hz":4.0,"z_peak_g":0.003007,"z_peak_hz":4.0},"device":"rpi-9a2f6ea2e358535b","event":"FFT_RESULT","level":"INFO","seq":88,"sig":"d343b34ae79c254a","ts":"2026-04-22T21:57:42.266171+00:00"}
{"category":"SENSOR","details":{"batch_ts":1776895062.5151,"sample_count":25},"device":"rpi-9a2f6ea2e358535b","event":"FIFO_READ","level":"INFO","seq":89,"sig":"8e37ac8e0f2865c7","ts":"2026-04-22T21:57:42.515064+00:00"}
{"category":"SENSOR","details":{"batch_ts":1776895062.7651,"sample_count":25},"device":"rpi-9a2f6ea2e358535b","event":"FIFO_READ","level":"INFO","seq":90,"sig":"41a1cbb44ff38bff","ts":"2026-04-22T21:57:42.765061+00:00"}
{"category":"SENSOR","details":{"batch_ts":1776895063.0151,"sample_count":25},"device":"rpi-9a2f6ea2e358535b","event":"FIFO_READ","level":"INFO","seq":91,"sig":"7058abe036a1dc1d","ts":"2026-04-22T21:57:43.015059+00:00"}
{"category":"SENSOR","details":{"batch_ts":1776895063.2651,"sample_count":25},"device":"rpi-9a2f6ea2e358535b","event":"FIFO_READ","level":"INFO","seq":92,"sig":"c309dfb3c929e215","ts":"2026-04-22T21:57:43.265125+00:00"}
{"category":"DATA","details":{"band_hz":[4.0,7.0],"batch_ts":1776895063.2651,"x_peak_g":0.003546,"x_peak_hz":4.0,"y_peak_g":0.002857,"y_peak_hz":4.0,"z_peak_g":0.004867,"z_peak_hz":6.0},"device":"rpi-9a2f6ea2e358535b","event":"FFT_RESULT","level":"INFO","seq":93,"sig":"7f1b214cd5a9b439","ts":"2026-04-22T21:57:43.266125+00:00"}
{"category":"SENSOR","details":{"batch_ts":1776895063.5151,"sample_count":25},"device":"rpi-9a2f6ea2e358535b","event":"FIFO_READ","level":"INFO","seq":94,"sig":"b0666de5fce3be5b","ts":"2026-04-22T21:57:43.515073+00:00"}
{"category":"SENSOR","details":{"batch_ts":1776895063.7651,"sample_count":25},"device":"rpi-9a2f6ea2e358535b","event":"FIFO_READ","level":"INFO","seq":95,"sig":"6db718fe6934e003","ts":"2026-04-22T21:57:43.765060+00:00"}
{"category":"SENSOR","details":{"batch_ts":1776895064.015,"sample_count":25},"device":"rpi-9a2f6ea2e358535b","event":"FIFO_READ","level":"INFO","seq":96,"sig":"64fe74ed879155fb","ts":"2026-04-22T21:57:44.015046+00:00"}
{"category":"SENSOR","details":{"batch_ts":1776895064.2651,"sample_count":25},"device":"rpi-9a2f6ea2e358535b","event":"FIFO_READ","level":"INFO","seq":97,"sig":"41e68e0572779393","ts":"2026-04-22T21:57:44.265119+00:00"}
{"category":"DATA","details":{"band_hz":[4.0,7.0],"batch_ts":1776895064.2651,"x_peak_g":0.002055,"x_peak_hz":5.0,"y_peak_g":0.003496,"y_peak_hz":4.0,"z_peak_g":0.004178,"z_peak_hz":6.0},"device":"rpi-9a2f6ea2e358535b","event":"FFT_RESULT","level":"INFO","seq":98,"sig":"7265e91b5749c660","ts":"2026-04-22T21:57:44.266152+00:00"}
{"category":"SENSOR","details":{"batch_ts":1776895064.5151,"sample_count":25},"device":"rpi-9a2f6ea2e358535b","event":"FIFO_READ","level":"INFO","seq":99,"sig":"99abe3d03263513a","ts":"2026-04-22T21:57:44.515075+00:00"}
{"category":"SENSOR","details":{"batch_ts":1776895064.7651,"sample_count":25},"device":"rpi-9a2f6ea2e358535b","event":"FIFO_READ","level":"INFO","seq":100,"sig":"97bb5cbe0a48e01e","ts":"2026-04-22T21:57:44.765069+00:00"}
{"category":"SENSOR","details":{"batch_ts":1776895065.0151,"sample_count":25},"device":"rpi-9a2f6ea2e358535b","event":"FIFO_READ","level":"INFO","seq":101,"sig":"a0f609fb6b8ba9c8","ts":"2026-04-22T21:57:45.015077+00:00"}
{"category":"SENSOR","details":{"batch_ts":1776895065.2642,"sample_count":24},"device":"rpi-9a2f6ea2e358535b","event":"FIFO_READ","level":"INFO","seq":102,"sig":"a147429ace741407","ts":"2026-04-22T21:57:45.264240+00:00"}
{"category":"SENSOR","details":{"batch_ts":1776895065.5151,"sample_count":25},"device":"rpi-9a2f6ea2e358535b","event":"FIFO_READ","level":"INFO","seq":103,"sig":"b06ad198a4ccf1a9","ts":"2026-04-22T21:57:45.515067+00:00"}
{"category":"DATA","details":{"band_hz":[4.0,7.0],"batch_ts":1776895065.5151,"x_peak_g":0.002614,"x_peak_hz":7.0,"y_peak_g":0.004955,"y_peak_hz":4.0,"z_peak_g":0.001635,"z_peak_hz":6.0},"device":"rpi-9a2f6ea2e358535b","event":"FFT_RESULT","level":"INFO","seq":104,"sig":"eeca174b6aa0ea66","ts":"2026-04-22T21:57:45.516065+00:00"}
{"category":"SENSOR","details":{"batch_ts":1776895065.7651,"sample_count":25},"device":"rpi-9a2f6ea2e358535b","event":"FIFO_READ","level":"INFO","seq":105,"sig":"3d5babb7a56e236f","ts":"2026-04-22T21:57:45.765067+00:00"}
{"category":"SENSOR","details":{"batch_ts":1776895066.0151,"sample_count":25},"device":"rpi-9a2f6ea2e358535b","event":"FIFO_READ","level":"INFO","seq":106,"sig":"4b5a5248e6d8d4f1","ts":"2026-04-22T21:57:46.015060+00:00"}
{"category":"SENSOR","details":{"batch_ts":1776895066.2651,"sample_count":25},"device":"rpi-9a2f6ea2e358535b","event":"FIFO_READ","level":"INFO","seq":107,"sig":"6b3d957bda013416","ts":"2026-04-22T21:57:46.265121+00:00"}
{"category":"SENSOR","details":{"batch_ts":1776895066.515,"sample_count":25},"device":"rpi-9a2f6ea2e358535b","event":"FIFO_READ","level":"INFO","seq":108,"sig":"c72b95c36f4c453a","ts":"2026-04-22T21:57:46.515059+00:00"}
{"category":"DATA","details":{"band_hz":[4.0,7.0],"batch_ts":1776895066.515,"x_peak_g":0.003294,"x_peak_hz":4.0,"y_peak_g":0.002666,"y_peak_hz":7.0,"z_peak_g":0.003638,"z_peak_hz":4.0},"device":"rpi-9a2f6ea2e358535b","event":"FFT_RESULT","level":"INFO","seq":109,"sig":"95703659c7175a3a","ts":"2026-04-22T21:57:46.516049+00:00"}
{"category":"SENSOR","details":{"batch_ts":1776895066.7651,"sample_count":25},"device":"rpi-9a2f6ea2e358535b","event":"FIFO_READ","level":"INFO","seq":110,"sig":"7f0853a11d637168","ts":"2026-04-22T21:57:46.765064+00:00"}
{"category":"SENSOR","details":{"batch_ts":1776895067.0151,"sample_count":25},"device":"rpi-9a2f6ea2e358535b","event":"FIFO_READ","level":"INFO","seq":111,"sig":"3347fb8567964cdd","ts":"2026-04-22T21:57:47.015058+00:00"}
{"category":"SENSOR","details":{"batch_ts":1776895067.2651,"sample_count":25},"device":"rpi-9a2f6ea2e358535b","event":"FIFO_READ","level":"INFO","seq":112,"sig":"649dd2263b7814bd","ts":"2026-04-22T21:57:47.265118+00:00"}
{"category":"SENSOR","details":{"batch_ts":1776895067.5151,"sample_count":25},"device":"rpi-9a2f6ea2e358535b","event":"FIFO_READ","level":"INFO","seq":113,"sig":"3d42ebf4071788ef","ts":"2026-04-22T21:57:47.515068+00:00"}
{"category":"DATA","details":{"band_hz":[4.0,7.0],"batch_ts":1776895067.5151,"x_peak_g":0.004313,"x_peak_hz":7.0,"y_peak_g":0.003998,"y_peak_hz":4.0,"z_peak_g":0.002995,"z_peak_hz":6.0},"device":"rpi-9a2f6ea2e358535b","event":"FFT_RESULT","level":"INFO","seq":114,"sig":"d15f22de4e1458d8","ts":"2026-04-22T21:57:47.515934+00:00"}
{"category":"SENSOR","details":{"batch_ts":1776895067.7651,"sample_count":25},"device":"rpi-9a2f6ea2e358535b","event":"FIFO_READ","level":"INFO","seq":115,"sig":"34f0f79dfbc5a48e","ts":"2026-04-22T21:57:47.765066+00:00"}
{"category":"SENSOR","details":{"batch_ts":1776895068.0151,"sample_count":25},"device":"rpi-9a2f6ea2e358535b","event":"FIFO_READ","level":"INFO","seq":116,"sig":"dc20e7ad6e600000","ts":"2026-04-22T21:57:48.015074+00:00"}
{"category":"SENSOR","details":{"batch_ts":1776895068.2651,"sample_count":25},"device":"rpi-9a2f6ea2e358535b","event":"FIFO_READ","level":"INFO","seq":117,"sig":"5b84442b506ef9c0","ts":"2026-04-22T21:57:48.265129+00:00"}
{"category":"SENSOR","details":{"batch_ts":1776895068.5151,"sample_count":25},"device":"rpi-9a2f6ea2e358535b","event":"FIFO_READ","level":"INFO","seq":118,"sig":"d82ef762cc4cd88c","ts":"2026-04-22T21:57:48.515071+00:00"}
{"category":"DATA","details":{"band_hz":[4.0,7.0],"batch_ts":1776895068.5151,"x_peak_g":0.002712,"x_peak_hz":5.0,"y_peak_g":0.003769,"y_peak_hz":4.0,"z_peak_g":0.004502,"z_peak_hz":4.0},"device":"rpi-9a2f6ea2e358535b","event":"FFT_RESULT","level":"INFO","seq":119,"sig":"0f64b9d1825f5674","ts":"2026-04-22T21:57:48.516054+00:00"}
{"category":"SENSOR","details":{"batch_ts":1776895068.7651,"sample_count":25},"device":"rpi-9a2f6ea2e358535b","event":"FIFO_READ","level":"INFO","seq":120,"sig":"7817ffb9887b17e3","ts":"2026-04-22T21:57:48.765070+00:00"}
{"category":"SENSOR","details":{"batch_ts":1776895069.015,"sample_count":25},"device":"rpi-9a2f6ea2e358535b","event":"FIFO_READ","level":"INFO","seq":121,"sig":"9a3d42a8e4883e63","ts":"2026-04-22T21:57:49.015053+00:00"}
{"category":"SENSOR","details":{"batch_ts":1776895069.2642,"sample_count":24},"device":"rpi-9a2f6ea2e358535b","event":"FIFO_READ","level":"INFO","seq":122,"sig":"fe7342354f92169f","ts":"2026-04-22T21:57:49.264238+00:00"}
{"category":"SENSOR","details":{"batch_ts":1776895069.5151,"sample_count":25},"device":"rpi-9a2f6ea2e358535b","event":"FIFO_READ","level":"INFO","seq":123,"sig":"4255a59af4272097","ts":"2026-04-22T21:57:49.515062+00:00"}
{"category":"SENSOR","details":{"batch_ts":1776895069.7651,"sample_count":25},"device":"rpi-9a2f6ea2e358535b","event":"FIFO_READ","level":"INFO","seq":124,"sig":"4b15ad6b87defb18","ts":"2026-04-22T21:57:49.765072+00:00"}
{"category":"DATA","details":{"band_hz":[4.0,7.0],"batch_ts":1776895069.7651,"x_peak_g":0.001794,"x_peak_hz":6.0,"y_peak_g":0.002541,"y_peak_hz":7.0,"z_peak_g":0.003327,"z_peak_hz":5.0},"device":"rpi-9a2f6ea2e358535b","event":"FFT_RESULT","level":"INFO","seq":125,"sig":"4241de2912cbb18c","ts":"2026-04-22T21:57:49.766077+00:00"}
{"category":"SENSOR","details":{"batch_ts":1776895070.0151,"sample_count":25},"device":"rpi-9a2f6ea2e358535b","event":"FIFO_READ","level":"INFO","seq":126,"sig":"468511d2cd2fbb6c","ts":"2026-04-22T21:57:50.015076+00:00"}
{"category":"SENSOR","details":{"batch_ts":1776895070.2651,"sample_count":25},"device":"rpi-9a2f6ea2e358535b","event":"FIFO_READ","level":"INFO","seq":127,"sig":"ccf130d2a7b31610","ts":"2026-04-22T21:57:50.265113+00:00"}
{"category":"SENSOR","details":{"batch_ts":1776895070.5151,"sample_count":25},"device":"rpi-9a2f6ea2e358535b","event":"FIFO_READ","level":"INFO","seq":128,"sig":"536841fe209612b9","ts":"2026-04-22T21:57:50.515060+00:00"}
{"category":"SENSOR","details":{"batch_ts":1776895070.765,"sample_count":25},"device":"rpi-9a2f6ea2e358535b","event":"FIFO_READ","level":"INFO","seq":129,"sig":"b184264709b0ab0c","ts":"2026-04-22T21:57:50.765059+00:00"}
{"category":"DATA","details":{"band_hz":[4.0,7.0],"batch_ts":1776895070.765,"x_peak_g":0.002778,"x_peak_hz":5.0,"y_peak_g":0.002682,"y_peak_hz":7.0,"z_peak_g":0.004379,"z_peak_hz":4.0},"device":"rpi-9a2f6ea2e358535b","event":"FFT_RESULT","level":"INFO","seq":130,"sig":"dac10fb63a6cd7f8","ts":"2026-04-22T21:57:50.766009+00:00"}
{"category":"SENSOR","details":{"batch_ts":1776895071.0151,"sample_count":25},"device":"rpi-9a2f6ea2e358535b","event":"FIFO_READ","level":"INFO","seq":131,"sig":"9f7d5fd50c4b7482","ts":"2026-04-22T21:57:51.015069+00:00"}
{"category":"SENSOR","details":{"batch_ts":1776895071.2651,"sample_count":25},"device":"rpi-9a2f6ea2e358535b","event":"FIFO_READ","level":"INFO","seq":132,"sig":"2431213abfc5e792","ts":"2026-04-22T21:57:51.265122+00:00"}
{"category":"SENSOR","details":{"batch_ts":1776895071.5151,"sample_count":25},"device":"rpi-9a2f6ea2e358535b","event":"FIFO_READ","level":"INFO","seq":133,"sig":"be29387569e9b0b1","ts":"2026-04-22T21:57:51.515065+00:00"}
{"category":"SENSOR","details":{"batch_ts":1776895071.7651,"sample_count":25},"device":"rpi-9a2f6ea2e358535b","event":"FIFO_READ","level":"INFO","seq":134,"sig":"5c7c63a361d4426f","ts":"2026-04-22T21:57:51.765072+00:00"}
{"category":"DATA","details":{"band_hz":[4.0,7.0],"batch_ts":1776895071.7651,"x_peak_g":0.002671,"x_peak_hz":7.0,"y_peak_g":0.002177,"y_peak_hz":7.0,"z_peak_g":0.003703,"z_peak_hz":4.0},"device":"rpi-9a2f6ea2e358535b","event":"FFT_RESULT","level":"INFO","seq":135,"sig":"2949e1fc23b94da3","ts":"2026-04-22T21:57:51.766037+00:00"}
{"category":"SENSOR","details":{"batch_ts":1776895072.0151,"sample_count":25},"device":"rpi-9a2f6ea2e358535b","event":"FIFO_READ","level":"INFO","seq":136,"sig":"9149cc740af8115a","ts":"2026-04-22T21:57:52.015067+00:00"}
{"category":"SENSOR","details":{"batch_ts":1776895072.2651,"sample_count":25},"device":"rpi-9a2f6ea2e358535b","event":"FIFO_READ","level":"INFO","seq":137,"sig":"31b68b3bae0f16e9","ts":"2026-04-22T21:57:52.265126+00:00"}
{"category":"SENSOR","details":{"batch_ts":1776895072.5151,"sample_count":25},"device":"rpi-9a2f6ea2e358535b","event":"FIFO_READ","level":"INFO","seq":138,"sig":"b566d0821f8744c6","ts":"2026-04-22T21:57:52.515075+00:00"}
{"category":"SENSOR","details":{"batch_ts":1776895072.7651,"sample_count":25},"device":"rpi-9a2f6ea2e358535b","event":"FIFO_READ","level":"INFO","seq":139,"sig":"ed6e369d28400bc0","ts":"2026-04-22T21:57:52.765071+00:00"}
{"category":"DATA","details":{"band_hz":[4.0,7.0],"batch_ts":1776895072.7651,"x_peak_g":0.004131,"x_peak_hz":4.0,"y_peak_g":0.006164,"y_peak_hz":4.0,"z_peak_g":0.003442,"z_peak_hz":5.0},"device":"rpi-9a2f6ea2e358535b","event":"FFT_RESULT","level":"INFO","seq":140,"sig":"c3379552a1711672","ts":"2026-04-22T21:57:52.765857+00:00"}
{"category":"SENSOR","details":{"batch_ts":1776895073.0142,"sample_count":24},"device":"rpi-9a2f6ea2e358535b","event":"FIFO_READ","level":"INFO","seq":141,"sig":"e66d3325db20b3e7","ts":"2026-04-22T21:57:53.014183+00:00"}
{"category":"SENSOR","details":{"batch_ts":1776895073.2651,"sample_count":25},"device":"rpi-9a2f6ea2e358535b","event":"FIFO_READ","level":"INFO","seq":142,"sig":"6adff0149b9a636b","ts":"2026-04-22T21:57:53.265117+00:00"}
{"category":"SENSOR","details":{"batch_ts":1776895073.5151,"sample_count":25},"device":"rpi-9a2f6ea2e358535b","event":"FIFO_READ","level":"INFO","seq":143,"sig":"87d5310056a9a9bd","ts":"2026-04-22T21:57:53.515095+00:00"}
{"category":"SENSOR","details":{"batch_ts":1776895073.7651,"sample_count":25},"device":"rpi-9a2f6ea2e358535b","event":"FIFO_READ","level":"INFO","seq":144,"sig":"de24227472d81096","ts":"2026-04-22T21:57:53.765089+00:00"}
{"category":"SENSOR","details":{"batch_ts":1776895074.0151,"sample_count":25},"device":"rpi-9a2f6ea2e358535b","event":"FIFO_READ","level":"INFO","seq":145,"sig":"fdae49484de6a8fb","ts":"2026-04-22T21:57:54.015075+00:00"}
{"category":"DATA","details":{"band_hz":[4.0,7.0],"batch_ts":1776895074.0151,"x_peak_g":0.002811,"x_peak_hz":5.0,"y_peak_g":0.003103,"y_peak_hz":5.0,"z_peak_g":0.002901,"z_peak_hz":4.0},"device":"rpi-9a2f6ea2e358535b","event":"FFT_RESULT","level":"INFO","seq":146,"sig":"db3a14d9f861a922","ts":"2026-04-22T21:57:54.015840+00:00"}
{"category":"SENSOR","details":{"batch_ts":1776895074.2651,"sample_count":25},"device":"rpi-9a2f6ea2e358535b","event":"FIFO_READ","level":"INFO","seq":147,"sig":"282e5faf12898d80","ts":"2026-04-22T21:57:54.265126+00:00"}
{"category":"SENSOR","details":{"batch_ts":1776895074.515,"sample_count":25},"device":"rpi-9a2f6ea2e358535b","event":"FIFO_READ","level":"INFO","seq":148,"sig":"db1f5ffa317f401c","ts":"2026-04-22T21:57:54.515060+00:00"}
{"category":"SENSOR","details":{"batch_ts":1776895074.7651,"sample_count":25},"device":"rpi-9a2f6ea2e358535b","event":"FIFO_READ","level":"INFO","seq":149,"sig":"2edd7b283c31ee28","ts":"2026-04-22T21:57:54.765074+00:00"}
{"category":"WATCHDOG","details":{"poll_count":120},"device":"rpi-9a2f6ea2e358535b","event":"HEARTBEAT","level":"DEBUG","seq":150,"sig":"7d06ec33c3d3805f","ts":"2026-04-22T21:57:54.765667+00:00"}
{"category":"SYSTEM","details":{"reason":"KeyboardInterrupt","total_polls":120},"device":"rpi-9a2f6ea2e358535b","event":"DEVICE_SHUTDOWN","level":"INFO","seq":151,"sig":"fce8d5471542b99a","ts":"2026-04-22T21:57:54.999244+00:00"}
{"category":"SYSTEM","details":{"fft_buffer_size":100,"poll_interval_s":0.25},"device":"rpi-9a2f6ea2e358535b","event":"DEVICE_BOOT","level":"INFO","seq":1,"sig":"443550cb79942c64","ts":"2026-04-22T22:03:03.393690+00:00"}
{"category":"SENSOR","details":{"addr_hex":"0x53","fifo_mode":"stream","odr_hz":100,"range_g":16,"scale_g_lsb":0.004,"watermark":25},"device":"rpi-9a2f6ea2e358535b","event":"SENSOR_INIT","level":"INFO","seq":2,"sig":"5d267f8d684ede6c","ts":"2026-04-22T22:03:03.395625+00:00"}
{"category":"SENSOR","details":{"batch_ts":1776895383.6681,"sample_count":25},"device":"rpi-9a2f6ea2e358535b","event":"FIFO_READ","level":"INFO","seq":3,"sig":"fcb70062a005e1f5","ts":"2026-04-22T22:03:03.668146+00:00"}
{"category":"NETWORK","details":{"error":"name 'client' is not defined","sample_ts":1776895383.4181,"topic":"sensors/adxl345/raw"},"device":"rpi-9a2f6ea2e358535b","event":"MQTT_PUBLISH_FAILED","level":"ERROR","seq":4,"sig":"3e4d9a576ed711b0","ts":"2026-04-22T22:03:03.668353+00:00"}
{"category":"NETWORK","details":{"error":"name 'client' is not defined","sample_ts":1776895383.4281,"topic":"sensors/adxl345/raw"},"device":"rpi-9a2f6ea2e358535b","event":"MQTT_PUBLISH_FAILED","level":"ERROR","seq":5,"sig":"5a4f952047da40cd","ts":"2026-04-22T22:03:03.668523+00:00"}
{"category":"NETWORK","details":{"error":"name 'client' is not defined","sample_ts":1776895383.4381,"topic":"sensors/adxl345/raw"},"device":"rpi-9a2f6ea2e358535b","event":"MQTT_PUBLISH_FAILED","level":"ERROR","seq":6,"sig":"15ea369b4e3c1eb3","ts":"2026-04-22T22:03:03.668658+00:00"}
{"category":"NETWORK","details":{"error":"name 'client' is not defined","sample_ts":1776895383.4481,"topic":"sensors/adxl345/raw"},"device":"rpi-9a2f6ea2e358535b","event":"MQTT_PUBLISH_FAILED","level":"ERROR","seq":7,"sig":"b00031dddaa0a4ca","ts":"2026-04-22T22:03:03.668793+00:00"}
{"category":"NETWORK","details":{"error":"name 'client' is not defined","sample_ts":1776895383.4581,"topic":"sensors/adxl345/raw"},"device":"rpi-9a2f6ea2e358535b","event":"MQTT_PUBLISH_FAILED","level":"ERROR","seq":8,"sig":"cb58eeb081455b95","ts":"2026-04-22T22:03:03.668903+00:00"}
{"category":"NETWORK","details":{"error":"name 'client' is not defined","sample_ts":1776895383.4681,"topic":"sensors/adxl345/raw"},"device":"rpi-9a2f6ea2e358535b","event":"MQTT_PUBLISH_FAILED","level":"ERROR","seq":9,"sig":"ec9e1ecc7eec9c45","ts":"2026-04-22T22:03:03.668999+00:00"}
{"category":"NETWORK","details":{"error":"name 'client' is not defined","sample_ts":1776895383.4781,"topic":"sensors/adxl345/raw"},"device":"rpi-9a2f6ea2e358535b","event":"MQTT_PUBLISH_FAILED","level":"ERROR","seq":10,"sig":"9102e50527ec1a1f","ts":"2026-04-22T22:03:03.669082+00:00"}
{"category":"NETWORK","details":{"error":"name 'client' is not defined","sample_ts":1776895383.4881,"topic":"sensors/adxl345/raw"},"device":"rpi-9a2f6ea2e358535b","event":"MQTT_PUBLISH_FAILED","level":"ERROR","seq":11,"sig":"450e4744ea39e73f","ts":"2026-04-22T22:03:03.669160+00:00"}
{"category":"NETWORK","details":{"error":"name 'client' is not defined","sample_ts":1776895383.4981,"topic":"sensors/adxl345/raw"},"device":"rpi-9a2f6ea2e358535b","event":"MQTT_PUBLISH_FAILED","level":"ERROR","seq":12,"sig":"65acc902eaf624be","ts":"2026-04-22T22:03:03.669232+00:00"}
{"category":"NETWORK","details":{"error":"name 'client' is not defined","sample_ts":1776895383.5081,"topic":"sensors/adxl345/raw"},"device":"rpi-9a2f6ea2e358535b","event":"MQTT_PUBLISH_FAILED","level":"ERROR","seq":13,"sig":"66153b598fb8aafd","ts":"2026-04-22T22:03:03.669305+00:00"}
{"category":"NETWORK","details":{"error":"name 'client' is not defined","sample_ts":1776895383.5181,"topic":"sensors/adxl345/raw"},"device":"rpi-9a2f6ea2e358535b","event":"MQTT_PUBLISH_FAILED","level":"ERROR","seq":14,"sig":"d1908f1a82e9cfa7","ts":"2026-04-22T22:03:03.669375+00:00"}
{"category":"NETWORK","details":{"error":"name 'client' is not defined","sample_ts":1776895383.5281,"topic":"sensors/adxl345/raw"},"device":"rpi-9a2f6ea2e358535b","event":"MQTT_PUBLISH_FAILED","level":"ERROR","seq":15,"sig":"2dd31fe0aed57b81","ts":"2026-04-22T22:03:03.669447+00:00"}
{"category":"NETWORK","details":{"error":"name 'client' is not defined","sample_ts":1776895383.5381,"topic":"sensors/adxl345/raw"},"device":"rpi-9a2f6ea2e358535b","event":"MQTT_PUBLISH_FAILED","level":"ERROR","seq":16,"sig":"50d3c1dbd485cec6","ts":"2026-04-22T22:03:03.669516+00:00"}
{"category":"NETWORK","details":{"error":"name 'client' is not defined","sample_ts":1776895383.5481,"topic":"sensors/adxl345/raw"},"device":"rpi-9a2f6ea2e358535b","event":"MQTT_PUBLISH_FAILED","level":"ERROR","seq":17,"sig":"971ad19eeed142fd","ts":"2026-04-22T22:03:03.669592+00:00"}
{"category":"NETWORK","details":{"error":"name 'client' is not defined","sample_ts":1776895383.5581,"topic":"sensors/adxl345/raw"},"device":"rpi-9a2f6ea2e358535b","event":"MQTT_PUBLISH_FAILED","level":"ERROR","seq":18,"sig":"ffd2dbe5b37fdc98","ts":"2026-04-22T22:03:03.669665+00:00"}
{"category":"NETWORK","details":{"error":"name 'client' is not defined","sample_ts":1776895383.5681,"topic":"sensors/adxl345/raw"},"device":"rpi-9a2f6ea2e358535b","event":"MQTT_PUBLISH_FAILED","level":"ERROR","seq":19,"sig":"693ed2116c177c25","ts":"2026-04-22T22:03:03.669738+00:00"}
{"category":"NETWORK","details":{"error":"name 'client' is not defined","sample_ts":1776895383.5781,"topic":"sensors/adxl345/raw"},"device":"rpi-9a2f6ea2e358535b","event":"MQTT_PUBLISH_FAILED","level":"ERROR","seq":20,"sig":"826702b57e739934","ts":"2026-04-22T22:03:03.669806+00:00"}
{"category":"NETWORK","details":{"error":"name 'client' is not defined","sample_ts":1776895383.5881,"topic":"sensors/adxl345/raw"},"device":"rpi-9a2f6ea2e358535b","event":"MQTT_PUBLISH_FAILED","level":"ERROR","seq":21,"sig":"36fd2e5c9307a641","ts":"2026-04-22T22:03:03.669881+00:00"}
{"category":"NETWORK","details":{"error":"name 'client' is not defined","sample_ts":1776895383.5981,"topic":"sensors/adxl345/raw"},"device":"rpi-9a2f6ea2e358535b","event":"MQTT_PUBLISH_FAILED","level":"ERROR","seq":22,"sig":"8392cc0211489d16","ts":"2026-04-22T22:03:03.669962+00:00"}
{"category":"NETWORK","details":{"error":"name 'client' is not defined","sample_ts":1776895383.6081,"topic":"sensors/adxl345/raw"},"device":"rpi-9a2f6ea2e358535b","event":"MQTT_PUBLISH_FAILED","level":"ERROR","seq":23,"sig":"b9b82d7d9680ff24","ts":"2026-04-22T22:03:03.670036+00:00"}
{"category":"NETWORK","details":{"error":"name 'client' is not defined","sample_ts":1776895383.6181,"topic":"sensors/adxl345/raw"},"device":"rpi-9a2f6ea2e358535b","event":"MQTT_PUBLISH_FAILED","level":"ERROR","seq":24,"sig":"25636e6cd30cccf4","ts":"2026-04-22T22:03:03.670105+00:00"}
{"category":"NETWORK","details":{"error":"name 'client' is not defined","sample_ts":1776895383.6281,"topic":"sensors/adxl345/raw"},"device":"rpi-9a2f6ea2e358535b","event":"MQTT_PUBLISH_FAILED","level":"ERROR","seq":25,"sig":"8fa6f6ac3c693476","ts":"2026-04-22T22:03:03.670174+00:00"}
{"category":"NETWORK","details":{"error":"name 'client' is not defined","sample_ts":1776895383.6381,"topic":"sensors/adxl345/raw"},"device":"rpi-9a2f6ea2e358535b","event":"MQTT_PUBLISH_FAILED","level":"ERROR","seq":26,"sig":"7a9512a7a715f034","ts":"2026-04-22T22:03:03.670241+00:00"}
{"category":"NETWORK","details":{"error":"name 'client' is not defined","sample_ts":1776895383.6481,"topic":"sensors/adxl345/raw"},"device":"rpi-9a2f6ea2e358535b","event":"MQTT_PUBLISH_FAILED","level":"ERROR","seq":27,"sig":"50330518f0507c35","ts":"2026-04-22T22:03:03.670308+00:00"}
{"category":"NETWORK","details":{"error":"name 'client' is not defined","sample_ts":1776895383.6581,"topic":"sensors/adxl345/raw"},"device":"rpi-9a2f6ea2e358535b","event":"MQTT_PUBLISH_FAILED","level":"ERROR","seq":28,"sig":"42a45c0bcd7beaf1","ts":"2026-04-22T22:03:03.670377+00:00"}
{"category":"SENSOR","details":{"batch_ts":1776895383.9173,"sample_count":24},"device":"rpi-9a2f6ea2e358535b","event":"FIFO_READ","level":"INFO","seq":29,"sig":"8f5d2e312083c66d","ts":"2026-04-22T22:03:03.917266+00:00"}
{"category":"NETWORK","details":{"error":"name 'client' is not defined","sample_ts":1776895383.6773,"topic":"sensors/adxl345/raw"},"device":"rpi-9a2f6ea2e358535b","event":"MQTT_PUBLISH_FAILED","level":"ERROR","seq":30,"sig":"3b09267f4798a7bb","ts":"2026-04-22T22:03:03.917428+00:00"}
{"category":"NETWORK","details":{"error":"name 'client' is not defined","sample_ts":1776895383.6873,"topic":"sensors/adxl345/raw"},"device":"rpi-9a2f6ea2e358535b","event":"MQTT_PUBLISH_FAILED","level":"ERROR","seq":31,"sig":"e061326019e0a95e","ts":"2026-04-22T22:03:03.917563+00:00"}
{"category":"NETWORK","details":{"error":"name 'client' is not defined","sample_ts":1776895383.6973,"topic":"sensors/adxl345/raw"},"device":"rpi-9a2f6ea2e358535b","event":"MQTT_PUBLISH_FAILED","level":"ERROR","seq":32,"sig":"a3baf33f55bffa2a","ts":"2026-04-22T22:03:03.917675+00:00"}
{"category":"NETWORK","details":{"error":"name 'client' is not defined","sample_ts":1776895383.7073,"topic":"sensors/adxl345/raw"},"device":"rpi-9a2f6ea2e358535b","event":"MQTT_PUBLISH_FAILED","level":"ERROR","seq":33,"sig":"3689045529444934","ts":"2026-04-22T22:03:03.917775+00:00"}
{"category":"NETWORK","details":{"error":"name 'client' is not defined","sample_ts":1776895383.7173,"topic":"sensors/adxl345/raw"},"device":"rpi-9a2f6ea2e358535b","event":"MQTT_PUBLISH_FAILED","level":"ERROR","seq":34,"sig":"0ee0fa7afc083269","ts":"2026-04-22T22:03:03.917865+00:00"}
{"category":"NETWORK","details":{"error":"name 'client' is not defined","sample_ts":1776895383.7273,"topic":"sensors/adxl345/raw"},"device":"rpi-9a2f6ea2e358535b","event":"MQTT_PUBLISH_FAILED","level":"ERROR","seq":35,"sig":"46f471522307f99f","ts":"2026-04-22T22:03:03.917950+00:00"}
{"category":"NETWORK","details":{"error":"name 'client' is not defined","sample_ts":1776895383.7373,"topic":"sensors/adxl345/raw"},"device":"rpi-9a2f6ea2e358535b","event":"MQTT_PUBLISH_FAILED","level":"ERROR","seq":36,"sig":"375a2248d6a91870","ts":"2026-04-22T22:03:03.918038+00:00"}
{"category":"NETWORK","details":{"error":"name 'client' is not defined","sample_ts":1776895383.7473,"topic":"sensors/adxl345/raw"},"device":"rpi-9a2f6ea2e358535b","event":"MQTT_PUBLISH_FAILED","level":"ERROR","seq":37,"sig":"ca1d655f102073ff","ts":"2026-04-22T22:03:03.918124+00:00"}
{"category":"NETWORK","details":{"error":"name 'client' is not defined","sample_ts":1776895383.7573,"topic":"sensors/adxl345/raw"},"device":"rpi-9a2f6ea2e358535b","event":"MQTT_PUBLISH_FAILED","level":"ERROR","seq":38,"sig":"5f5b936f23bbc021","ts":"2026-04-22T22:03:03.918210+00:00"}
{"category":"NETWORK","details":{"error":"name 'client' is not defined","sample_ts":1776895383.7673,"topic":"sensors/adxl345/raw"},"device":"rpi-9a2f6ea2e358535b","event":"MQTT_PUBLISH_FAILED","level":"ERROR","seq":39,"sig":"66934651ddfb7776","ts":"2026-04-22T22:03:03.918293+00:00"}
{"category":"NETWORK","details":{"error":"name 'client' is not defined","sample_ts":1776895383.7773,"topic":"sensors/adxl345/raw"},"device":"rpi-9a2f6ea2e358535b","event":"MQTT_PUBLISH_FAILED","level":"ERROR","seq":40,"sig":"411aad834fac3a17","ts":"2026-04-22T22:03:03.918378+00:00"}
{"category":"NETWORK","details":{"error":"name 'client' is not defined","sample_ts":1776895383.7873,"topic":"sensors/adxl345/raw"},"device":"rpi-9a2f6ea2e358535b","event":"MQTT_PUBLISH_FAILED","level":"ERROR","seq":41,"sig":"6b9c7d567b9fc036","ts":"2026-04-22T22:03:03.918461+00:00"}
{"category":"NETWORK","details":{"error":"name 'client' is not defined","sample_ts":1776895383.7973,"topic":"sensors/adxl345/raw"},"device":"rpi-9a2f6ea2e358535b","event":"MQTT_PUBLISH_FAILED","level":"ERROR","seq":42,"sig":"19e00172c882052c","ts":"2026-04-22T22:03:03.918544+00:00"}
{"category":"NETWORK","details":{"error":"name 'client' is not defined","sample_ts":1776895383.8073,"topic":"sensors/adxl345/raw"},"device":"rpi-9a2f6ea2e358535b","event":"MQTT_PUBLISH_FAILED","level":"ERROR","seq":43,"sig":"47e9a65f01e59ac1","ts":"2026-04-22T22:03:03.918629+00:00"}
{"category":"NETWORK","details":{"error":"name 'client' is not defined","sample_ts":1776895383.8173,"topic":"sensors/adxl345/raw"},"device":"rpi-9a2f6ea2e358535b","event":"MQTT_PUBLISH_FAILED","level":"ERROR","seq":44,"sig":"35b04357bcc7e53f","ts":"2026-04-22T22:03:03.918711+00:00"}
{"category":"NETWORK","details":{"error":"name 'client' is not defined","sample_ts":1776895383.8273,"topic":"sensors/adxl345/raw"},"device":"rpi-9a2f6ea2e358535b","event":"MQTT_PUBLISH_FAILED","level":"ERROR","seq":45,"sig":"2cf387b2870abea5","ts":"2026-04-22T22:03:03.918795+00:00"}
{"category":"NETWORK","details":{"error":"name 'client' is not defined","sample_ts":1776895383.8373,"topic":"sensors/adxl345/raw"},"device":"rpi-9a2f6ea2e358535b","event":"MQTT_PUBLISH_FAILED","level":"ERROR","seq":46,"sig":"68521fd518da3468","ts":"2026-04-22T22:03:03.918877+00:00"}
{"category":"NETWORK","details":{"error":"name 'client' is not defined","sample_ts":1776895383.8473,"topic":"sensors/adxl345/raw"},"device":"rpi-9a2f6ea2e358535b","event":"MQTT_PUBLISH_FAILED","level":"ERROR","seq":47,"sig":"dea7620528f45544","ts":"2026-04-22T22:03:03.918959+00:00"}
{"category":"NETWORK","details":{"error":"name 'client' is not defined","sample_ts":1776895383.8573,"topic":"sensors/adxl345/raw"},"device":"rpi-9a2f6ea2e358535b","event":"MQTT_PUBLISH_FAILED","level":"ERROR","seq":48,"sig":"c29ad705cc0940a3","ts":"2026-04-22T22:03:03.919056+00:00"}
{"category":"NETWORK","details":{"error":"name 'client' is not defined","sample_ts":1776895383.8673,"topic":"sensors/adxl345/raw"},"device":"rpi-9a2f6ea2e358535b","event":"MQTT_PUBLISH_FAILED","level":"ERROR","seq":49,"sig":"158933be9f949f5b","ts":"2026-04-22T22:03:03.919140+00:00"}
{"category":"NETWORK","details":{"error":"name 'client' is not defined","sample_ts":1776895383.8773,"topic":"sensors/adxl345/raw"},"device":"rpi-9a2f6ea2e358535b","event":"MQTT_PUBLISH_FAILED","level":"ERROR","seq":50,"sig":"7a110217cb7715a1","ts":"2026-04-22T22:03:03.919223+00:00"}
{"category":"NETWORK","details":{"error":"name 'client' is not defined","sample_ts":1776895383.8873,"topic":"sensors/adxl345/raw"},"device":"rpi-9a2f6ea2e358535b","event":"MQTT_PUBLISH_FAILED","level":"ERROR","seq":51,"sig":"90f809ee4330882a","ts":"2026-04-22T22:03:03.919304+00:00"}
{"category":"NETWORK","details":{"error":"name 'client' is not defined","sample_ts":1776895383.8973,"topic":"sensors/adxl345/raw"},"device":"rpi-9a2f6ea2e358535b","event":"MQTT_PUBLISH_FAILED","level":"ERROR","seq":52,"sig":"a5ca546ec3cbb6cf","ts":"2026-04-22T22:03:03.919385+00:00"}
{"category":"NETWORK","details":{"error":"name 'client' is not defined","sample_ts":1776895383.9073,"topic":"sensors/adxl345/raw"},"device":"rpi-9a2f6ea2e358535b","event":"MQTT_PUBLISH_FAILED","level":"ERROR","seq":53,"sig":"00af82dafdc17087","ts":"2026-04-22T22:03:03.919466+00:00"}
{"category":"SENSOR","details":{"batch_ts":1776895384.1681,"sample_count":25},"device":"rpi-9a2f6ea2e358535b","event":"FIFO_READ","level":"INFO","seq":54,"sig":"457aa2f37a918d81","ts":"2026-04-22T22:03:04.168142+00:00"}
{"category":"NETWORK","details":{"error":"name 'client' is not defined","sample_ts":1776895383.9181,"topic":"sensors/adxl345/raw"},"device":"rpi-9a2f6ea2e358535b","event":"MQTT_PUBLISH_FAILED","level":"ERROR","seq":55,"sig":"ff793810261f3b7e","ts":"2026-04-22T22:03:04.168297+00:00"}
{"category":"NETWORK","details":{"error":"name 'client' is not defined","sample_ts":1776895383.9281,"topic":"sensors/adxl345/raw"},"device":"rpi-9a2f6ea2e358535b","event":"MQTT_PUBLISH_FAILED","level":"ERROR","seq":56,"sig":"31a987227f031fe4","ts":"2026-04-22T22:03:04.168409+00:00"}
{"category":"NETWORK","details":{"error":"name 'client' is not defined","sample_ts":1776895383.9381,"topic":"sensors/adxl345/raw"},"device":"rpi-9a2f6ea2e358535b","event":"MQTT_PUBLISH_FAILED","level":"ERROR","seq":57,"sig":"665e083feb982c93","ts":"2026-04-22T22:03:04.168506+00:00"}
{"category":"NETWORK","details":{"error":"name 'client' is not defined","sample_ts":1776895383.9481,"topic":"sensors/adxl345/raw"},"device":"rpi-9a2f6ea2e358535b","event":"MQTT_PUBLISH_FAILED","level":"ERROR","seq":58,"sig":"5217f8040061f741","ts":"2026-04-22T22:03:04.168594+00:00"}
{"category":"NETWORK","details":{"error":"name 'client' is not defined","sample_ts":1776895383.9581,"topic":"sensors/adxl345/raw"},"device":"rpi-9a2f6ea2e358535b","event":"MQTT_PUBLISH_FAILED","level":"ERROR","seq":59,"sig":"4f749a84e02a576d","ts":"2026-04-22T22:03:04.168718+00:00"}
{"category":"NETWORK","details":{"error":"name 'client' is not defined","sample_ts":1776895383.9681,"topic":"sensors/adxl345/raw"},"device":"rpi-9a2f6ea2e358535b","event":"MQTT_PUBLISH_FAILED","level":"ERROR","seq":60,"sig":"9e67d4d3661a3c99","ts":"2026-04-22T22:03:04.168811+00:00"}
{"category":"NETWORK","details":{"error":"name 'client' is not defined","sample_ts":1776895383.9781,"topic":"sensors/adxl345/raw"},"device":"rpi-9a2f6ea2e358535b","event":"MQTT_PUBLISH_FAILED","level":"ERROR","seq":61,"sig":"5e7c8fccf2d35230","ts":"2026-04-22T22:03:04.168898+00:00"}
{"category":"NETWORK","details":{"error":"name 'client' is not defined","sample_ts":1776895383.9881,"topic":"sensors/adxl345/raw"},"device":"rpi-9a2f6ea2e358535b","event":"MQTT_PUBLISH_FAILED","level":"ERROR","seq":62,"sig":"af839362f73d5fc0","ts":"2026-04-22T22:03:04.169040+00:00"}
{"category":"NETWORK","details":{"error":"name 'client' is not defined","sample_ts":1776895383.9981,"topic":"sensors/adxl345/raw"},"device":"rpi-9a2f6ea2e358535b","event":"MQTT_PUBLISH_FAILED","level":"ERROR","seq":63,"sig":"c5f53ddba3759d22","ts":"2026-04-22T22:03:04.169174+00:00"}
{"category":"NETWORK","details":{"error":"name 'client' is not defined","sample_ts":1776895384.0081,"topic":"sensors/adxl345/raw"},"device":"rpi-9a2f6ea2e358535b","event":"MQTT_PUBLISH_FAILED","level":"ERROR","seq":64,"sig":"4a8db12e74ac2890","ts":"2026-04-22T22:03:04.169275+00:00"}
{"category":"NETWORK","details":{"error":"name 'client' is not defined","sample_ts":1776895384.0181,"topic":"sensors/adxl345/raw"},"device":"rpi-9a2f6ea2e358535b","event":"MQTT_PUBLISH_FAILED","level":"ERROR","seq":65,"sig":"ebfb10d0c51798a0","ts":"2026-04-22T22:03:04.169398+00:00"}
{"category":"NETWORK","details":{"error":"name 'client' is not defined","sample_ts":1776895384.0281,"topic":"sensors/adxl345/raw"},"device":"rpi-9a2f6ea2e358535b","event":"MQTT_PUBLISH_FAILED","level":"ERROR","seq":66,"sig":"b4ce925e221da9d7","ts":"2026-04-22T22:03:04.169506+00:00"}
{"category":"NETWORK","details":{"error":"name 'client' is not defined","sample_ts":1776895384.0381,"topic":"sensors/adxl345/raw"},"device":"rpi-9a2f6ea2e358535b","event":"MQTT_PUBLISH_FAILED","level":"ERROR","seq":67,"sig":"3bd18dc338dade58","ts":"2026-04-22T22:03:04.169606+00:00"}
{"category":"NETWORK","details":{"error":"name 'client' is not defined","sample_ts":1776895384.0481,"topic":"sensors/adxl345/raw"},"device":"rpi-9a2f6ea2e358535b","event":"MQTT_PUBLISH_FAILED","level":"ERROR","seq":68,"sig":"33dac0437d44d15e","ts":"2026-04-22T22:03:04.169705+00:00"}
{"category":"NETWORK","details":{"error":"name 'client' is not defined","sample_ts":1776895384.0581,"topic":"sensors/adxl345/raw"},"device":"rpi-9a2f6ea2e358535b","event":"MQTT_PUBLISH_FAILED","level":"ERROR","seq":69,"sig":"455641b5a7e72367","ts":"2026-04-22T22:03:04.169809+00:00"}
{"category":"NETWORK","details":{"error":"name 'client' is not defined","sample_ts":1776895384.0681,"topic":"sensors/adxl345/raw"},"device":"rpi-9a2f6ea2e358535b","event":"MQTT_PUBLISH_FAILED","level":"ERROR","seq":70,"sig":"a8308e455da7b09b","ts":"2026-04-22T22:03:04.169916+00:00"}
{"category":"NETWORK","details":{"error":"name 'client' is not defined","sample_ts":1776895384.0781,"topic":"sensors/adxl345/raw"},"device":"rpi-9a2f6ea2e358535b","event":"MQTT_PUBLISH_FAILED","level":"ERROR","seq":71,"sig":"98942a9559f90ba0","ts":"2026-04-22T22:03:04.170018+00:00"}
{"category":"NETWORK","details":{"error":"name 'client' is not defined","sample_ts":1776895384.0881,"topic":"sensors/adxl345/raw"},"device":"rpi-9a2f6ea2e358535b","event":"MQTT_PUBLISH_FAILED","level":"ERROR","seq":72,"sig":"a56dbc61ee1a4926","ts":"2026-04-22T22:03:04.170112+00:00"}
{"category":"NETWORK","details":{"error":"name 'client' is not defined","sample_ts":1776895384.0981,"topic":"sensors/adxl345/raw"},"device":"rpi-9a2f6ea2e358535b","event":"MQTT_PUBLISH_FAILED","level":"ERROR","seq":73,"sig":"81c9bf1dba310ea2","ts":"2026-04-22T22:03:04.170195+00:00"}
{"category":"NETWORK","details":{"error":"name 'client' is not defined","sample_ts":1776895384.1081,"topic":"sensors/adxl345/raw"},"device":"rpi-9a2f6ea2e358535b","event":"MQTT_PUBLISH_FAILED","level":"ERROR","seq":74,"sig":"b8dc0bf04ea98123","ts":"2026-04-22T22:03:04.170277+00:00"}
{"category":"NETWORK","details":{"error":"name 'client' is not defined","sample_ts":1776895384.1181,"topic":"sensors/adxl345/raw"},"device":"rpi-9a2f6ea2e358535b","event":"MQTT_PUBLISH_FAILED","level":"ERROR","seq":75,"sig":"298da729343ce89b","ts":"2026-04-22T22:03:04.170359+00:00"}
{"category":"NETWORK","details":{"error":"name 'client' is not defined","sample_ts":1776895384.1281,"topic":"sensors/adxl345/raw"},"device":"rpi-9a2f6ea2e358535b","event":"MQTT_PUBLISH_FAILED","level":"ERROR","seq":76,"sig":"0add332464bf3be3","ts":"2026-04-22T22:03:04.170440+00:00"}
{"category":"NETWORK","details":{"error":"name 'client' is not defined","sample_ts":1776895384.1381,"topic":"sensors/adxl345/raw"},"device":"rpi-9a2f6ea2e358535b","event":"MQTT_PUBLISH_FAILED","level":"ERROR","seq":77,"sig":"f1236931f84c04e5","ts":"2026-04-22T22:03:04.170527+00:00"}
{"category":"NETWORK","details":{"error":"name 'client' is not defined","sample_ts":1776895384.1481,"topic":"sensors/adxl345/raw"},"device":"rpi-9a2f6ea2e358535b","event":"MQTT_PUBLISH_FAILED","level":"ERROR","seq":78,"sig":"b66d183eff158b51","ts":"2026-04-22T22:03:04.170610+00:00"}
{"category":"NETWORK","details":{"error":"name 'client' is not defined","sample_ts":1776895384.1581,"topic":"sensors/adxl345/raw"},"device":"rpi-9a2f6ea2e358535b","event":"MQTT_PUBLISH_FAILED","level":"ERROR","seq":79,"sig":"8a81d1fdfc25c0d9","ts":"2026-04-22T22:03:04.170691+00:00"}
{"category":"SENSOR","details":{"batch_ts":1776895384.4182,"sample_count":25},"device":"rpi-9a2f6ea2e358535b","event":"FIFO_READ","level":"INFO","seq":80,"sig":"ec7bf6291b5b846b","ts":"2026-04-22T22:03:04.418163+00:00"}
{"category":"NETWORK","details":{"error":"name 'client' is not defined","sample_ts":1776895384.1682,"topic":"sensors/adxl345/raw"},"device":"rpi-9a2f6ea2e358535b","event":"MQTT_PUBLISH_FAILED","level":"ERROR","seq":81,"sig":"8bb457572d218ca3","ts":"2026-04-22T22:03:04.418375+00:00"}
{"category":"NETWORK","details":{"error":"name 'client' is not defined","sample_ts":1776895384.1782,"topic":"sensors/adxl345/raw"},"device":"rpi-9a2f6ea2e358535b","event":"MQTT_PUBLISH_FAILED","level":"ERROR","seq":82,"sig":"d56ee6d8b3537df3","ts":"2026-04-22T22:03:04.418523+00:00"}
{"category":"NETWORK","details":{"error":"name 'client' is not defined","sample_ts":1776895384.1882,"topic":"sensors/adxl345/raw"},"device":"rpi-9a2f6ea2e358535b","event":"MQTT_PUBLISH_FAILED","level":"ERROR","seq":83,"sig":"9befe27bdf503432","ts":"2026-04-22T22:03:04.418635+00:00"}
{"category":"NETWORK","details":{"error":"name 'client' is not defined","sample_ts":1776895384.1982,"topic":"sensors/adxl345/raw"},"device":"rpi-9a2f6ea2e358535b","event":"MQTT_PUBLISH_FAILED","level":"ERROR","seq":84,"sig":"5ec0a8d37d525b7f","ts":"2026-04-22T22:03:04.418734+00:00"}
{"category":"NETWORK","details":{"error":"name 'client' is not defined","sample_ts":1776895384.2082,"topic":"sensors/adxl345/raw"},"device":"rpi-9a2f6ea2e358535b","event":"MQTT_PUBLISH_FAILED","level":"ERROR","seq":85,"sig":"233668f358eec8df","ts":"2026-04-22T22:03:04.418827+00:00"}
{"category":"NETWORK","details":{"error":"name 'client' is not defined","sample_ts":1776895384.2182,"topic":"sensors/adxl345/raw"},"device":"rpi-9a2f6ea2e358535b","event":"MQTT_PUBLISH_FAILED","level":"ERROR","seq":86,"sig":"6eb440e0fbff5a0b","ts":"2026-04-22T22:03:04.418919+00:00"}
{"category":"NETWORK","details":{"error":"name 'client' is not defined","sample_ts":1776895384.2282,"topic":"sensors/adxl345/raw"},"device":"rpi-9a2f6ea2e358535b","event":"MQTT_PUBLISH_FAILED","level":"ERROR","seq":87,"sig":"2468c7abbca239ca","ts":"2026-04-22T22:03:04.419008+00:00"}
{"category":"NETWORK","details":{"error":"name 'client' is not defined","sample_ts":1776895384.2382,"topic":"sensors/adxl345/raw"},"device":"rpi-9a2f6ea2e358535b","event":"MQTT_PUBLISH_FAILED","level":"ERROR","seq":88,"sig":"67eab5c2687ba4ff","ts":"2026-04-22T22:03:04.419097+00:00"}
{"category":"NETWORK","details":{"error":"name 'client' is not defined","sample_ts":1776895384.2482,"topic":"sensors/adxl345/raw"},"device":"rpi-9a2f6ea2e358535b","event":"MQTT_PUBLISH_FAILED","level":"ERROR","seq":89,"sig":"2478e9878637d9b0","ts":"2026-04-22T22:03:04.419182+00:00"}
{"category":"NETWORK","details":{"error":"name 'client' is not defined","sample_ts":1776895384.2582,"topic":"sensors/adxl345/raw"},"device":"rpi-9a2f6ea2e358535b","event":"MQTT_PUBLISH_FAILED","level":"ERROR","seq":90,"sig":"7bc8f7a959a842d9","ts":"2026-04-22T22:03:04.419265+00:00"}
{"category":"NETWORK","details":{"error":"name 'client' is not defined","sample_ts":1776895384.2682,"topic":"sensors/adxl345/raw"},"device":"rpi-9a2f6ea2e358535b","event":"MQTT_PUBLISH_FAILED","level":"ERROR","seq":91,"sig":"23ab1e90fa407dd9","ts":"2026-04-22T22:03:04.419349+00:00"}
{"category":"NETWORK","details":{"error":"name 'client' is not defined","sample_ts":1776895384.2782,"topic":"sensors/adxl345/raw"},"device":"rpi-9a2f6ea2e358535b","event":"MQTT_PUBLISH_FAILED","level":"ERROR","seq":92,"sig":"f1df5e66f9171c5c","ts":"2026-04-22T22:03:04.419432+00:00"}
{"category":"NETWORK","details":{"error":"name 'client' is not defined","sample_ts":1776895384.2882,"topic":"sensors/adxl345/raw"},"device":"rpi-9a2f6ea2e358535b","event":"MQTT_PUBLISH_FAILED","level":"ERROR","seq":93,"sig":"73367e00a1e979a1","ts":"2026-04-22T22:03:04.419501+00:00"}
{"category":"NETWORK","details":{"error":"name 'client' is not defined","sample_ts":1776895384.2982,"topic":"sensors/adxl345/raw"},"device":"rpi-9a2f6ea2e358535b","event":"MQTT_PUBLISH_FAILED","level":"ERROR","seq":94,"sig":"ee878fcf1eae8deb","ts":"2026-04-22T22:03:04.419568+00:00"}
{"category":"NETWORK","details":{"error":"name 'client' is not defined","sample_ts":1776895384.3082,"topic":"sensors/adxl345/raw"},"device":"rpi-9a2f6ea2e358535b","event":"MQTT_PUBLISH_FAILED","level":"ERROR","seq":95,"sig":"bd6565191aa69d7f","ts":"2026-04-22T22:03:04.419633+00:00"}
{"category":"NETWORK","details":{"error":"name 'client' is not defined","sample_ts":1776895384.3182,"topic":"sensors/adxl345/raw"},"device":"rpi-9a2f6ea2e358535b","event":"MQTT_PUBLISH_FAILED","level":"ERROR","seq":96,"sig":"553c7276115a1c39","ts":"2026-04-22T22:03:04.419699+00:00"}
{"category":"NETWORK","details":{"error":"name 'client' is not defined","sample_ts":1776895384.3282,"topic":"sensors/adxl345/raw"},"device":"rpi-9a2f6ea2e358535b","event":"MQTT_PUBLISH_FAILED","level":"ERROR","seq":97,"sig":"e9463e89a2fb707f","ts":"2026-04-22T22:03:04.419764+00:00"}
{"category":"NETWORK","details":{"error":"name 'client' is not defined","sample_ts":1776895384.3382,"topic":"sensors/adxl345/raw"},"device":"rpi-9a2f6ea2e358535b","event":"MQTT_PUBLISH_FAILED","level":"ERROR","seq":98,"sig":"faff6eb27d2dbc6f","ts":"2026-04-22T22:03:04.419828+00:00"}
{"category":"NETWORK","details":{"error":"name 'client' is not defined","sample_ts":1776895384.3482,"topic":"sensors/adxl345/raw"},"device":"rpi-9a2f6ea2e358535b","event":"MQTT_PUBLISH_FAILED","level":"ERROR","seq":99,"sig":"ccbe616b7b7f299a","ts":"2026-04-22T22:03:04.419894+00:00"}
{"category":"NETWORK","details":{"error":"name 'client' is not defined","sample_ts":1776895384.3582,"topic":"sensors/adxl345/raw"},"device":"rpi-9a2f6ea2e358535b","event":"MQTT_PUBLISH_FAILED","level":"ERROR","seq":100,"sig":"c3723cb936471242","ts":"2026-04-22T22:03:04.419960+00:00"}
{"category":"NETWORK","details":{"error":"name 'client' is not defined","sample_ts":1776895384.3682,"topic":"sensors/adxl345/raw"},"device":"rpi-9a2f6ea2e358535b","event":"MQTT_PUBLISH_FAILED","level":"ERROR","seq":101,"sig":"6b808ddb7c4a0388","ts":"2026-04-22T22:03:04.420024+00:00"}
{"category":"NETWORK","details":{"error":"name 'client' is not defined","sample_ts":1776895384.3782,"topic":"sensors/adxl345/raw"},"device":"rpi-9a2f6ea2e358535b","event":"MQTT_PUBLISH_FAILED","level":"ERROR","seq":102,"sig":"03f2477dcba5ceb6","ts":"2026-04-22T22:03:04.420089+00:00"}
{"category":"NETWORK","details":{"error":"name 'client' is not defined","sample_ts":1776895384.3882,"topic":"sensors/adxl345/raw"},"device":"rpi-9a2f6ea2e358535b","event":"MQTT_PUBLISH_FAILED","level":"ERROR","seq":103,"sig":"435ea531bda0d0b9","ts":"2026-04-22T22:03:04.420153+00:00"}
{"category":"NETWORK","details":{"error":"name 'client' is not defined","sample_ts":1776895384.3982,"topic":"sensors/adxl345/raw"},"device":"rpi-9a2f6ea2e358535b","event":"MQTT_PUBLISH_FAILED","level":"ERROR","seq":104,"sig":"6cd4181575495ce0","ts":"2026-04-22T22:03:04.420220+00:00"}
{"category":"NETWORK","details":{"error":"name 'client' is not defined","sample_ts":1776895384.4082,"topic":"sensors/adxl345/raw"},"device":"rpi-9a2f6ea2e358535b","event":"MQTT_PUBLISH_FAILED","level":"ERROR","seq":105,"sig":"c9ed4fb4e93d290e","ts":"2026-04-22T22:03:04.420284+00:00"}
{"category":"SENSOR","details":{"batch_ts":1776895384.6681,"sample_count":25},"device":"rpi-9a2f6ea2e358535b","event":"FIFO_READ","level":"INFO","seq":106,"sig":"34b9b9f45385e594","ts":"2026-04-22T22:03:04.668144+00:00"}
{"category":"NETWORK","details":{"error":"name 'client' is not defined","sample_ts":1776895384.4181,"topic":"sensors/adxl345/raw"},"device":"rpi-9a2f6ea2e358535b","event":"MQTT_PUBLISH_FAILED","level":"ERROR","seq":107,"sig":"c74b06b1b9842b67","ts":"2026-04-22T22:03:04.668320+00:00"}
{"category":"NETWORK","details":{"error":"name 'client' is not defined","sample_ts":1776895384.4281,"topic":"sensors/adxl345/raw"},"device":"rpi-9a2f6ea2e358535b","event":"MQTT_PUBLISH_FAILED","level":"ERROR","seq":108,"sig":"c9bac815952ee1e0","ts":"2026-04-22T22:03:04.668455+00:00"}
{"category":"NETWORK","details":{"error":"name 'client' is not defined","sample_ts":1776895384.4381,"topic":"sensors/adxl345/raw"},"device":"rpi-9a2f6ea2e358535b","event":"MQTT_PUBLISH_FAILED","level":"ERROR","seq":109,"sig":"6351057ac0e64ef1","ts":"2026-04-22T22:03:04.668567+00:00"}
{"category":"NETWORK","details":{"error":"name 'client' is not defined","sample_ts":1776895384.4481,"topic":"sensors/adxl345/raw"},"device":"rpi-9a2f6ea2e358535b","event":"MQTT_PUBLISH_FAILED","level":"ERROR","seq":110,"sig":"10675fee6f8b90ba","ts":"2026-04-22T22:03:04.668693+00:00"}
{"category":"NETWORK","details":{"error":"name 'client' is not defined","sample_ts":1776895384.4581,"topic":"sensors/adxl345/raw"},"device":"rpi-9a2f6ea2e358535b","event":"MQTT_PUBLISH_FAILED","level":"ERROR","seq":111,"sig":"4748d1bd78581931","ts":"2026-04-22T22:03:04.668801+00:00"}
{"category":"NETWORK","details":{"error":"name 'client' is not defined","sample_ts":1776895384.4681,"topic":"sensors/adxl345/raw"},"device":"rpi-9a2f6ea2e358535b","event":"MQTT_PUBLISH_FAILED","level":"ERROR","seq":112,"sig":"1682065886312d86","ts":"2026-04-22T22:03:04.668903+00:00"}
{"category":"NETWORK","details":{"error":"name 'client' is not defined","sample_ts":1776895384.4781,"topic":"sensors/adxl345/raw"},"device":"rpi-9a2f6ea2e358535b","event":"MQTT_PUBLISH_FAILED","level":"ERROR","seq":113,"sig":"1c2c87583459884d","ts":"2026-04-22T22:03:04.668996+00:00"}
{"category":"NETWORK","details":{"error":"name 'client' is not defined","sample_ts":1776895384.4881,"topic":"sensors/adxl345/raw"},"device":"rpi-9a2f6ea2e358535b","event":"MQTT_PUBLISH_FAILED","level":"ERROR","seq":114,"sig":"3cc65acf479d2b5f","ts":"2026-04-22T22:03:04.669088+00:00"}
{"category":"NETWORK","details":{"error":"name 'client' is not defined","sample_ts":1776895384.4981,"topic":"sensors/adxl345/raw"},"device":"rpi-9a2f6ea2e358535b","event":"MQTT_PUBLISH_FAILED","level":"ERROR","seq":115,"sig":"ef75fba29de3682a","ts":"2026-04-22T22:03:04.669178+00:00"}
{"category":"NETWORK","details":{"error":"name 'client' is not defined","sample_ts":1776895384.5081,"topic":"sensors/adxl345/raw"},"device":"rpi-9a2f6ea2e358535b","event":"MQTT_PUBLISH_FAILED","level":"ERROR","seq":116,"sig":"0a6e5821fd072972","ts":"2026-04-22T22:03:04.669263+00:00"}
{"category":"NETWORK","details":{"error":"name 'client' is not defined","sample_ts":1776895384.5181,"topic":"sensors/adxl345/raw"},"device":"rpi-9a2f6ea2e358535b","event":"MQTT_PUBLISH_FAILED","level":"ERROR","seq":117,"sig":"867a24a9a818b690","ts":"2026-04-22T22:03:04.669348+00:00"}
{"category":"NETWORK","details":{"error":"name 'client' is not defined","sample_ts":1776895384.5281,"topic":"sensors/adxl345/raw"},"device":"rpi-9a2f6ea2e358535b","event":"MQTT_PUBLISH_FAILED","level":"ERROR","seq":118,"sig":"859015c979b76a3e","ts":"2026-04-22T22:03:04.669430+00:00"}
{"category":"NETWORK","details":{"error":"name 'client' is not defined","sample_ts":1776895384.5381,"topic":"sensors/adxl345/raw"},"device":"rpi-9a2f6ea2e358535b","event":"MQTT_PUBLISH_FAILED","level":"ERROR","seq":119,"sig":"3ef25254416543da","ts":"2026-04-22T22:03:04.669512+00:00"}
{"category":"NETWORK","details":{"error":"name 'client' is not defined","sample_ts":1776895384.5481,"topic":"sensors/adxl345/raw"},"device":"rpi-9a2f6ea2e358535b","event":"MQTT_PUBLISH_FAILED","level":"ERROR","seq":120,"sig":"d34b5c95041527cd","ts":"2026-04-22T22:03:04.669594+00:00"}
{"category":"NETWORK","details":{"error":"name 'client' is not defined","sample_ts":1776895384.5581,"topic":"sensors/adxl345/raw"},"device":"rpi-9a2f6ea2e358535b","event":"MQTT_PUBLISH_FAILED","level":"ERROR","seq":121,"sig":"0dd9acc6cc827bb4","ts":"2026-04-22T22:03:04.669684+00:00"}
{"category":"NETWORK","details":{"error":"name 'client' is not defined","sample_ts":1776895384.5681,"topic":"sensors/adxl345/raw"},"device":"rpi-9a2f6ea2e358535b","event":"MQTT_PUBLISH_FAILED","level":"ERROR","seq":122,"sig":"7b92f062156748df","ts":"2026-04-22T22:03:04.669772+00:00"}
{"category":"NETWORK","details":{"error":"name 'client' is not defined","sample_ts":1776895384.5781,"topic":"sensors/adxl345/raw"},"device":"rpi-9a2f6ea2e358535b","event":"MQTT_PUBLISH_FAILED","level":"ERROR","seq":123,"sig":"6fe62042f6d0ceb4","ts":"2026-04-22T22:03:04.669857+00:00"}
{"category":"NETWORK","details":{"error":"name 'client' is not defined","sample_ts":1776895384.5881,"topic":"sensors/adxl345/raw"},"device":"rpi-9a2f6ea2e358535b","event":"MQTT_PUBLISH_FAILED","level":"ERROR","seq":124,"sig":"08cebb112cda5597","ts":"2026-04-22T22:03:04.669939+00:00"}
{"category":"NETWORK","details":{"error":"name 'client' is not defined","sample_ts":1776895384.5981,"topic":"sensors/adxl345/raw"},"device":"rpi-9a2f6ea2e358535b","event":"MQTT_PUBLISH_FAILED","level":"ERROR","seq":125,"sig":"c789e5f2c0e02047","ts":"2026-04-22T22:03:04.670023+00:00"}
{"category":"NETWORK","details":{"error":"name 'client' is not defined","sample_ts":1776895384.6081,"topic":"sensors/adxl345/raw"},"device":"rpi-9a2f6ea2e358535b","event":"MQTT_PUBLISH_FAILED","level":"ERROR","seq":126,"sig":"0c8e8fdb87fbff45","ts":"2026-04-22T22:03:04.670105+00:00"}
{"category":"NETWORK","details":{"error":"name 'client' is not defined","sample_ts":1776895384.6181,"topic":"sensors/adxl345/raw"},"device":"rpi-9a2f6ea2e358535b","event":"MQTT_PUBLISH_FAILED","level":"ERROR","seq":127,"sig":"ce06c5488cb3507c","ts":"2026-04-22T22:03:04.670188+00:00"}
{"category":"NETWORK","details":{"error":"name 'client' is not defined","sample_ts":1776895384.6281,"topic":"sensors/adxl345/raw"},"device":"rpi-9a2f6ea2e358535b","event":"MQTT_PUBLISH_FAILED","level":"ERROR","seq":128,"sig":"0aa073c49923a8e7","ts":"2026-04-22T22:03:04.670271+00:00"}
{"category":"NETWORK","details":{"error":"name 'client' is not defined","sample_ts":1776895384.6381,"topic":"sensors/adxl345/raw"},"device":"rpi-9a2f6ea2e358535b","event":"MQTT_PUBLISH_FAILED","level":"ERROR","seq":129,"sig":"3c64041b5ef1a415","ts":"2026-04-22T22:03:04.670353+00:00"}
{"category":"NETWORK","details":{"error":"name 'client' is not defined","sample_ts":1776895384.6481,"topic":"sensors/adxl345/raw"},"device":"rpi-9a2f6ea2e358535b","event":"MQTT_PUBLISH_FAILED","level":"ERROR","seq":130,"sig":"d287bbbe51842ba2","ts":"2026-04-22T22:03:04.670433+00:00"}
{"category":"NETWORK","details":{"error":"name 'client' is not defined","sample_ts":1776895384.6581,"topic":"sensors/adxl345/raw"},"device":"rpi-9a2f6ea2e358535b","event":"MQTT_PUBLISH_FAILED","level":"ERROR","seq":131,"sig":"b3a3dec0e30eeb37","ts":"2026-04-22T22:03:04.670514+00:00"}
{"category":"DATA","details":{"band_hz":[4.0,7.0],"batch_ts":1776895384.6681,"x_peak_g":0.002567,"x_peak_hz":7.0,"y_peak_g":0.003717,"y_peak_hz":6.0,"z_peak_g":0.003877,"z_peak_hz":6.0},"device":"rpi-9a2f6ea2e358535b","event":"FFT_RESULT","level":"INFO","seq":132,"sig":"607af0f8d1f7c260","ts":"2026-04-22T22:03:04.672359+00:00"}
{"category":"NETWORK","details":{"batch_ts":1776895384.6681,"error":"name 'client' is not defined","topic":"sensors/adxl345/fft"},"device":"rpi-9a2f6ea2e358535b","event":"MQTT_PUBLISH_FAILED","level":"ERROR","seq":133,"sig":"7c6da7ee4b898e7c","ts":"2026-04-22T22:03:04.672500+00:00"}
{"category":"SENSOR","details":{"batch_ts":1776895384.9181,"sample_count":25},"device":"rpi-9a2f6ea2e358535b","event":"FIFO_READ","level":"INFO","seq":134,"sig":"f76c35ba393de89a","ts":"2026-04-22T22:03:04.918143+00:00"}
{"category":"NETWORK","details":{"error":"name 'client' is not defined","sample_ts":1776895384.6681,"topic":"sensors/adxl345/raw"},"device":"rpi-9a2f6ea2e358535b","event":"MQTT_PUBLISH_FAILED","level":"ERROR","seq":135,"sig":"51189434ca4eef53","ts":"2026-04-22T22:03:04.918339+00:00"}
{"category":"NETWORK","details":{"error":"name 'client' is not defined","sample_ts":1776895384.6781,"topic":"sensors/adxl345/raw"},"device":"rpi-9a2f6ea2e358535b","event":"MQTT_PUBLISH_FAILED","level":"ERROR","seq":136,"sig":"a0cca4bbe5edf12e","ts":"2026-04-22T22:03:04.918505+00:00"}
{"category":"NETWORK","details":{"error":"name 'client' is not defined","sample_ts":1776895384.6881,"topic":"sensors/adxl345/raw"},"device":"rpi-9a2f6ea2e358535b","event":"MQTT_PUBLISH_FAILED","level":"ERROR","seq":137,"sig":"2f13ef943e3285c8","ts":"2026-04-22T22:03:04.918625+00:00"}
{"category":"NETWORK","details":{"error":"name 'client' is not defined","sample_ts":1776895384.6981,"topic":"sensors/adxl345/raw"},"device":"rpi-9a2f6ea2e358535b","event":"MQTT_PUBLISH_FAILED","level":"ERROR","seq":138,"sig":"aa339ef22c465343","ts":"2026-04-22T22:03:04.918733+00:00"}
{"category":"NETWORK","details":{"error":"name 'client' is not defined","sample_ts":1776895384.7081,"topic":"sensors/adxl345/raw"},"device":"rpi-9a2f6ea2e358535b","event":"MQTT_PUBLISH_FAILED","level":"ERROR","seq":139,"sig":"fe2a8ef6091411da","ts":"2026-04-22T22:03:04.918831+00:00"}
{"category":"NETWORK","details":{"error":"name 'client' is not defined","sample_ts":1776895384.7181,"topic":"sensors/adxl345/raw"},"device":"rpi-9a2f6ea2e358535b","event":"MQTT_PUBLISH_FAILED","level":"ERROR","seq":140,"sig":"dedea453ecc01eac","ts":"2026-04-22T22:03:04.918924+00:00"}
{"category":"NETWORK","details":{"error":"name 'client' is not defined","sample_ts":1776895384.7281,"topic":"sensors/adxl345/raw"},"device":"rpi-9a2f6ea2e358535b","event":"MQTT_PUBLISH_FAILED","level":"ERROR","seq":141,"sig":"5a5f0b6b521c3c9d","ts":"2026-04-22T22:03:04.919013+00:00"}
{"category":"NETWORK","details":{"error":"name 'client' is not defined","sample_ts":1776895384.7381,"topic":"sensors/adxl345/raw"},"device":"rpi-9a2f6ea2e358535b","event":"MQTT_PUBLISH_FAILED","level":"ERROR","seq":142,"sig":"a684a9cf441fbcab","ts":"2026-04-22T22:03:04.919101+00:00"}
{"category":"NETWORK","details":{"error":"name 'client' is not defined","sample_ts":1776895384.7481,"topic":"sensors/adxl345/raw"},"device":"rpi-9a2f6ea2e358535b","event":"MQTT_PUBLISH_FAILED","level":"ERROR","seq":143,"sig":"2b9ed2af9ef32edf","ts":"2026-04-22T22:03:04.919190+00:00"}
{"category":"NETWORK","details":{"error":"name 'client' is not defined","sample_ts":1776895384.7581,"topic":"sensors/adxl345/raw"},"device":"rpi-9a2f6ea2e358535b","event":"MQTT_PUBLISH_FAILED","level":"ERROR","seq":144,"sig":"7328ee2a0f16d51d","ts":"2026-04-22T22:03:04.919281+00:00"}
{"category":"NETWORK","details":{"error":"name 'client' is not defined","sample_ts":1776895384.7681,"topic":"sensors/adxl345/raw"},"device":"rpi-9a2f6ea2e358535b","event":"MQTT_PUBLISH_FAILED","level":"ERROR","seq":145,"sig":"41eed2ab7e7e06dc","ts":"2026-04-22T22:03:04.919367+00:00"}
{"category":"NETWORK","details":{"error":"name 'client' is not defined","sample_ts":1776895384.7781,"topic":"sensors/adxl345/raw"},"device":"rpi-9a2f6ea2e358535b","event":"MQTT_PUBLISH_FAILED","level":"ERROR","seq":146,"sig":"1f1b49030d519a39","ts":"2026-04-22T22:03:04.919452+00:00"}
{"category":"NETWORK","details":{"error":"name 'client' is not defined","sample_ts":1776895384.7881,"topic":"sensors/adxl345/raw"},"device":"rpi-9a2f6ea2e358535b","event":"MQTT_PUBLISH_FAILED","level":"ERROR","seq":147,"sig":"763eee05f872edec","ts":"2026-04-22T22:03:04.919537+00:00"}
{"category":"NETWORK","details":{"error":"name 'client' is not defined","sample_ts":1776895384.7981,"topic":"sensors/adxl345/raw"},"device":"rpi-9a2f6ea2e358535b","event":"MQTT_PUBLISH_FAILED","level":"ERROR","seq":148,"sig":"e79f1ecbc0a71f15","ts":"2026-04-22T22:03:04.919620+00:00"}
{"category":"NETWORK","details":{"error":"name 'client' is not defined","sample_ts":1776895384.8081,"topic":"sensors/adxl345/raw"},"device":"rpi-9a2f6ea2e358535b","event":"MQTT_PUBLISH_FAILED","level":"ERROR","seq":149,"sig":"dce79e40bc162cd3","ts":"2026-04-22T22:03:04.919708+00:00"}
{"category":"NETWORK","details":{"error":"name 'client' is not defined","sample_ts":1776895384.8181,"topic":"sensors/adxl345/raw"},"device":"rpi-9a2f6ea2e358535b","event":"MQTT_PUBLISH_FAILED","level":"ERROR","seq":150,"sig":"a49d596c1566d372","ts":"2026-04-22T22:03:04.919792+00:00"}
{"category":"NETWORK","details":{"error":"name 'client' is not defined","sample_ts":1776895384.8281,"topic":"sensors/adxl345/raw"},"device":"rpi-9a2f6ea2e358535b","event":"MQTT_PUBLISH_FAILED","level":"ERROR","seq":151,"sig":"0c8648760a3cd676","ts":"2026-04-22T22:03:04.919876+00:00"}
{"category":"NETWORK","details":{"error":"name 'client' is not defined","sample_ts":1776895384.8381,"topic":"sensors/adxl345/raw"},"device":"rpi-9a2f6ea2e358535b","event":"MQTT_PUBLISH_FAILED","level":"ERROR","seq":152,"sig":"944e05748c6e4ca6","ts":"2026-04-22T22:03:04.919958+00:00"}
{"category":"NETWORK","details":{"error":"name 'client' is not defined","sample_ts":1776895384.8481,"topic":"sensors/adxl345/raw"},"device":"rpi-9a2f6ea2e358535b","event":"MQTT_PUBLISH_FAILED","level":"ERROR","seq":153,"sig":"ff63b6d71f2762d6","ts":"2026-04-22T22:03:04.920040+00:00"}
{"category":"NETWORK","details":{"error":"name 'client' is not defined","sample_ts":1776895384.8581,"topic":"sensors/adxl345/raw"},"device":"rpi-9a2f6ea2e358535b","event":"MQTT_PUBLISH_FAILED","level":"ERROR","seq":154,"sig":"831f37625a458619","ts":"2026-04-22T22:03:04.920121+00:00"}
{"category":"NETWORK","details":{"error":"name 'client' is not defined","sample_ts":1776895384.8681,"topic":"sensors/adxl345/raw"},"device":"rpi-9a2f6ea2e358535b","event":"MQTT_PUBLISH_FAILED","level":"ERROR","seq":155,"sig":"765105581481e742","ts":"2026-04-22T22:03:04.920203+00:00"}
{"category":"NETWORK","details":{"error":"name 'client' is not defined","sample_ts":1776895384.8781,"topic":"sensors/adxl345/raw"},"device":"rpi-9a2f6ea2e358535b","event":"MQTT_PUBLISH_FAILED","level":"ERROR","seq":156,"sig":"465b6c416e2189fc","ts":"2026-04-22T22:03:04.920284+00:00"}
{"category":"NETWORK","details":{"error":"name 'client' is not defined","sample_ts":1776895384.8881,"topic":"sensors/adxl345/raw"},"device":"rpi-9a2f6ea2e358535b","event":"MQTT_PUBLISH_FAILED","level":"ERROR","seq":157,"sig":"4a2cb797ff02e380","ts":"2026-04-22T22:03:04.920367+00:00"}
{"category":"NETWORK","details":{"error":"name 'client' is not defined","sample_ts":1776895384.8981,"topic":"sensors/adxl345/raw"},"device":"rpi-9a2f6ea2e358535b","event":"MQTT_PUBLISH_FAILED","level":"ERROR","seq":158,"sig":"dec2df71a96ca4ab","ts":"2026-04-22T22:03:04.920450+00:00"}
{"category":"NETWORK","details":{"error":"name 'client' is not defined","sample_ts":1776895384.9081,"topic":"sensors/adxl345/raw"},"device":"rpi-9a2f6ea2e358535b","event":"MQTT_PUBLISH_FAILED","level":"ERROR","seq":159,"sig":"dca80323bf3f7a98","ts":"2026-04-22T22:03:04.920531+00:00"}
{"category":"SENSOR","details":{"batch_ts":1776895385.1681,"sample_count":25},"device":"rpi-9a2f6ea2e358535b","event":"FIFO_READ","level":"INFO","seq":160,"sig":"7c6a7cc952e4fc9a","ts":"2026-04-22T22:03:05.168145+00:00"}
{"category":"NETWORK","details":{"error":"name 'client' is not defined","sample_ts":1776895384.9181,"topic":"sensors/adxl345/raw"},"device":"rpi-9a2f6ea2e358535b","event":"MQTT_PUBLISH_FAILED","level":"ERROR","seq":161,"sig":"8e677f7157b1e27a","ts":"2026-04-22T22:03:05.168325+00:00"}
{"category":"NETWORK","details":{"error":"name 'client' is not defined","sample_ts":1776895384.9281,"topic":"sensors/adxl345/raw"},"device":"rpi-9a2f6ea2e358535b","event":"MQTT_PUBLISH_FAILED","level":"ERROR","seq":162,"sig":"b5077262d7aba958","ts":"2026-04-22T22:03:05.168432+00:00"}
{"category":"NETWORK","details":{"error":"name 'client' is not defined","sample_ts":1776895384.9381,"topic":"sensors/adxl345/raw"},"device":"rpi-9a2f6ea2e358535b","event":"MQTT_PUBLISH_FAILED","level":"ERROR","seq":163,"sig":"9709e6b7518868fe","ts":"2026-04-22T22:03:05.168538+00:00"}
{"category":"NETWORK","details":{"error":"name 'client' is not defined","sample_ts":1776895384.9481,"topic":"sensors/adxl345/raw"},"device":"rpi-9a2f6ea2e358535b","event":"MQTT_PUBLISH_FAILED","level":"ERROR","seq":164,"sig":"b77bf9a4307cd680","ts":"2026-04-22T22:03:05.168657+00:00"}
{"category":"NETWORK","details":{"error":"name 'client' is not defined","sample_ts":1776895384.9581,"topic":"sensors/adxl345/raw"},"device":"rpi-9a2f6ea2e358535b","event":"MQTT_PUBLISH_FAILED","level":"ERROR","seq":165,"sig":"a25646ace9f0bd61","ts":"2026-04-22T22:03:05.168760+00:00"}
{"category":"NETWORK","details":{"error":"name 'client' is not defined","sample_ts":1776895384.9681,"topic":"sensors/adxl345/raw"},"device":"rpi-9a2f6ea2e358535b","event":"MQTT_PUBLISH_FAILED","level":"ERROR","seq":166,"sig":"0bbfb0537e8410e5","ts":"2026-04-22T22:03:05.168837+00:00"}
{"category":"NETWORK","details":{"error":"name 'client' is not defined","sample_ts":1776895384.9781,"topic":"sensors/adxl345/raw"},"device":"rpi-9a2f6ea2e358535b","event":"MQTT_PUBLISH_FAILED","level":"ERROR","seq":167,"sig":"2f2b58a453905487","ts":"2026-04-22T22:03:05.168908+00:00"}
{"category":"NETWORK","details":{"error":"name 'client' is not defined","sample_ts":1776895384.9881,"topic":"sensors/adxl345/raw"},"device":"rpi-9a2f6ea2e358535b","event":"MQTT_PUBLISH_FAILED","level":"ERROR","seq":168,"sig":"3a6488b4839386fc","ts":"2026-04-22T22:03:05.168977+00:00"}
{"category":"NETWORK","details":{"error":"name 'client' is not defined","sample_ts":1776895384.9981,"topic":"sensors/adxl345/raw"},"device":"rpi-9a2f6ea2e358535b","event":"MQTT_PUBLISH_FAILED","level":"ERROR","seq":169,"sig":"ab09df35c49b9038","ts":"2026-04-22T22:03:05.169046+00:00"}
{"category":"NETWORK","details":{"error":"name 'client' is not defined","sample_ts":1776895385.0081,"topic":"sensors/adxl345/raw"},"device":"rpi-9a2f6ea2e358535b","event":"MQTT_PUBLISH_FAILED","level":"ERROR","seq":170,"sig":"b0f5afba2fc6dffd","ts":"2026-04-22T22:03:05.169113+00:00"}
{"category":"NETWORK","details":{"error":"name 'client' is not defined","sample_ts":1776895385.0181,"topic":"sensors/adxl345/raw"},"device":"rpi-9a2f6ea2e358535b","event":"MQTT_PUBLISH_FAILED","level":"ERROR","seq":171,"sig":"8cb80a959d359cea","ts":"2026-04-22T22:03:05.169180+00:00"}
{"category":"NETWORK","details":{"error":"name 'client' is not defined","sample_ts":1776895385.0281,"topic":"sensors/adxl345/raw"},"device":"rpi-9a2f6ea2e358535b","event":"MQTT_PUBLISH_FAILED","level":"ERROR","seq":172,"sig":"6214674aea50efe1","ts":"2026-04-22T22:03:05.169272+00:00"}
{"category":"NETWORK","details":{"error":"name 'client' is not defined","sample_ts":1776895385.0381,"topic":"sensors/adxl345/raw"},"device":"rpi-9a2f6ea2e358535b","event":"MQTT_PUBLISH_FAILED","level":"ERROR","seq":173,"sig":"b6388478db8a0142","ts":"2026-04-22T22:03:05.169381+00:00"}
{"category":"NETWORK","details":{"error":"name 'client' is not defined","sample_ts":1776895385.0481,"topic":"sensors/adxl345/raw"},"device":"rpi-9a2f6ea2e358535b","event":"MQTT_PUBLISH_FAILED","level":"ERROR","seq":174,"sig":"a670502c5afdf748","ts":"2026-04-22T22:03:05.169469+00:00"}
{"category":"NETWORK","details":{"error":"name 'client' is not defined","sample_ts":1776895385.0581,"topic":"sensors/adxl345/raw"},"device":"rpi-9a2f6ea2e358535b","event":"MQTT_PUBLISH_FAILED","level":"ERROR","seq":175,"sig":"c28dc95a13e7f87f","ts":"2026-04-22T22:03:05.169539+00:00"}
{"category":"NETWORK","details":{"error":"name 'client' is not defined","sample_ts":1776895385.0681,"topic":"sensors/adxl345/raw"},"device":"rpi-9a2f6ea2e358535b","event":"MQTT_PUBLISH_FAILED","level":"ERROR","seq":176,"sig":"7db7dd4cd868ab0a","ts":"2026-04-22T22:03:05.169607+00:00"}
{"category":"NETWORK","details":{"error":"name 'client' is not defined","sample_ts":1776895385.0781,"topic":"sensors/adxl345/raw"},"device":"rpi-9a2f6ea2e358535b","event":"MQTT_PUBLISH_FAILED","level":"ERROR","seq":177,"sig":"dbc2a85774f33417","ts":"2026-04-22T22:03:05.169671+00:00"}
{"category":"NETWORK","details":{"error":"name 'client' is not defined","sample_ts":1776895385.0881,"topic":"sensors/adxl345/raw"},"device":"rpi-9a2f6ea2e358535b","event":"MQTT_PUBLISH_FAILED","level":"ERROR","seq":178,"sig":"d013a0b190728c1f","ts":"2026-04-22T22:03:05.169740+00:00"}
{"category":"NETWORK","details":{"error":"name 'client' is not defined","sample_ts":1776895385.0981,"topic":"sensors/adxl345/raw"},"device":"rpi-9a2f6ea2e358535b","event":"MQTT_PUBLISH_FAILED","level":"ERROR","seq":179,"sig":"c87cc748f003c080","ts":"2026-04-22T22:03:05.169806+00:00"}
{"category":"NETWORK","details":{"error":"name 'client' is not defined","sample_ts":1776895385.1081,"topic":"sensors/adxl345/raw"},"device":"rpi-9a2f6ea2e358535b","event":"MQTT_PUBLISH_FAILED","level":"ERROR","seq":180,"sig":"607a6977bcbc2502","ts":"2026-04-22T22:03:05.169871+00:00"}
{"category":"NETWORK","details":{"error":"name 'client' is not defined","sample_ts":1776895385.1181,"topic":"sensors/adxl345/raw"},"device":"rpi-9a2f6ea2e358535b","event":"MQTT_PUBLISH_FAILED","level":"ERROR","seq":181,"sig":"1ace1fbebfad750e","ts":"2026-04-22T22:03:05.169935+00:00"}
{"category":"NETWORK","details":{"error":"name 'client' is not defined","sample_ts":1776895385.1281,"topic":"sensors/adxl345/raw"},"device":"rpi-9a2f6ea2e358535b","event":"MQTT_PUBLISH_FAILED","level":"ERROR","seq":182,"sig":"80865f092a0b91a4","ts":"2026-04-22T22:03:05.169999+00:00"}
{"category":"NETWORK","details":{"error":"name 'client' is not defined","sample_ts":1776895385.1381,"topic":"sensors/adxl345/raw"},"device":"rpi-9a2f6ea2e358535b","event":"MQTT_PUBLISH_FAILED","level":"ERROR","seq":183,"sig":"f44c642fe4be4a7b","ts":"2026-04-22T22:03:05.170065+00:00"}
{"category":"NETWORK","details":{"error":"name 'client' is not defined","sample_ts":1776895385.1481,"topic":"sensors/adxl345/raw"},"device":"rpi-9a2f6ea2e358535b","event":"MQTT_PUBLISH_FAILED","level":"ERROR","seq":184,"sig":"fd0cd1cbcf2c0aa6","ts":"2026-04-22T22:03:05.170129+00:00"}
{"category":"NETWORK","details":{"error":"name 'client' is not defined","sample_ts":1776895385.1581,"topic":"sensors/adxl345/raw"},"device":"rpi-9a2f6ea2e358535b","event":"MQTT_PUBLISH_FAILED","level":"ERROR","seq":185,"sig":"401dbe778934590c","ts":"2026-04-22T22:03:05.170194+00:00"}
{"category":"SENSOR","details":{"batch_ts":1776895385.4181,"sample_count":25},"device":"rpi-9a2f6ea2e358535b","event":"FIFO_READ","level":"INFO","seq":186,"sig":"73a0116bef00fc65","ts":"2026-04-22T22:03:05.418154+00:00"}
{"category":"NETWORK","details":{"error":"name 'client' is not defined","sample_ts":1776895385.1681,"topic":"sensors/adxl345/raw"},"device":"rpi-9a2f6ea2e358535b","event":"MQTT_PUBLISH_FAILED","level":"ERROR","seq":187,"sig":"430d00dbd7d35381","ts":"2026-04-22T22:03:05.418361+00:00"}
{"category":"NETWORK","details":{"error":"name 'client' is not defined","sample_ts":1776895385.1781,"topic":"sensors/adxl345/raw"},"device":"rpi-9a2f6ea2e358535b","event":"MQTT_PUBLISH_FAILED","level":"ERROR","seq":188,"sig":"7d1fae9723215697","ts":"2026-04-22T22:03:05.418516+00:00"}
{"category":"NETWORK","details":{"error":"name 'client' is not defined","sample_ts":1776895385.1881,"topic":"sensors/adxl345/raw"},"device":"rpi-9a2f6ea2e358535b","event":"MQTT_PUBLISH_FAILED","level":"ERROR","seq":189,"sig":"00f3cae89dc8f23c","ts":"2026-04-22T22:03:05.418634+00:00"}
{"category":"NETWORK","details":{"error":"name 'client' is not defined","sample_ts":1776895385.1981,"topic":"sensors/adxl345/raw"},"device":"rpi-9a2f6ea2e358535b","event":"MQTT_PUBLISH_FAILED","level":"ERROR","seq":190,"sig":"dbfceb64caeb2442","ts":"2026-04-22T22:03:05.418735+00:00"}
{"category":"NETWORK","details":{"error":"name 'client' is not defined","sample_ts":1776895385.2081,"topic":"sensors/adxl345/raw"},"device":"rpi-9a2f6ea2e358535b","event":"MQTT_PUBLISH_FAILED","level":"ERROR","seq":191,"sig":"41413737627984fe","ts":"2026-04-22T22:03:05.418833+00:00"}
{"category":"NETWORK","details":{"error":"name 'client' is not defined","sample_ts":1776895385.2181,"topic":"sensors/adxl345/raw"},"device":"rpi-9a2f6ea2e358535b","event":"MQTT_PUBLISH_FAILED","level":"ERROR","seq":192,"sig":"baca80d21a0ac001","ts":"2026-04-22T22:03:05.418925+00:00"}
{"category":"NETWORK","details":{"error":"name 'client' is not defined","sample_ts":1776895385.2281,"topic":"sensors/adxl345/raw"},"device":"rpi-9a2f6ea2e358535b","event":"MQTT_PUBLISH_FAILED","level":"ERROR","seq":193,"sig":"29aa486f8785913b","ts":"2026-04-22T22:03:05.419023+00:00"}
{"category":"NETWORK","details":{"error":"name 'client' is not defined","sample_ts":1776895385.2381,"topic":"sensors/adxl345/raw"},"device":"rpi-9a2f6ea2e358535b","event":"MQTT_PUBLISH_FAILED","level":"ERROR","seq":194,"sig":"bd0345fd9b777aed","ts":"2026-04-22T22:03:05.419109+00:00"}
{"category":"NETWORK","details":{"error":"name 'client' is not defined","sample_ts":1776895385.2481,"topic":"sensors/adxl345/raw"},"device":"rpi-9a2f6ea2e358535b","event":"MQTT_PUBLISH_FAILED","level":"ERROR","seq":195,"sig":"47652e8c2df26a45","ts":"2026-04-22T22:03:05.419193+00:00"}
{"category":"NETWORK","details":{"error":"name 'client' is not defined","sample_ts":1776895385.2581,"topic":"sensors/adxl345/raw"},"device":"rpi-9a2f6ea2e358535b","event":"MQTT_PUBLISH_FAILED","level":"ERROR","seq":196,"sig":"fed0c4c432e4d6f3","ts":"2026-04-22T22:03:05.419276+00:00"}
{"category":"NETWORK","details":{"error":"name 'client' is not defined","sample_ts":1776895385.2681,"topic":"sensors/adxl345/raw"},"device":"rpi-9a2f6ea2e358535b","event":"MQTT_PUBLISH_FAILED","level":"ERROR","seq":197,"sig":"4e4dba8fd44bb649","ts":"2026-04-22T22:03:05.419361+00:00"}
{"category":"NETWORK","details":{"error":"name 'client' is not defined","sample_ts":1776895385.2781,"topic":"sensors/adxl345/raw"},"device":"rpi-9a2f6ea2e358535b","event":"MQTT_PUBLISH_FAILED","level":"ERROR","seq":198,"sig":"66fd8f4278d826aa","ts":"2026-04-22T22:03:05.419446+00:00"}
{"category":"NETWORK","details":{"error":"name 'client' is not defined","sample_ts":1776895385.2881,"topic":"sensors/adxl345/raw"},"device":"rpi-9a2f6ea2e358535b","event":"MQTT_PUBLISH_FAILED","level":"ERROR","seq":199,"sig":"66b8e4fc82fd6af0","ts":"2026-04-22T22:03:05.419529+00:00"}
{"category":"NETWORK","details":{"error":"name 'client' is not defined","sample_ts":1776895385.2981,"topic":"sensors/adxl345/raw"},"device":"rpi-9a2f6ea2e358535b","event":"MQTT_PUBLISH_FAILED","level":"ERROR","seq":200,"sig":"c946047a30cdd094","ts":"2026-04-22T22:03:05.419613+00:00"}
{"category":"NETWORK","details":{"error":"name 'client' is not defined","sample_ts":1776895385.3081,"topic":"sensors/adxl345/raw"},"device":"rpi-9a2f6ea2e358535b","event":"MQTT_PUBLISH_FAILED","level":"ERROR","seq":201,"sig":"b9eff6f1f2345af6","ts":"2026-04-22T22:03:05.419696+00:00"}
{"category":"NETWORK","details":{"error":"name 'client' is not defined","sample_ts":1776895385.3181,"topic":"sensors/adxl345/raw"},"device":"rpi-9a2f6ea2e358535b","event":"MQTT_PUBLISH_FAILED","level":"ERROR","seq":202,"sig":"d626c418f76b5dbc","ts":"2026-04-22T22:03:05.419778+00:00"}
{"category":"NETWORK","details":{"error":"name 'client' is not defined","sample_ts":1776895385.3281,"topic":"sensors/adxl345/raw"},"device":"rpi-9a2f6ea2e358535b","event":"MQTT_PUBLISH_FAILED","level":"ERROR","seq":203,"sig":"0974caff9348ba39","ts":"2026-04-22T22:03:05.419860+00:00"}
{"category":"NETWORK","details":{"error":"name 'client' is not defined","sample_ts":1776895385.3381,"topic":"sensors/adxl345/raw"},"device":"rpi-9a2f6ea2e358535b","event":"MQTT_PUBLISH_FAILED","level":"ERROR","seq":204,"sig":"a6463e1b2d269ddf","ts":"2026-04-22T22:03:05.419942+00:00"}
{"category":"NETWORK","details":{"error":"name 'client' is not defined","sample_ts":1776895385.3481,"topic":"sensors/adxl345/raw"},"device":"rpi-9a2f6ea2e358535b","event":"MQTT_PUBLISH_FAILED","level":"ERROR","seq":205,"sig":"3cc4c8f333ff2e30","ts":"2026-04-22T22:03:05.420024+00:00"}
{"category":"NETWORK","details":{"error":"name 'client' is not defined","sample_ts":1776895385.3581,"topic":"sensors/adxl345/raw"},"device":"rpi-9a2f6ea2e358535b","event":"MQTT_PUBLISH_FAILED","level":"ERROR","seq":206,"sig":"bd814b3006c8fb9a","ts":"2026-04-22T22:03:05.420106+00:00"}
{"category":"NETWORK","details":{"error":"name 'client' is not defined","sample_ts":1776895385.3681,"topic":"sensors/adxl345/raw"},"device":"rpi-9a2f6ea2e358535b","event":"MQTT_PUBLISH_FAILED","level":"ERROR","seq":207,"sig":"b47493047c91f3e9","ts":"2026-04-22T22:03:05.420195+00:00"}
{"category":"NETWORK","details":{"error":"name 'client' is not defined","sample_ts":1776895385.3781,"topic":"sensors/adxl345/raw"},"device":"rpi-9a2f6ea2e358535b","event":"MQTT_PUBLISH_FAILED","level":"ERROR","seq":208,"sig":"9460dc8683619124","ts":"2026-04-22T22:03:05.420278+00:00"}
{"category":"NETWORK","details":{"error":"name 'client' is not defined","sample_ts":1776895385.3881,"topic":"sensors/adxl345/raw"},"device":"rpi-9a2f6ea2e358535b","event":"MQTT_PUBLISH_FAILED","level":"ERROR","seq":209,"sig":"62c5fff9563ac553","ts":"2026-04-22T22:03:05.420361+00:00"}
{"category":"NETWORK","details":{"error":"name 'client' is not defined","sample_ts":1776895385.3981,"topic":"sensors/adxl345/raw"},"device":"rpi-9a2f6ea2e358535b","event":"MQTT_PUBLISH_FAILED","level":"ERROR","seq":210,"sig":"e417fafcae5f245b","ts":"2026-04-22T22:03:05.420444+00:00"}
{"category":"NETWORK","details":{"error":"name 'client' is not defined","sample_ts":1776895385.4081,"topic":"sensors/adxl345/raw"},"device":"rpi-9a2f6ea2e358535b","event":"MQTT_PUBLISH_FAILED","level":"ERROR","seq":211,"sig":"c9c95ff9d52f6a25","ts":"2026-04-22T22:03:05.420527+00:00"}
{"category":"SENSOR","details":{"batch_ts":1776895385.6684,"sample_count":25},"device":"rpi-9a2f6ea2e358535b","event":"FIFO_READ","level":"INFO","seq":212,"sig":"ee2b02eb7213610f","ts":"2026-04-22T22:03:05.668363+00:00"}
{"category":"NETWORK","details":{"error":"name 'client' is not defined","sample_ts":1776895385.4184,"topic":"sensors/adxl345/raw"},"device":"rpi-9a2f6ea2e358535b","event":"MQTT_PUBLISH_FAILED","level":"ERROR","seq":213,"sig":"0b906f0ff86206e5","ts":"2026-04-22T22:03:05.668594+00:00"}
{"category":"NETWORK","details":{"error":"name 'client' is not defined","sample_ts":1776895385.4284,"topic":"sensors/adxl345/raw"},"device":"rpi-9a2f6ea2e358535b","event":"MQTT_PUBLISH_FAILED","level":"ERROR","seq":214,"sig":"4f3a4f64e9599d9d","ts":"2026-04-22T22:03:05.668818+00:00"}
{"category":"NETWORK","details":{"error":"name 'client' is not defined","sample_ts":1776895385.4384,"topic":"sensors/adxl345/raw"},"device":"rpi-9a2f6ea2e358535b","event":"MQTT_PUBLISH_FAILED","level":"ERROR","seq":215,"sig":"e001086f0050e4cf","ts":"2026-04-22T22:03:05.668981+00:00"}
{"category":"NETWORK","details":{"error":"name 'client' is not defined","sample_ts":1776895385.4484,"topic":"sensors/adxl345/raw"},"device":"rpi-9a2f6ea2e358535b","event":"MQTT_PUBLISH_FAILED","level":"ERROR","seq":216,"sig":"42e0b80f68670bfe","ts":"2026-04-22T22:03:05.669127+00:00"}
{"category":"NETWORK","details":{"error":"name 'client' is not defined","sample_ts":1776895385.4584,"topic":"sensors/adxl345/raw"},"device":"rpi-9a2f6ea2e358535b","event":"MQTT_PUBLISH_FAILED","level":"ERROR","seq":217,"sig":"045243bbb48ce309","ts":"2026-04-22T22:03:05.669267+00:00"}
{"category":"NETWORK","details":{"error":"name 'client' is not defined","sample_ts":1776895385.4684,"topic":"sensors/adxl345/raw"},"device":"rpi-9a2f6ea2e358535b","event":"MQTT_PUBLISH_FAILED","level":"ERROR","seq":218,"sig":"b8a4aa01f7d555c1","ts":"2026-04-22T22:03:05.669403+00:00"}
{"category":"NETWORK","details":{"error":"name 'client' is not defined","sample_ts":1776895385.4784,"topic":"sensors/adxl345/raw"},"device":"rpi-9a2f6ea2e358535b","event":"MQTT_PUBLISH_FAILED","level":"ERROR","seq":219,"sig":"26b933895d4bd34c","ts":"2026-04-22T22:03:05.669537+00:00"}
{"category":"NETWORK","details":{"error":"name 'client' is not defined","sample_ts":1776895385.4884,"topic":"sensors/adxl345/raw"},"device":"rpi-9a2f6ea2e358535b","event":"MQTT_PUBLISH_FAILED","level":"ERROR","seq":220,"sig":"f5977edb3ed6b04f","ts":"2026-04-22T22:03:05.669674+00:00"}
{"category":"NETWORK","details":{"error":"name 'client' is not defined","sample_ts":1776895385.4984,"topic":"sensors/adxl345/raw"},"device":"rpi-9a2f6ea2e358535b","event":"MQTT_PUBLISH_FAILED","level":"ERROR","seq":221,"sig":"e4da88a87eeab547","ts":"2026-04-22T22:03:05.669806+00:00"}
{"category":"NETWORK","details":{"error":"name 'client' is not defined","sample_ts":1776895385.5084,"topic":"sensors/adxl345/raw"},"device":"rpi-9a2f6ea2e358535b","event":"MQTT_PUBLISH_FAILED","level":"ERROR","seq":222,"sig":"483910078343f2b1","ts":"2026-04-22T22:03:05.669957+00:00"}
{"category":"NETWORK","details":{"error":"name 'client' is not defined","sample_ts":1776895385.5184,"topic":"sensors/adxl345/raw"},"device":"rpi-9a2f6ea2e358535b","event":"MQTT_PUBLISH_FAILED","level":"ERROR","seq":223,"sig":"4f6f9a741b0c2435","ts":"2026-04-22T22:03:05.670091+00:00"}
{"category":"NETWORK","details":{"error":"name 'client' is not defined","sample_ts":1776895385.5284,"topic":"sensors/adxl345/raw"},"device":"rpi-9a2f6ea2e358535b","event":"MQTT_PUBLISH_FAILED","level":"ERROR","seq":224,"sig":"441a3c182f5145ba","ts":"2026-04-22T22:03:05.670223+00:00"}
{"category":"NETWORK","details":{"error":"name 'client' is not defined","sample_ts":1776895385.5384,"topic":"sensors/adxl345/raw"},"device":"rpi-9a2f6ea2e358535b","event":"MQTT_PUBLISH_FAILED","level":"ERROR","seq":225,"sig":"826f353d9dae4d22","ts":"2026-04-22T22:03:05.670353+00:00"}
{"category":"NETWORK","details":{"error":"name 'client' is not defined","sample_ts":1776895385.5484,"topic":"sensors/adxl345/raw"},"device":"rpi-9a2f6ea2e358535b","event":"MQTT_PUBLISH_FAILED","level":"ERROR","seq":226,"sig":"8bca55ac45a62cb8","ts":"2026-04-22T22:03:05.670483+00:00"}
{"category":"NETWORK","details":{"error":"name 'client' is not defined","sample_ts":1776895385.5584,"topic":"sensors/adxl345/raw"},"device":"rpi-9a2f6ea2e358535b","event":"MQTT_PUBLISH_FAILED","level":"ERROR","seq":227,"sig":"72a535939cacc656","ts":"2026-04-22T22:03:05.670612+00:00"}
{"category":"NETWORK","details":{"error":"name 'client' is not defined","sample_ts":1776895385.5684,"topic":"sensors/adxl345/raw"},"device":"rpi-9a2f6ea2e358535b","event":"MQTT_PUBLISH_FAILED","level":"ERROR","seq":228,"sig":"3ecec91e6865d014","ts":"2026-04-22T22:03:05.670742+00:00"}
{"category":"NETWORK","details":{"error":"name 'client' is not defined","sample_ts":1776895385.5784,"topic":"sensors/adxl345/raw"},"device":"rpi-9a2f6ea2e358535b","event":"MQTT_PUBLISH_FAILED","level":"ERROR","seq":229,"sig":"2218b3701dfa90e5","ts":"2026-04-22T22:03:05.670871+00:00"}
{"category":"NETWORK","details":{"error":"name 'client' is not defined","sample_ts":1776895385.5884,"topic":"sensors/adxl345/raw"},"device":"rpi-9a2f6ea2e358535b","event":"MQTT_PUBLISH_FAILED","level":"ERROR","seq":230,"sig":"4adfe22d2ac152e4","ts":"2026-04-22T22:03:05.671000+00:00"}
{"category":"NETWORK","details":{"error":"name 'client' is not defined","sample_ts":1776895385.5984,"topic":"sensors/adxl345/raw"},"device":"rpi-9a2f6ea2e358535b","event":"MQTT_PUBLISH_FAILED","level":"ERROR","seq":231,"sig":"fa797509b4999b6b","ts":"2026-04-22T22:03:05.671128+00:00"}
{"category":"NETWORK","details":{"error":"name 'client' is not defined","sample_ts":1776895385.6084,"topic":"sensors/adxl345/raw"},"device":"rpi-9a2f6ea2e358535b","event":"MQTT_PUBLISH_FAILED","level":"ERROR","seq":232,"sig":"5e8cc3c2917a5054","ts":"2026-04-22T22:03:05.671255+00:00"}
{"category":"NETWORK","details":{"error":"name 'client' is not defined","sample_ts":1776895385.6184,"topic":"sensors/adxl345/raw"},"device":"rpi-9a2f6ea2e358535b","event":"MQTT_PUBLISH_FAILED","level":"ERROR","seq":233,"sig":"5d6ffe19fcb1d31f","ts":"2026-04-22T22:03:05.671381+00:00"}
{"category":"NETWORK","details":{"error":"name 'client' is not defined","sample_ts":1776895385.6284,"topic":"sensors/adxl345/raw"},"device":"rpi-9a2f6ea2e358535b","event":"MQTT_PUBLISH_FAILED","level":"ERROR","seq":234,"sig":"1de9b44cc5fc4824","ts":"2026-04-22T22:03:05.671508+00:00"}
{"category":"NETWORK","details":{"error":"name 'client' is not defined","sample_ts":1776895385.6384,"topic":"sensors/adxl345/raw"},"device":"rpi-9a2f6ea2e358535b","event":"MQTT_PUBLISH_FAILED","level":"ERROR","seq":235,"sig":"418d43c75134e86e","ts":"2026-04-22T22:03:05.671635+00:00"}
{"category":"NETWORK","details":{"error":"name 'client' is not defined","sample_ts":1776895385.6484,"topic":"sensors/adxl345/raw"},"device":"rpi-9a2f6ea2e358535b","event":"MQTT_PUBLISH_FAILED","level":"ERROR","seq":236,"sig":"727074a264adbc3d","ts":"2026-04-22T22:03:05.671792+00:00"}
{"category":"NETWORK","details":{"error":"name 'client' is not defined","sample_ts":1776895385.6584,"topic":"sensors/adxl345/raw"},"device":"rpi-9a2f6ea2e358535b","event":"MQTT_PUBLISH_FAILED","level":"ERROR","seq":237,"sig":"330ef20b3d1d41e5","ts":"2026-04-22T22:03:05.671961+00:00"}
{"category":"DATA","details":{"band_hz":[4.0,7.0],"batch_ts":1776895385.6684,"x_peak_g":0.002725,"x_peak_hz":4.0,"y_peak_g":0.00407,"y_peak_hz":4.0,"z_peak_g":0.001626,"z_peak_hz":5.0},"device":"rpi-9a2f6ea2e358535b","event":"FFT_RESULT","level":"INFO","seq":238,"sig":"97062676eb0d1eeb","ts":"2026-04-22T22:03:05.672503+00:00"}
{"category":"NETWORK","details":{"batch_ts":1776895385.6684,"error":"name 'client' is not defined","topic":"sensors/adxl345/fft"},"device":"rpi-9a2f6ea2e358535b","event":"MQTT_PUBLISH_FAILED","level":"ERROR","seq":239,"sig":"4a49ee9a47f0ae94","ts":"2026-04-22T22:03:05.672684+00:00"}
{"category":"SENSOR","details":{"batch_ts":1776895385.9184,"sample_count":25},"device":"rpi-9a2f6ea2e358535b","event":"FIFO_READ","level":"INFO","seq":240,"sig":"604e83bdc8b2bd96","ts":"2026-04-22T22:03:05.918371+00:00"}
{"category":"NETWORK","details":{"error":"name 'client' is not defined","sample_ts":1776895385.6684,"topic":"sensors/adxl345/raw"},"device":"rpi-9a2f6ea2e358535b","event":"MQTT_PUBLISH_FAILED","level":"ERROR","seq":241,"sig":"53946be4b171c9ba","ts":"2026-04-22T22:03:05.918619+00:00"}
{"category":"NETWORK","details":{"error":"name 'client' is not defined","sample_ts":1776895385.6784,"topic":"sensors/adxl345/raw"},"device":"rpi-9a2f6ea2e358535b","event":"MQTT_PUBLISH_FAILED","level":"ERROR","seq":242,"sig":"c8c894fe95b9cd4b","ts":"2026-04-22T22:03:05.918843+00:00"}
{"category":"NETWORK","details":{"error":"name 'client' is not defined","sample_ts":1776895385.6884,"topic":"sensors/adxl345/raw"},"device":"rpi-9a2f6ea2e358535b","event":"MQTT_PUBLISH_FAILED","level":"ERROR","seq":243,"sig":"a4e690561bf4dc55","ts":"2026-04-22T22:03:05.919019+00:00"}
{"category":"NETWORK","details":{"error":"name 'client' is not defined","sample_ts":1776895385.6984,"topic":"sensors/adxl345/raw"},"device":"rpi-9a2f6ea2e358535b","event":"MQTT_PUBLISH_FAILED","level":"ERROR","seq":244,"sig":"456840387f938f5f","ts":"2026-04-22T22:03:05.919172+00:00"}
{"category":"NETWORK","details":{"error":"name 'client' is not defined","sample_ts":1776895385.7084,"topic":"sensors/adxl345/raw"},"device":"rpi-9a2f6ea2e358535b","event":"MQTT_PUBLISH_FAILED","level":"ERROR","seq":245,"sig":"81e27245a19a2d86","ts":"2026-04-22T22:03:05.919315+00:00"}
{"category":"NETWORK","details":{"error":"name 'client' is not defined","sample_ts":1776895385.7184,"topic":"sensors/adxl345/raw"},"device":"rpi-9a2f6ea2e358535b","event":"MQTT_PUBLISH_FAILED","level":"ERROR","seq":246,"sig":"5ab5039b844bb681","ts":"2026-04-22T22:03:05.919456+00:00"}
{"category":"NETWORK","details":{"error":"name 'client' is not defined","sample_ts":1776895385.7284,"topic":"sensors/adxl345/raw"},"device":"rpi-9a2f6ea2e358535b","event":"MQTT_PUBLISH_FAILED","level":"ERROR","seq":247,"sig":"92caa85e241c6d40","ts":"2026-04-22T22:03:05.919595+00:00"}
{"category":"NETWORK","details":{"error":"name 'client' is not defined","sample_ts":1776895385.7384,"topic":"sensors/adxl345/raw"},"device":"rpi-9a2f6ea2e358535b","event":"MQTT_PUBLISH_FAILED","level":"ERROR","seq":248,"sig":"ac151eb895cffc3f","ts":"2026-04-22T22:03:05.919733+00:00"}
{"category":"NETWORK","details":{"error":"name 'client' is not defined","sample_ts":1776895385.7484,"topic":"sensors/adxl345/raw"},"device":"rpi-9a2f6ea2e358535b","event":"MQTT_PUBLISH_FAILED","level":"ERROR","seq":249,"sig":"1c42eac502fa0b8b","ts":"2026-04-22T22:03:05.919871+00:00"}
{"category":"NETWORK","details":{"error":"name 'client' is not defined","sample_ts":1776895385.7584,"topic":"sensors/adxl345/raw"},"device":"rpi-9a2f6ea2e358535b","event":"MQTT_PUBLISH_FAILED","level":"ERROR","seq":250,"sig":"171e8bd9564e5e2e","ts":"2026-04-22T22:03:05.920003+00:00"}
{"category":"NETWORK","details":{"error":"name 'client' is not defined","sample_ts":1776895385.7684,"topic":"sensors/adxl345/raw"},"device":"rpi-9a2f6ea2e358535b","event":"MQTT_PUBLISH_FAILED","level":"ERROR","seq":251,"sig":"4a7cc2c9c362901c","ts":"2026-04-22T22:03:05.920140+00:00"}
{"category":"NETWORK","details":{"error":"name 'client' is not defined","sample_ts":1776895385.7784,"topic":"sensors/adxl345/raw"},"device":"rpi-9a2f6ea2e358535b","event":"MQTT_PUBLISH_FAILED","level":"ERROR","seq":252,"sig":"9b1b51ba226ae6c9","ts":"2026-04-22T22:03:05.920273+00:00"}
{"category":"NETWORK","details":{"error":"name 'client' is not defined","sample_ts":1776895385.7884,"topic":"sensors/adxl345/raw"},"device":"rpi-9a2f6ea2e358535b","event":"MQTT_PUBLISH_FAILED","level":"ERROR","seq":253,"sig":"1e1185bcca666dd9","ts":"2026-04-22T22:03:05.920407+00:00"}
{"category":"NETWORK","details":{"error":"name 'client' is not defined","sample_ts":1776895385.7984,"topic":"sensors/adxl345/raw"},"device":"rpi-9a2f6ea2e358535b","event":"MQTT_PUBLISH_FAILED","level":"ERROR","seq":254,"sig":"9feb0637a91d4c92","ts":"2026-04-22T22:03:05.920538+00:00"}
{"category":"NETWORK","details":{"error":"name 'client' is not defined","sample_ts":1776895385.8084,"topic":"sensors/adxl345/raw"},"device":"rpi-9a2f6ea2e358535b","event":"MQTT_PUBLISH_FAILED","level":"ERROR","seq":255,"sig":"04fc3864fedb984a","ts":"2026-04-22T22:03:05.920680+00:00"}
{"category":"NETWORK","details":{"error":"name 'client' is not defined","sample_ts":1776895385.8184,"topic":"sensors/adxl345/raw"},"device":"rpi-9a2f6ea2e358535b","event":"MQTT_PUBLISH_FAILED","level":"ERROR","seq":256,"sig":"045590025d424dc0","ts":"2026-04-22T22:03:05.920826+00:00"}
{"category":"NETWORK","details":{"error":"name 'client' is not defined","sample_ts":1776895385.8284,"topic":"sensors/adxl345/raw"},"device":"rpi-9a2f6ea2e358535b","event":"MQTT_PUBLISH_FAILED","level":"ERROR","seq":257,"sig":"59eeb6bb19441c8b","ts":"2026-04-22T22:03:05.920959+00:00"}
{"category":"NETWORK","details":{"error":"name 'client' is not defined","sample_ts":1776895385.8384,"topic":"sensors/adxl345/raw"},"device":"rpi-9a2f6ea2e358535b","event":"MQTT_PUBLISH_FAILED","level":"ERROR","seq":258,"sig":"b89eee235fef2c58","ts":"2026-04-22T22:03:05.921090+00:00"}
{"category":"NETWORK","details":{"error":"name 'client' is not defined","sample_ts":1776895385.8484,"topic":"sensors/adxl345/raw"},"device":"rpi-9a2f6ea2e358535b","event":"MQTT_PUBLISH_FAILED","level":"ERROR","seq":259,"sig":"5924387ada1826b1","ts":"2026-04-22T22:03:05.921221+00:00"}
{"category":"NETWORK","details":{"error":"name 'client' is not defined","sample_ts":1776895385.8584,"topic":"sensors/adxl345/raw"},"device":"rpi-9a2f6ea2e358535b","event":"MQTT_PUBLISH_FAILED","level":"ERROR","seq":260,"sig":"528eefeb44affc52","ts":"2026-04-22T22:03:05.921354+00:00"}
{"category":"NETWORK","details":{"error":"name 'client' is not defined","sample_ts":1776895385.8684,"topic":"sensors/adxl345/raw"},"device":"rpi-9a2f6ea2e358535b","event":"MQTT_PUBLISH_FAILED","level":"ERROR","seq":261,"sig":"06dbc251436f4dca","ts":"2026-04-22T22:03:05.921485+00:00"}
{"category":"NETWORK","details":{"error":"name 'client' is not defined","sample_ts":1776895385.8784,"topic":"sensors/adxl345/raw"},"device":"rpi-9a2f6ea2e358535b","event":"MQTT_PUBLISH_FAILED","level":"ERROR","seq":262,"sig":"2c703992eac0587b","ts":"2026-04-22T22:03:05.921614+00:00"}
{"category":"NETWORK","details":{"error":"name 'client' is not defined","sample_ts":1776895385.8884,"topic":"sensors/adxl345/raw"},"device":"rpi-9a2f6ea2e358535b","event":"MQTT_PUBLISH_FAILED","level":"ERROR","seq":263,"sig":"f5a9bb12071a0f8c","ts":"2026-04-22T22:03:05.921743+00:00"}
{"category":"NETWORK","details":{"error":"name 'client' is not defined","sample_ts":1776895385.8984,"topic":"sensors/adxl345/raw"},"device":"rpi-9a2f6ea2e358535b","event":"MQTT_PUBLISH_FAILED","level":"ERROR","seq":264,"sig":"610cd4fda0ddd61b","ts":"2026-04-22T22:03:05.921943+00:00"}
{"category":"NETWORK","details":{"error":"name 'client' is not defined","sample_ts":1776895385.9084,"topic":"sensors/adxl345/raw"},"device":"rpi-9a2f6ea2e358535b","event":"MQTT_PUBLISH_FAILED","level":"ERROR","seq":265,"sig":"1619ba6c53b8cd8b","ts":"2026-04-22T22:03:05.922102+00:00"}
{"category":"SENSOR","details":{"batch_ts":1776895386.1684,"sample_count":25},"device":"rpi-9a2f6ea2e358535b","event":"FIFO_READ","level":"INFO","seq":266,"sig":"7e95addcf7a4edc2","ts":"2026-04-22T22:03:06.168379+00:00"}
{"category":"NETWORK","details":{"error":"name 'client' is not defined","sample_ts":1776895385.9184,"topic":"sensors/adxl345/raw"},"device":"rpi-9a2f6ea2e358535b","event":"MQTT_PUBLISH_FAILED","level":"ERROR","seq":267,"sig":"528fcf6baafee55d","ts":"2026-04-22T22:03:06.168637+00:00"}
{"category":"NETWORK","details":{"error":"name 'client' is not defined","sample_ts":1776895385.9284,"topic":"sensors/adxl345/raw"},"device":"rpi-9a2f6ea2e358535b","event":"MQTT_PUBLISH_FAILED","level":"ERROR","seq":268,"sig":"121ded4f26962145","ts":"2026-04-22T22:03:06.168814+00:00"}
{"category":"NETWORK","details":{"error":"name 'client' is not defined","sample_ts":1776895385.9384,"topic":"sensors/adxl345/raw"},"device":"rpi-9a2f6ea2e358535b","event":"MQTT_PUBLISH_FAILED","level":"ERROR","seq":269,"sig":"1e542b5a953284d4","ts":"2026-04-22T22:03:06.168943+00:00"}
{"category":"NETWORK","details":{"error":"name 'client' is not defined","sample_ts":1776895385.9484,"topic":"sensors/adxl345/raw"},"device":"rpi-9a2f6ea2e358535b","event":"MQTT_PUBLISH_FAILED","level":"ERROR","seq":270,"sig":"1093c7768a033400","ts":"2026-04-22T22:03:06.169057+00:00"}
{"category":"NETWORK","details":{"error":"name 'client' is not defined","sample_ts":1776895385.9584,"topic":"sensors/adxl345/raw"},"device":"rpi-9a2f6ea2e358535b","event":"MQTT_PUBLISH_FAILED","level":"ERROR","seq":271,"sig":"8cb9508a2ec90cb2","ts":"2026-04-22T22:03:06.169166+00:00"}
{"category":"NETWORK","details":{"error":"name 'client' is not defined","sample_ts":1776895385.9684,"topic":"sensors/adxl345/raw"},"device":"rpi-9a2f6ea2e358535b","event":"MQTT_PUBLISH_FAILED","level":"ERROR","seq":272,"sig":"461cb82d3b3775e0","ts":"2026-04-22T22:03:06.169273+00:00"}
{"category":"NETWORK","details":{"error":"name 'client' is not defined","sample_ts":1776895385.9784,"topic":"sensors/adxl345/raw"},"device":"rpi-9a2f6ea2e358535b","event":"MQTT_PUBLISH_FAILED","level":"ERROR","seq":273,"sig":"433e7f0bf2d0663e","ts":"2026-04-22T22:03:06.169379+00:00"}
{"category":"NETWORK","details":{"error":"name 'client' is not defined","sample_ts":1776895385.9884,"topic":"sensors/adxl345/raw"},"device":"rpi-9a2f6ea2e358535b","event":"MQTT_PUBLISH_FAILED","level":"ERROR","seq":274,"sig":"592771f80c79bbd3","ts":"2026-04-22T22:03:06.169485+00:00"}
{"category":"NETWORK","details":{"error":"name 'client' is not defined","sample_ts":1776895385.9984,"topic":"sensors/adxl345/raw"},"device":"rpi-9a2f6ea2e358535b","event":"MQTT_PUBLISH_FAILED","level":"ERROR","seq":275,"sig":"ff9c27c2a120361d","ts":"2026-04-22T22:03:06.169592+00:00"}
{"category":"NETWORK","details":{"error":"name 'client' is not defined","sample_ts":1776895386.0084,"topic":"sensors/adxl345/raw"},"device":"rpi-9a2f6ea2e358535b","event":"MQTT_PUBLISH_FAILED","level":"ERROR","seq":276,"sig":"ba5336f30d9037e5","ts":"2026-04-22T22:03:06.169699+00:00"}
{"category":"NETWORK","details":{"error":"name 'client' is not defined","sample_ts":1776895386.0184,"topic":"sensors/adxl345/raw"},"device":"rpi-9a2f6ea2e358535b","event":"MQTT_PUBLISH_FAILED","level":"ERROR","seq":277,"sig":"90eab99c17b1e961","ts":"2026-04-22T22:03:06.169805+00:00"}
{"category":"NETWORK","details":{"error":"name 'client' is not defined","sample_ts":1776895386.0284,"topic":"sensors/adxl345/raw"},"device":"rpi-9a2f6ea2e358535b","event":"MQTT_PUBLISH_FAILED","level":"ERROR","seq":278,"sig":"33116fb8661914fc","ts":"2026-04-22T22:03:06.169919+00:00"}
{"category":"NETWORK","details":{"error":"name 'client' is not defined","sample_ts":1776895386.0384,"topic":"sensors/adxl345/raw"},"device":"rpi-9a2f6ea2e358535b","event":"MQTT_PUBLISH_FAILED","level":"ERROR","seq":279,"sig":"b36c8724556870ed","ts":"2026-04-22T22:03:06.170028+00:00"}
{"category":"NETWORK","details":{"error":"name 'client' is not defined","sample_ts":1776895386.0484,"topic":"sensors/adxl345/raw"},"device":"rpi-9a2f6ea2e358535b","event":"MQTT_PUBLISH_FAILED","level":"ERROR","seq":280,"sig":"9bfb590be11f2de0","ts":"2026-04-22T22:03:06.170158+00:00"}
{"category":"NETWORK","details":{"error":"name 'client' is not defined","sample_ts":1776895386.0584,"topic":"sensors/adxl345/raw"},"device":"rpi-9a2f6ea2e358535b","event":"MQTT_PUBLISH_FAILED","level":"ERROR","seq":281,"sig":"e6a95ce03c4d803d","ts":"2026-04-22T22:03:06.170274+00:00"}
{"category":"NETWORK","details":{"error":"name 'client' is not defined","sample_ts":1776895386.0684,"topic":"sensors/adxl345/raw"},"device":"rpi-9a2f6ea2e358535b","event":"MQTT_PUBLISH_FAILED","level":"ERROR","seq":282,"sig":"129973aa29cdbe23","ts":"2026-04-22T22:03:06.170382+00:00"}
{"category":"NETWORK","details":{"error":"name 'client' is not defined","sample_ts":1776895386.0784,"topic":"sensors/adxl345/raw"},"device":"rpi-9a2f6ea2e358535b","event":"MQTT_PUBLISH_FAILED","level":"ERROR","seq":283,"sig":"fabcb81cb01620cc","ts":"2026-04-22T22:03:06.170491+00:00"}
{"category":"NETWORK","details":{"error":"name 'client' is not defined","sample_ts":1776895386.0884,"topic":"sensors/adxl345/raw"},"device":"rpi-9a2f6ea2e358535b","event":"MQTT_PUBLISH_FAILED","level":"ERROR","seq":284,"sig":"9e2ef325a27ea5b2","ts":"2026-04-22T22:03:06.170598+00:00"}
{"category":"NETWORK","details":{"error":"name 'client' is not defined","sample_ts":1776895386.0984,"topic":"sensors/adxl345/raw"},"device":"rpi-9a2f6ea2e358535b","event":"MQTT_PUBLISH_FAILED","level":"ERROR","seq":285,"sig":"f702e0e5d801aef8","ts":"2026-04-22T22:03:06.170703+00:00"}
{"category":"NETWORK","details":{"error":"name 'client' is not defined","sample_ts":1776895386.1084,"topic":"sensors/adxl345/raw"},"device":"rpi-9a2f6ea2e358535b","event":"MQTT_PUBLISH_FAILED","level":"ERROR","seq":286,"sig":"40ac223a9d42aabf","ts":"2026-04-22T22:03:06.170810+00:00"}
{"category":"NETWORK","details":{"error":"name 'client' is not defined","sample_ts":1776895386.1184,"topic":"sensors/adxl345/raw"},"device":"rpi-9a2f6ea2e358535b","event":"MQTT_PUBLISH_FAILED","level":"ERROR","seq":287,"sig":"39fe10bd87af7b76","ts":"2026-04-22T22:03:06.170948+00:00"}
{"category":"NETWORK","details":{"error":"name 'client' is not defined","sample_ts":1776895386.1284,"topic":"sensors/adxl345/raw"},"device":"rpi-9a2f6ea2e358535b","event":"MQTT_PUBLISH_FAILED","level":"ERROR","seq":288,"sig":"1ecc5e460eb477dd","ts":"2026-04-22T22:03:06.171058+00:00"}
{"category":"NETWORK","details":{"error":"name 'client' is not defined","sample_ts":1776895386.1384,"topic":"sensors/adxl345/raw"},"device":"rpi-9a2f6ea2e358535b","event":"MQTT_PUBLISH_FAILED","level":"ERROR","seq":289,"sig":"ba9174927467c861","ts":"2026-04-22T22:03:06.171169+00:00"}
{"category":"NETWORK","details":{"error":"name 'client' is not defined","sample_ts":1776895386.1484,"topic":"sensors/adxl345/raw"},"device":"rpi-9a2f6ea2e358535b","event":"MQTT_PUBLISH_FAILED","level":"ERROR","seq":290,"sig":"885424a08ee8b853","ts":"2026-04-22T22:03:06.171277+00:00"}
{"category":"NETWORK","details":{"error":"name 'client' is not defined","sample_ts":1776895386.1584,"topic":"sensors/adxl345/raw"},"device":"rpi-9a2f6ea2e358535b","event":"MQTT_PUBLISH_FAILED","level":"ERROR","seq":291,"sig":"c42f553b177e0480","ts":"2026-04-22T22:03:06.171386+00:00"}
{"category":"SENSOR","details":{"batch_ts":1776895386.4184,"sample_count":25},"device":"rpi-9a2f6ea2e358535b","event":"FIFO_READ","level":"INFO","seq":292,"sig":"e442e8e7f652088a","ts":"2026-04-22T22:03:06.418395+00:00"}
{"category":"NETWORK","details":{"error":"name 'client' is not defined","sample_ts":1776895386.1684,"topic":"sensors/adxl345/raw"},"device":"rpi-9a2f6ea2e358535b","event":"MQTT_PUBLISH_FAILED","level":"ERROR","seq":293,"sig":"bfae02a0533b612a","ts":"2026-04-22T22:03:06.418699+00:00"}
{"category":"NETWORK","details":{"error":"name 'client' is not defined","sample_ts":1776895386.1784,"topic":"sensors/adxl345/raw"},"device":"rpi-9a2f6ea2e358535b","event":"MQTT_PUBLISH_FAILED","level":"ERROR","seq":294,"sig":"b7d7bb46c43a751e","ts":"2026-04-22T22:03:06.418919+00:00"}
{"category":"NETWORK","details":{"error":"name 'client' is not defined","sample_ts":1776895386.1884,"topic":"sensors/adxl345/raw"},"device":"rpi-9a2f6ea2e358535b","event":"MQTT_PUBLISH_FAILED","level":"ERROR","seq":295,"sig":"33e73b4ad855d641","ts":"2026-04-22T22:03:06.419055+00:00"}
{"category":"NETWORK","details":{"error":"name 'client' is not defined","sample_ts":1776895386.1984,"topic":"sensors/adxl345/raw"},"device":"rpi-9a2f6ea2e358535b","event":"MQTT_PUBLISH_FAILED","level":"ERROR","seq":296,"sig":"f62829cbfb6a7fed","ts":"2026-04-22T22:03:06.419172+00:00"}
{"category":"NETWORK","details":{"error":"name 'client' is not defined","sample_ts":1776895386.2084,"topic":"sensors/adxl345/raw"},"device":"rpi-9a2f6ea2e358535b","event":"MQTT_PUBLISH_FAILED","level":"ERROR","seq":297,"sig":"0e95be6a57bc38d1","ts":"2026-04-22T22:03:06.419291+00:00"}
{"category":"NETWORK","details":{"error":"name 'client' is not defined","sample_ts":1776895386.2184,"topic":"sensors/adxl345/raw"},"device":"rpi-9a2f6ea2e358535b","event":"MQTT_PUBLISH_FAILED","level":"ERROR","seq":298,"sig":"288cad8c8609fa43","ts":"2026-04-22T22:03:06.419405+00:00"}
{"category":"NETWORK","details":{"error":"name 'client' is not defined","sample_ts":1776895386.2284,"topic":"sensors/adxl345/raw"},"device":"rpi-9a2f6ea2e358535b","event":"MQTT_PUBLISH_FAILED","level":"ERROR","seq":299,"sig":"92db5bf064f9b5ec","ts":"2026-04-22T22:03:06.419512+00:00"}
{"category":"NETWORK","details":{"error":"name 'client' is not defined","sample_ts":1776895386.2384,"topic":"sensors/adxl345/raw"},"device":"rpi-9a2f6ea2e358535b","event":"MQTT_PUBLISH_FAILED","level":"ERROR","seq":300,"sig":"b6752f64d038fb43","ts":"2026-04-22T22:03:06.419620+00:00"}
{"category":"NETWORK","details":{"error":"name 'client' is not defined","sample_ts":1776895386.2484,"topic":"sensors/adxl345/raw"},"device":"rpi-9a2f6ea2e358535b","event":"MQTT_PUBLISH_FAILED","level":"ERROR","seq":301,"sig":"11c2c207457d0ab7","ts":"2026-04-22T22:03:06.419726+00:00"}
{"category":"NETWORK","details":{"error":"name 'client' is not defined","sample_ts":1776895386.2584,"topic":"sensors/adxl345/raw"},"device":"rpi-9a2f6ea2e358535b","event":"MQTT_PUBLISH_FAILED","level":"ERROR","seq":302,"sig":"f2cac3c02ebc81b6","ts":"2026-04-22T22:03:06.419832+00:00"}
{"category":"NETWORK","details":{"error":"name 'client' is not defined","sample_ts":1776895386.2684,"topic":"sensors/adxl345/raw"},"device":"rpi-9a2f6ea2e358535b","event":"MQTT_PUBLISH_FAILED","level":"ERROR","seq":303,"sig":"cb5303b06d8ccec3","ts":"2026-04-22T22:03:06.419939+00:00"}
{"category":"NETWORK","details":{"error":"name 'client' is not defined","sample_ts":1776895386.2784,"topic":"sensors/adxl345/raw"},"device":"rpi-9a2f6ea2e358535b","event":"MQTT_PUBLISH_FAILED","level":"ERROR","seq":304,"sig":"0516232ff7392c4e","ts":"2026-04-22T22:03:06.420047+00:00"}
{"category":"NETWORK","details":{"error":"name 'client' is not defined","sample_ts":1776895386.2884,"topic":"sensors/adxl345/raw"},"device":"rpi-9a2f6ea2e358535b","event":"MQTT_PUBLISH_FAILED","level":"ERROR","seq":305,"sig":"c2f2ca8ffac2b863","ts":"2026-04-22T22:03:06.420155+00:00"}
{"category":"NETWORK","details":{"error":"name 'client' is not defined","sample_ts":1776895386.2984,"topic":"sensors/adxl345/raw"},"device":"rpi-9a2f6ea2e358535b","event":"MQTT_PUBLISH_FAILED","level":"ERROR","seq":306,"sig":"04e10c0d1b50a8f1","ts":"2026-04-22T22:03:06.420261+00:00"}
{"category":"NETWORK","details":{"error":"name 'client' is not defined","sample_ts":1776895386.3084,"topic":"sensors/adxl345/raw"},"device":"rpi-9a2f6ea2e358535b","event":"MQTT_PUBLISH_FAILED","level":"ERROR","seq":307,"sig":"3b0532eed62df250","ts":"2026-04-22T22:03:06.420367+00:00"}
{"category":"NETWORK","details":{"error":"name 'client' is not defined","sample_ts":1776895386.3184,"topic":"sensors/adxl345/raw"},"device":"rpi-9a2f6ea2e358535b","event":"MQTT_PUBLISH_FAILED","level":"ERROR","seq":308,"sig":"38dea12dfb2076c5","ts":"2026-04-22T22:03:06.420473+00:00"}
{"category":"NETWORK","details":{"error":"name 'client' is not defined","sample_ts":1776895386.3284,"topic":"sensors/adxl345/raw"},"device":"rpi-9a2f6ea2e358535b","event":"MQTT_PUBLISH_FAILED","level":"ERROR","seq":309,"sig":"11e8b0715d1562b3","ts":"2026-04-22T22:03:06.420586+00:00"}
{"category":"NETWORK","details":{"error":"name 'client' is not defined","sample_ts":1776895386.3384,"topic":"sensors/adxl345/raw"},"device":"rpi-9a2f6ea2e358535b","event":"MQTT_PUBLISH_FAILED","level":"ERROR","seq":310,"sig":"baf5bb94139e1b44","ts":"2026-04-22T22:03:06.420750+00:00"}
{"category":"NETWORK","details":{"error":"name 'client' is not defined","sample_ts":1776895386.3484,"topic":"sensors/adxl345/raw"},"device":"rpi-9a2f6ea2e358535b","event":"MQTT_PUBLISH_FAILED","level":"ERROR","seq":311,"sig":"72b4cdd7671df35d","ts":"2026-04-22T22:03:06.420879+00:00"}
{"category":"NETWORK","details":{"error":"name 'client' is not defined","sample_ts":1776895386.3584,"topic":"sensors/adxl345/raw"},"device":"rpi-9a2f6ea2e358535b","event":"MQTT_PUBLISH_FAILED","level":"ERROR","seq":312,"sig":"c6dbd663ab601337","ts":"2026-04-22T22:03:06.421001+00:00"}
{"category":"NETWORK","details":{"error":"name 'client' is not defined","sample_ts":1776895386.3684,"topic":"sensors/adxl345/raw"},"device":"rpi-9a2f6ea2e358535b","event":"MQTT_PUBLISH_FAILED","level":"ERROR","seq":313,"sig":"c3a2d850cbd82b3b","ts":"2026-04-22T22:03:06.421119+00:00"}
{"category":"NETWORK","details":{"error":"name 'client' is not defined","sample_ts":1776895386.3784,"topic":"sensors/adxl345/raw"},"device":"rpi-9a2f6ea2e358535b","event":"MQTT_PUBLISH_FAILED","level":"ERROR","seq":314,"sig":"910792d8b9958277","ts":"2026-04-22T22:03:06.421233+00:00"}
{"category":"NETWORK","details":{"error":"name 'client' is not defined","sample_ts":1776895386.3884,"topic":"sensors/adxl345/raw"},"device":"rpi-9a2f6ea2e358535b","event":"MQTT_PUBLISH_FAILED","level":"ERROR","seq":315,"sig":"83aa0aea7e4dae97","ts":"2026-04-22T22:03:06.421341+00:00"}
{"category":"NETWORK","details":{"error":"name 'client' is not defined","sample_ts":1776895386.3984,"topic":"sensors/adxl345/raw"},"device":"rpi-9a2f6ea2e358535b","event":"MQTT_PUBLISH_FAILED","level":"ERROR","seq":316,"sig":"5fcd7646bbb9ec19","ts":"2026-04-22T22:03:06.421454+00:00"}
{"category":"NETWORK","details":{"error":"name 'client' is not defined","sample_ts":1776895386.4084,"topic":"sensors/adxl345/raw"},"device":"rpi-9a2f6ea2e358535b","event":"MQTT_PUBLISH_FAILED","level":"ERROR","seq":317,"sig":"dc87441d77df3491","ts":"2026-04-22T22:03:06.421563+00:00"}
{"category":"SENSOR","details":{"batch_ts":1776895386.6683,"sample_count":25},"device":"rpi-9a2f6ea2e358535b","event":"FIFO_READ","level":"INFO","seq":318,"sig":"63529f744955ec83","ts":"2026-04-22T22:03:06.668357+00:00"}
{"category":"NETWORK","details":{"error":"name 'client' is not defined","sample_ts":1776895386.4183,"topic":"sensors/adxl345/raw"},"device":"rpi-9a2f6ea2e358535b","event":"MQTT_PUBLISH_FAILED","level":"ERROR","seq":319,"sig":"84e0b9a71960234b","ts":"2026-04-22T22:03:06.668568+00:00"}
{"category":"NETWORK","details":{"error":"name 'client' is not defined","sample_ts":1776895386.4283,"topic":"sensors/adxl345/raw"},"device":"rpi-9a2f6ea2e358535b","event":"MQTT_PUBLISH_FAILED","level":"ERROR","seq":320,"sig":"0b350d29fa1d99b9","ts":"2026-04-22T22:03:06.668776+00:00"}
{"category":"NETWORK","details":{"error":"name 'client' is not defined","sample_ts":1776895386.4383,"topic":"sensors/adxl345/raw"},"device":"rpi-9a2f6ea2e358535b","event":"MQTT_PUBLISH_FAILED","level":"ERROR","seq":321,"sig":"29aa632f52a36851","ts":"2026-04-22T22:03:06.668940+00:00"}
{"category":"NETWORK","details":{"error":"name 'client' is not defined","sample_ts":1776895386.4483,"topic":"sensors/adxl345/raw"},"device":"rpi-9a2f6ea2e358535b","event":"MQTT_PUBLISH_FAILED","level":"ERROR","seq":322,"sig":"e788d813ce217211","ts":"2026-04-22T22:03:06.669090+00:00"}
{"category":"NETWORK","details":{"error":"name 'client' is not defined","sample_ts":1776895386.4583,"topic":"sensors/adxl345/raw"},"device":"rpi-9a2f6ea2e358535b","event":"MQTT_PUBLISH_FAILED","level":"ERROR","seq":323,"sig":"88163053bd67d404","ts":"2026-04-22T22:03:06.669237+00:00"}
{"category":"NETWORK","details":{"error":"name 'client' is not defined","sample_ts":1776895386.4683,"topic":"sensors/adxl345/raw"},"device":"rpi-9a2f6ea2e358535b","event":"MQTT_PUBLISH_FAILED","level":"ERROR","seq":324,"sig":"e5d47a0977371f3e","ts":"2026-04-22T22:03:06.669377+00:00"}
{"category":"NETWORK","details":{"error":"name 'client' is not defined","sample_ts":1776895386.4783,"topic":"sensors/adxl345/raw"},"device":"rpi-9a2f6ea2e358535b","event":"MQTT_PUBLISH_FAILED","level":"ERROR","seq":325,"sig":"115e1a5834280050","ts":"2026-04-22T22:03:06.669510+00:00"}
{"category":"NETWORK","details":{"error":"name 'client' is not defined","sample_ts":1776895386.4883,"topic":"sensors/adxl345/raw"},"device":"rpi-9a2f6ea2e358535b","event":"MQTT_PUBLISH_FAILED","level":"ERROR","seq":326,"sig":"03dc7e7b15fe4b07","ts":"2026-04-22T22:03:06.669642+00:00"}
{"category":"NETWORK","details":{"error":"name 'client' is not defined","sample_ts":1776895386.4983,"topic":"sensors/adxl345/raw"},"device":"rpi-9a2f6ea2e358535b","event":"MQTT_PUBLISH_FAILED","level":"ERROR","seq":327,"sig":"cbdf128f54190a8f","ts":"2026-04-22T22:03:06.669775+00:00"}
{"category":"NETWORK","details":{"error":"name 'client' is not defined","sample_ts":1776895386.5083,"topic":"sensors/adxl345/raw"},"device":"rpi-9a2f6ea2e358535b","event":"MQTT_PUBLISH_FAILED","level":"ERROR","seq":328,"sig":"aa4449b7ff2388b4","ts":"2026-04-22T22:03:06.669915+00:00"}
{"category":"NETWORK","details":{"error":"name 'client' is not defined","sample_ts":1776895386.5183,"topic":"sensors/adxl345/raw"},"device":"rpi-9a2f6ea2e358535b","event":"MQTT_PUBLISH_FAILED","level":"ERROR","seq":329,"sig":"0e6a564b87afa54d","ts":"2026-04-22T22:03:06.670049+00:00"}
{"category":"NETWORK","details":{"error":"name 'client' is not defined","sample_ts":1776895386.5283,"topic":"sensors/adxl345/raw"},"device":"rpi-9a2f6ea2e358535b","event":"MQTT_PUBLISH_FAILED","level":"ERROR","seq":330,"sig":"faeab2e11a9daf89","ts":"2026-04-22T22:03:06.670184+00:00"}
{"category":"NETWORK","details":{"error":"name 'client' is not defined","sample_ts":1776895386.5383,"topic":"sensors/adxl345/raw"},"device":"rpi-9a2f6ea2e358535b","event":"MQTT_PUBLISH_FAILED","level":"ERROR","seq":331,"sig":"14f81111f76adbed","ts":"2026-04-22T22:03:06.670317+00:00"}
{"category":"NETWORK","details":{"error":"name 'client' is not defined","sample_ts":1776895386.5483,"topic":"sensors/adxl345/raw"},"device":"rpi-9a2f6ea2e358535b","event":"MQTT_PUBLISH_FAILED","level":"ERROR","seq":332,"sig":"aa9626caa5b63467","ts":"2026-04-22T22:03:06.670450+00:00"}
{"category":"NETWORK","details":{"error":"name 'client' is not defined","sample_ts":1776895386.5583,"topic":"sensors/adxl345/raw"},"device":"rpi-9a2f6ea2e358535b","event":"MQTT_PUBLISH_FAILED","level":"ERROR","seq":333,"sig":"a6e89dbfe42b5e2e","ts":"2026-04-22T22:03:06.670584+00:00"}
{"category":"NETWORK","details":{"error":"name 'client' is not defined","sample_ts":1776895386.5683,"topic":"sensors/adxl345/raw"},"device":"rpi-9a2f6ea2e358535b","event":"MQTT_PUBLISH_FAILED","level":"ERROR","seq":334,"sig":"377315614c5959c7","ts":"2026-04-22T22:03:06.670726+00:00"}
{"category":"NETWORK","details":{"error":"name 'client' is not defined","sample_ts":1776895386.5783,"topic":"sensors/adxl345/raw"},"device":"rpi-9a2f6ea2e358535b","event":"MQTT_PUBLISH_FAILED","level":"ERROR","seq":335,"sig":"5ca72dcf3b6e89c4","ts":"2026-04-22T22:03:06.670883+00:00"}
{"category":"NETWORK","details":{"error":"name 'client' is not defined","sample_ts":1776895386.5883,"topic":"sensors/adxl345/raw"},"device":"rpi-9a2f6ea2e358535b","event":"MQTT_PUBLISH_FAILED","level":"ERROR","seq":336,"sig":"e2a7a911b6bde97d","ts":"2026-04-22T22:03:06.671014+00:00"}
{"category":"NETWORK","details":{"error":"name 'client' is not defined","sample_ts":1776895386.5983,"topic":"sensors/adxl345/raw"},"device":"rpi-9a2f6ea2e358535b","event":"MQTT_PUBLISH_FAILED","level":"ERROR","seq":337,"sig":"9f600ebd319006b4","ts":"2026-04-22T22:03:06.671126+00:00"}
{"category":"NETWORK","details":{"error":"name 'client' is not defined","sample_ts":1776895386.6083,"topic":"sensors/adxl345/raw"},"device":"rpi-9a2f6ea2e358535b","event":"MQTT_PUBLISH_FAILED","level":"ERROR","seq":338,"sig":"9c359b8b23245947","ts":"2026-04-22T22:03:06.671249+00:00"}
{"category":"NETWORK","details":{"error":"name 'client' is not defined","sample_ts":1776895386.6183,"topic":"sensors/adxl345/raw"},"device":"rpi-9a2f6ea2e358535b","event":"MQTT_PUBLISH_FAILED","level":"ERROR","seq":339,"sig":"c6083c74cd076317","ts":"2026-04-22T22:03:06.671363+00:00"}
{"category":"NETWORK","details":{"error":"name 'client' is not defined","sample_ts":1776895386.6283,"topic":"sensors/adxl345/raw"},"device":"rpi-9a2f6ea2e358535b","event":"MQTT_PUBLISH_FAILED","level":"ERROR","seq":340,"sig":"0548eb9af1f66f2a","ts":"2026-04-22T22:03:06.671469+00:00"}
{"category":"NETWORK","details":{"error":"name 'client' is not defined","sample_ts":1776895386.6383,"topic":"sensors/adxl345/raw"},"device":"rpi-9a2f6ea2e358535b","event":"MQTT_PUBLISH_FAILED","level":"ERROR","seq":341,"sig":"a70b7e2abb32fd5f","ts":"2026-04-22T22:03:06.671581+00:00"}
{"category":"NETWORK","details":{"error":"name 'client' is not defined","sample_ts":1776895386.6483,"topic":"sensors/adxl345/raw"},"device":"rpi-9a2f6ea2e358535b","event":"MQTT_PUBLISH_FAILED","level":"ERROR","seq":342,"sig":"55ccb1b8fc9e1404","ts":"2026-04-22T22:03:06.671694+00:00"}
{"category":"NETWORK","details":{"error":"name 'client' is not defined","sample_ts":1776895386.6583,"topic":"sensors/adxl345/raw"},"device":"rpi-9a2f6ea2e358535b","event":"MQTT_PUBLISH_FAILED","level":"ERROR","seq":343,"sig":"4ccd3635d60c0146","ts":"2026-04-22T22:03:06.671803+00:00"}
{"category":"DATA","details":{"band_hz":[4.0,7.0],"batch_ts":1776895386.6683,"x_peak_g":0.002653,"x_peak_hz":6.0,"y_peak_g":0.004669,"y_peak_hz":4.0,"z_peak_g":0.002987,"z_peak_hz":4.0},"device":"rpi-9a2f6ea2e358535b","event":"FFT_RESULT","level":"INFO","seq":344,"sig":"4c53e3768e044c5f","ts":"2026-04-22T22:03:06.672279+00:00"}
{"category":"NETWORK","details":{"batch_ts":1776895386.6683,"error":"name 'client' is not defined","topic":"sensors/adxl345/fft"},"device":"rpi-9a2f6ea2e358535b","event":"MQTT_PUBLISH_FAILED","level":"ERROR","seq":345,"sig":"5683c1df8055eaea","ts":"2026-04-22T22:03:06.672438+00:00"}
{"category":"SENSOR","details":{"batch_ts":1776895386.9184,"sample_count":25},"device":"rpi-9a2f6ea2e358535b","event":"FIFO_READ","level":"INFO","seq":346,"sig":"969434c966400541","ts":"2026-04-22T22:03:06.918362+00:00"}
{"category":"NETWORK","details":{"error":"name 'client' is not defined","sample_ts":1776895386.6684,"topic":"sensors/adxl345/raw"},"device":"rpi-9a2f6ea2e358535b","event":"MQTT_PUBLISH_FAILED","level":"ERROR","seq":347,"sig":"4f1249acacb5a42d","ts":"2026-04-22T22:03:06.918583+00:00"}
{"category":"NETWORK","details":{"error":"name 'client' is not defined","sample_ts":1776895386.6784,"topic":"sensors/adxl345/raw"},"device":"rpi-9a2f6ea2e358535b","event":"MQTT_PUBLISH_FAILED","level":"ERROR","seq":348,"sig":"f7b8528da45badce","ts":"2026-04-22T22:03:06.918778+00:00"}
{"category":"NETWORK","details":{"error":"name 'client' is not defined","sample_ts":1776895386.6884,"topic":"sensors/adxl345/raw"},"device":"rpi-9a2f6ea2e358535b","event":"MQTT_PUBLISH_FAILED","level":"ERROR","seq":349,"sig":"e70425fe7f6d7e10","ts":"2026-04-22T22:03:06.918944+00:00"}
{"category":"NETWORK","details":{"error":"name 'client' is not defined","sample_ts":1776895386.6984,"topic":"sensors/adxl345/raw"},"device":"rpi-9a2f6ea2e358535b","event":"MQTT_PUBLISH_FAILED","level":"ERROR","seq":350,"sig":"a317b88094f52c1e","ts":"2026-04-22T22:03:06.919099+00:00"}
{"category":"NETWORK","details":{"error":"name 'client' is not defined","sample_ts":1776895386.7084,"topic":"sensors/adxl345/raw"},"device":"rpi-9a2f6ea2e358535b","event":"MQTT_PUBLISH_FAILED","level":"ERROR","seq":351,"sig":"72719b39a168712d","ts":"2026-04-22T22:03:06.919240+00:00"}
{"category":"NETWORK","details":{"error":"name 'client' is not defined","sample_ts":1776895386.7184,"topic":"sensors/adxl345/raw"},"device":"rpi-9a2f6ea2e358535b","event":"MQTT_PUBLISH_FAILED","level":"ERROR","seq":352,"sig":"17e4138c9d67521d","ts":"2026-04-22T22:03:06.919382+00:00"}
{"category":"NETWORK","details":{"error":"name 'client' is not defined","sample_ts":1776895386.7284,"topic":"sensors/adxl345/raw"},"device":"rpi-9a2f6ea2e358535b","event":"MQTT_PUBLISH_FAILED","level":"ERROR","seq":353,"sig":"a59e517f5df411d6","ts":"2026-04-22T22:03:06.919517+00:00"}
{"category":"NETWORK","details":{"error":"name 'client' is not defined","sample_ts":1776895386.7384,"topic":"sensors/adxl345/raw"},"device":"rpi-9a2f6ea2e358535b","event":"MQTT_PUBLISH_FAILED","level":"ERROR","seq":354,"sig":"9bcd6b6a18e558ba","ts":"2026-04-22T22:03:06.919650+00:00"}
{"category":"NETWORK","details":{"error":"name 'client' is not defined","sample_ts":1776895386.7484,"topic":"sensors/adxl345/raw"},"device":"rpi-9a2f6ea2e358535b","event":"MQTT_PUBLISH_FAILED","level":"ERROR","seq":355,"sig":"b7160ec20965e076","ts":"2026-04-22T22:03:06.919780+00:00"}
{"category":"NETWORK","details":{"error":"name 'client' is not defined","sample_ts":1776895386.7584,"topic":"sensors/adxl345/raw"},"device":"rpi-9a2f6ea2e358535b","event":"MQTT_PUBLISH_FAILED","level":"ERROR","seq":356,"sig":"20337f81e97a562a","ts":"2026-04-22T22:03:06.919911+00:00"}
{"category":"NETWORK","details":{"error":"name 'client' is not defined","sample_ts":1776895386.7684,"topic":"sensors/adxl345/raw"},"device":"rpi-9a2f6ea2e358535b","event":"MQTT_PUBLISH_FAILED","level":"ERROR","seq":357,"sig":"43917cece3301b40","ts":"2026-04-22T22:03:06.920042+00:00"}
{"category":"NETWORK","details":{"error":"name 'client' is not defined","sample_ts":1776895386.7784,"topic":"sensors/adxl345/raw"},"device":"rpi-9a2f6ea2e358535b","event":"MQTT_PUBLISH_FAILED","level":"ERROR","seq":358,"sig":"8c02605b65e9be23","ts":"2026-04-22T22:03:06.920170+00:00"}
{"category":"NETWORK","details":{"error":"name 'client' is not defined","sample_ts":1776895386.7884,"topic":"sensors/adxl345/raw"},"device":"rpi-9a2f6ea2e358535b","event":"MQTT_PUBLISH_FAILED","level":"ERROR","seq":359,"sig":"646602b51d38e8ba","ts":"2026-04-22T22:03:06.920299+00:00"}
{"category":"NETWORK","details":{"error":"name 'client' is not defined","sample_ts":1776895386.7984,"topic":"sensors/adxl345/raw"},"device":"rpi-9a2f6ea2e358535b","event":"MQTT_PUBLISH_FAILED","level":"ERROR","seq":360,"sig":"5c3b317afcfcadb8","ts":"2026-04-22T22:03:06.920428+00:00"}
{"category":"NETWORK","details":{"error":"name 'client' is not defined","sample_ts":1776895386.8084,"topic":"sensors/adxl345/raw"},"device":"rpi-9a2f6ea2e358535b","event":"MQTT_PUBLISH_FAILED","level":"ERROR","seq":361,"sig":"a13e89c1ade0776d","ts":"2026-04-22T22:03:06.920558+00:00"}
{"category":"NETWORK","details":{"error":"name 'client' is not defined","sample_ts":1776895386.8184,"topic":"sensors/adxl345/raw"},"device":"rpi-9a2f6ea2e358535b","event":"MQTT_PUBLISH_FAILED","level":"ERROR","seq":362,"sig":"1e590589e5240554","ts":"2026-04-22T22:03:06.920722+00:00"}
{"category":"NETWORK","details":{"error":"name 'client' is not defined","sample_ts":1776895386.8284,"topic":"sensors/adxl345/raw"},"device":"rpi-9a2f6ea2e358535b","event":"MQTT_PUBLISH_FAILED","level":"ERROR","seq":363,"sig":"15baf750403c8838","ts":"2026-04-22T22:03:06.920878+00:00"}
{"category":"NETWORK","details":{"error":"name 'client' is not defined","sample_ts":1776895386.8384,"topic":"sensors/adxl345/raw"},"device":"rpi-9a2f6ea2e358535b","event":"MQTT_PUBLISH_FAILED","level":"ERROR","seq":364,"sig":"d910b92764c491a9","ts":"2026-04-22T22:03:06.921014+00:00"}
{"category":"NETWORK","details":{"error":"name 'client' is not defined","sample_ts":1776895386.8484,"topic":"sensors/adxl345/raw"},"device":"rpi-9a2f6ea2e358535b","event":"MQTT_PUBLISH_FAILED","level":"ERROR","seq":365,"sig":"05b9dfbc8198ca48","ts":"2026-04-22T22:03:06.921146+00:00"}
{"category":"NETWORK","details":{"error":"name 'client' is not defined","sample_ts":1776895386.8584,"topic":"sensors/adxl345/raw"},"device":"rpi-9a2f6ea2e358535b","event":"MQTT_PUBLISH_FAILED","level":"ERROR","seq":366,"sig":"c8581dabc42e8108","ts":"2026-04-22T22:03:06.921282+00:00"}
{"category":"NETWORK","details":{"error":"name 'client' is not defined","sample_ts":1776895386.8684,"topic":"sensors/adxl345/raw"},"device":"rpi-9a2f6ea2e358535b","event":"MQTT_PUBLISH_FAILED","level":"ERROR","seq":367,"sig":"b0a61722c6760759","ts":"2026-04-22T22:03:06.921415+00:00"}
{"category":"NETWORK","details":{"error":"name 'client' is not defined","sample_ts":1776895386.8784,"topic":"sensors/adxl345/raw"},"device":"rpi-9a2f6ea2e358535b","event":"MQTT_PUBLISH_FAILED","level":"ERROR","seq":368,"sig":"e013508f1883d4b9","ts":"2026-04-22T22:03:06.921545+00:00"}
{"category":"NETWORK","details":{"error":"name 'client' is not defined","sample_ts":1776895386.8884,"topic":"sensors/adxl345/raw"},"device":"rpi-9a2f6ea2e358535b","event":"MQTT_PUBLISH_FAILED","level":"ERROR","seq":369,"sig":"271c92a55b103545","ts":"2026-04-22T22:03:06.921675+00:00"}
{"category":"NETWORK","details":{"error":"name 'client' is not defined","sample_ts":1776895386.8984,"topic":"sensors/adxl345/raw"},"device":"rpi-9a2f6ea2e358535b","event":"MQTT_PUBLISH_FAILED","level":"ERROR","seq":370,"sig":"1343a3978acfd80d","ts":"2026-04-22T22:03:06.921801+00:00"}
{"category":"NETWORK","details":{"error":"name 'client' is not defined","sample_ts":1776895386.9084,"topic":"sensors/adxl345/raw"},"device":"rpi-9a2f6ea2e358535b","event":"MQTT_PUBLISH_FAILED","level":"ERROR","seq":371,"sig":"0d4cbff58cf08828","ts":"2026-04-22T22:03:06.921914+00:00"}
{"category":"SENSOR","details":{"batch_ts":1776895387.1684,"sample_count":25},"device":"rpi-9a2f6ea2e358535b","event":"FIFO_READ","level":"INFO","seq":372,"sig":"793c962b7218af9a","ts":"2026-04-22T22:03:07.168370+00:00"}
{"category":"NETWORK","details":{"error":"name 'client' is not defined","sample_ts":1776895386.9184,"topic":"sensors/adxl345/raw"},"device":"rpi-9a2f6ea2e358535b","event":"MQTT_PUBLISH_FAILED","level":"ERROR","seq":373,"sig":"ff446328f21ba3bd","ts":"2026-04-22T22:03:07.168602+00:00"}
{"category":"NETWORK","details":{"error":"name 'client' is not defined","sample_ts":1776895386.9284,"topic":"sensors/adxl345/raw"},"device":"rpi-9a2f6ea2e358535b","event":"MQTT_PUBLISH_FAILED","level":"ERROR","seq":374,"sig":"0a4e3c94e196ff58","ts":"2026-04-22T22:03:07.168821+00:00"}
{"category":"NETWORK","details":{"error":"name 'client' is not defined","sample_ts":1776895386.9384,"topic":"sensors/adxl345/raw"},"device":"rpi-9a2f6ea2e358535b","event":"MQTT_PUBLISH_FAILED","level":"ERROR","seq":375,"sig":"bf855d65026c44e0","ts":"2026-04-22T22:03:07.168987+00:00"}
{"category":"NETWORK","details":{"error":"name 'client' is not defined","sample_ts":1776895386.9484,"topic":"sensors/adxl345/raw"},"device":"rpi-9a2f6ea2e358535b","event":"MQTT_PUBLISH_FAILED","level":"ERROR","seq":376,"sig":"fee80af1ed505f6c","ts":"2026-04-22T22:03:07.169138+00:00"}
{"category":"NETWORK","details":{"error":"name 'client' is not defined","sample_ts":1776895386.9584,"topic":"sensors/adxl345/raw"},"device":"rpi-9a2f6ea2e358535b","event":"MQTT_PUBLISH_FAILED","level":"ERROR","seq":377,"sig":"58564354f543bde4","ts":"2026-04-22T22:03:07.169278+00:00"}
{"category":"NETWORK","details":{"error":"name 'client' is not defined","sample_ts":1776895386.9684,"topic":"sensors/adxl345/raw"},"device":"rpi-9a2f6ea2e358535b","event":"MQTT_PUBLISH_FAILED","level":"ERROR","seq":378,"sig":"ab20c7b677b2862e","ts":"2026-04-22T22:03:07.169414+00:00"}
{"category":"NETWORK","details":{"error":"name 'client' is not defined","sample_ts":1776895386.9784,"topic":"sensors/adxl345/raw"},"device":"rpi-9a2f6ea2e358535b","event":"MQTT_PUBLISH_FAILED","level":"ERROR","seq":379,"sig":"c0b5f7f88b3d9c7a","ts":"2026-04-22T22:03:07.169548+00:00"}
{"category":"NETWORK","details":{"error":"name 'client' is not defined","sample_ts":1776895386.9884,"topic":"sensors/adxl345/raw"},"device":"rpi-9a2f6ea2e358535b","event":"MQTT_PUBLISH_FAILED","level":"ERROR","seq":380,"sig":"22b558ebf1c79f9f","ts":"2026-04-22T22:03:07.169682+00:00"}
{"category":"NETWORK","details":{"error":"name 'client' is not defined","sample_ts":1776895386.9984,"topic":"sensors/adxl345/raw"},"device":"rpi-9a2f6ea2e358535b","event":"MQTT_PUBLISH_FAILED","level":"ERROR","seq":381,"sig":"f6828e4d0baf00e8","ts":"2026-04-22T22:03:07.169825+00:00"}
{"category":"NETWORK","details":{"error":"name 'client' is not defined","sample_ts":1776895387.0084,"topic":"sensors/adxl345/raw"},"device":"rpi-9a2f6ea2e358535b","event":"MQTT_PUBLISH_FAILED","level":"ERROR","seq":382,"sig":"ddfff95c8898890c","ts":"2026-04-22T22:03:07.169960+00:00"}
{"category":"NETWORK","details":{"error":"name 'client' is not defined","sample_ts":1776895387.0184,"topic":"sensors/adxl345/raw"},"device":"rpi-9a2f6ea2e358535b","event":"MQTT_PUBLISH_FAILED","level":"ERROR","seq":383,"sig":"1b71df987c2ef5ab","ts":"2026-04-22T22:03:07.170094+00:00"}
{"category":"NETWORK","details":{"error":"name 'client' is not defined","sample_ts":1776895387.0284,"topic":"sensors/adxl345/raw"},"device":"rpi-9a2f6ea2e358535b","event":"MQTT_PUBLISH_FAILED","level":"ERROR","seq":384,"sig":"67aec8acaa7fa94e","ts":"2026-04-22T22:03:07.170229+00:00"}
{"category":"NETWORK","details":{"error":"name 'client' is not defined","sample_ts":1776895387.0384,"topic":"sensors/adxl345/raw"},"device":"rpi-9a2f6ea2e358535b","event":"MQTT_PUBLISH_FAILED","level":"ERROR","seq":385,"sig":"84a645f19c9daae6","ts":"2026-04-22T22:03:07.170360+00:00"}
{"category":"NETWORK","details":{"error":"name 'client' is not defined","sample_ts":1776895387.0484,"topic":"sensors/adxl345/raw"},"device":"rpi-9a2f6ea2e358535b","event":"MQTT_PUBLISH_FAILED","level":"ERROR","seq":386,"sig":"f6d2a007cfc5d495","ts":"2026-04-22T22:03:07.170493+00:00"}
{"category":"NETWORK","details":{"error":"name 'client' is not defined","sample_ts":1776895387.0584,"topic":"sensors/adxl345/raw"},"device":"rpi-9a2f6ea2e358535b","event":"MQTT_PUBLISH_FAILED","level":"ERROR","seq":387,"sig":"293b23ea2833392d","ts":"2026-04-22T22:03:07.170623+00:00"}
{"category":"NETWORK","details":{"error":"name 'client' is not defined","sample_ts":1776895387.0684,"topic":"sensors/adxl345/raw"},"device":"rpi-9a2f6ea2e358535b","event":"MQTT_PUBLISH_FAILED","level":"ERROR","seq":388,"sig":"93aa6ab1d78e225a","ts":"2026-04-22T22:03:07.170754+00:00"}
{"category":"NETWORK","details":{"error":"name 'client' is not defined","sample_ts":1776895387.0784,"topic":"sensors/adxl345/raw"},"device":"rpi-9a2f6ea2e358535b","event":"MQTT_PUBLISH_FAILED","level":"ERROR","seq":389,"sig":"1b3bb38fd5e7f86b","ts":"2026-04-22T22:03:07.170883+00:00"}
{"category":"NETWORK","details":{"error":"name 'client' is not defined","sample_ts":1776895387.0884,"topic":"sensors/adxl345/raw"},"device":"rpi-9a2f6ea2e358535b","event":"MQTT_PUBLISH_FAILED","level":"ERROR","seq":390,"sig":"d7b5bcf46a2d2752","ts":"2026-04-22T22:03:07.171012+00:00"}
{"category":"NETWORK","details":{"error":"name 'client' is not defined","sample_ts":1776895387.0984,"topic":"sensors/adxl345/raw"},"device":"rpi-9a2f6ea2e358535b","event":"MQTT_PUBLISH_FAILED","level":"ERROR","seq":391,"sig":"1b93adcbb7bf2343","ts":"2026-04-22T22:03:07.171140+00:00"}
{"category":"NETWORK","details":{"error":"name 'client' is not defined","sample_ts":1776895387.1084,"topic":"sensors/adxl345/raw"},"device":"rpi-9a2f6ea2e358535b","event":"MQTT_PUBLISH_FAILED","level":"ERROR","seq":392,"sig":"c8714dd99f4e2d7c","ts":"2026-04-22T22:03:07.171270+00:00"}
{"category":"NETWORK","details":{"error":"name 'client' is not defined","sample_ts":1776895387.1184,"topic":"sensors/adxl345/raw"},"device":"rpi-9a2f6ea2e358535b","event":"MQTT_PUBLISH_FAILED","level":"ERROR","seq":393,"sig":"8d09c0c9f06d0601","ts":"2026-04-22T22:03:07.171404+00:00"}
{"category":"NETWORK","details":{"error":"name 'client' is not defined","sample_ts":1776895387.1284,"topic":"sensors/adxl345/raw"},"device":"rpi-9a2f6ea2e358535b","event":"MQTT_PUBLISH_FAILED","level":"ERROR","seq":394,"sig":"5ed0e4009e0c39d4","ts":"2026-04-22T22:03:07.171534+00:00"}
{"category":"NETWORK","details":{"error":"name 'client' is not defined","sample_ts":1776895387.1384,"topic":"sensors/adxl345/raw"},"device":"rpi-9a2f6ea2e358535b","event":"MQTT_PUBLISH_FAILED","level":"ERROR","seq":395,"sig":"540a6310c2bfeb38","ts":"2026-04-22T22:03:07.171689+00:00"}
{"category":"NETWORK","details":{"error":"name 'client' is not defined","sample_ts":1776895387.1484,"topic":"sensors/adxl345/raw"},"device":"rpi-9a2f6ea2e358535b","event":"MQTT_PUBLISH_FAILED","level":"ERROR","seq":396,"sig":"ff499ec523f00b4f","ts":"2026-04-22T22:03:07.171848+00:00"}
{"category":"NETWORK","details":{"error":"name 'client' is not defined","sample_ts":1776895387.1584,"topic":"sensors/adxl345/raw"},"device":"rpi-9a2f6ea2e358535b","event":"MQTT_PUBLISH_FAILED","level":"ERROR","seq":397,"sig":"9830bfd6c9822aa1","ts":"2026-04-22T22:03:07.171989+00:00"}
{"category":"SENSOR","details":{"batch_ts":1776895387.4184,"sample_count":25},"device":"rpi-9a2f6ea2e358535b","event":"FIFO_READ","level":"INFO","seq":398,"sig":"fdfc6b44dffd3358","ts":"2026-04-22T22:03:07.418370+00:00"}
{"category":"NETWORK","details":{"error":"name 'client' is not defined","sample_ts":1776895387.1684,"topic":"sensors/adxl345/raw"},"device":"rpi-9a2f6ea2e358535b","event":"MQTT_PUBLISH_FAILED","level":"ERROR","seq":399,"sig":"33fc401fbb313977","ts":"2026-04-22T22:03:07.418658+00:00"}
{"category":"NETWORK","details":{"error":"name 'client' is not defined","sample_ts":1776895387.1784,"topic":"sensors/adxl345/raw"},"device":"rpi-9a2f6ea2e358535b","event":"MQTT_PUBLISH_FAILED","level":"ERROR","seq":400,"sig":"56fa5e0c112efab3","ts":"2026-04-22T22:03:07.418871+00:00"}
{"category":"NETWORK","details":{"error":"name 'client' is not defined","sample_ts":1776895387.1884,"topic":"sensors/adxl345/raw"},"device":"rpi-9a2f6ea2e358535b","event":"MQTT_PUBLISH_FAILED","level":"ERROR","seq":401,"sig":"bc85bc1f12591ac8","ts":"2026-04-22T22:03:07.419054+00:00"}
{"category":"NETWORK","details":{"error":"name 'client' is not defined","sample_ts":1776895387.1984,"topic":"sensors/adxl345/raw"},"device":"rpi-9a2f6ea2e358535b","event":"MQTT_PUBLISH_FAILED","level":"ERROR","seq":402,"sig":"f6bab6f72bd75465","ts":"2026-04-22T22:03:07.419222+00:00"}
{"category":"NETWORK","details":{"error":"name 'client' is not defined","sample_ts":1776895387.2084,"topic":"sensors/adxl345/raw"},"device":"rpi-9a2f6ea2e358535b","event":"MQTT_PUBLISH_FAILED","level":"ERROR","seq":403,"sig":"301e2cfeaf999b49","ts":"2026-04-22T22:03:07.419382+00:00"}
{"category":"NETWORK","details":{"error":"name 'client' is not defined","sample_ts":1776895387.2184,"topic":"sensors/adxl345/raw"},"device":"rpi-9a2f6ea2e358535b","event":"MQTT_PUBLISH_FAILED","level":"ERROR","seq":404,"sig":"57e82c50309e015f","ts":"2026-04-22T22:03:07.419534+00:00"}
{"category":"NETWORK","details":{"error":"name 'client' is not defined","sample_ts":1776895387.2284,"topic":"sensors/adxl345/raw"},"device":"rpi-9a2f6ea2e358535b","event":"MQTT_PUBLISH_FAILED","level":"ERROR","seq":405,"sig":"16d92851e617e1b6","ts":"2026-04-22T22:03:07.419678+00:00"}
{"category":"NETWORK","details":{"error":"name 'client' is not defined","sample_ts":1776895387.2384,"topic":"sensors/adxl345/raw"},"device":"rpi-9a2f6ea2e358535b","event":"MQTT_PUBLISH_FAILED","level":"ERROR","seq":406,"sig":"f4564ccfe798763c","ts":"2026-04-22T22:03:07.419812+00:00"}
{"category":"NETWORK","details":{"error":"name 'client' is not defined","sample_ts":1776895387.2484,"topic":"sensors/adxl345/raw"},"device":"rpi-9a2f6ea2e358535b","event":"MQTT_PUBLISH_FAILED","level":"ERROR","seq":407,"sig":"ec8147c56452653b","ts":"2026-04-22T22:03:07.419948+00:00"}
{"category":"NETWORK","details":{"error":"name 'client' is not defined","sample_ts":1776895387.2584,"topic":"sensors/adxl345/raw"},"device":"rpi-9a2f6ea2e358535b","event":"MQTT_PUBLISH_FAILED","level":"ERROR","seq":408,"sig":"c18d69a10cee8814","ts":"2026-04-22T22:03:07.420078+00:00"}
{"category":"NETWORK","details":{"error":"name 'client' is not defined","sample_ts":1776895387.2684,"topic":"sensors/adxl345/raw"},"device":"rpi-9a2f6ea2e358535b","event":"MQTT_PUBLISH_FAILED","level":"ERROR","seq":409,"sig":"6376ec1438759b4f","ts":"2026-04-22T22:03:07.420208+00:00"}
{"category":"NETWORK","details":{"error":"name 'client' is not defined","sample_ts":1776895387.2784,"topic":"sensors/adxl345/raw"},"device":"rpi-9a2f6ea2e358535b","event":"MQTT_PUBLISH_FAILED","level":"ERROR","seq":410,"sig":"57cce4f886d7f42e","ts":"2026-04-22T22:03:07.420344+00:00"}
{"category":"NETWORK","details":{"error":"name 'client' is not defined","sample_ts":1776895387.2884,"topic":"sensors/adxl345/raw"},"device":"rpi-9a2f6ea2e358535b","event":"MQTT_PUBLISH_FAILED","level":"ERROR","seq":411,"sig":"e253da0bb80d5303","ts":"2026-04-22T22:03:07.420476+00:00"}
{"category":"NETWORK","details":{"error":"name 'client' is not defined","sample_ts":1776895387.2984,"topic":"sensors/adxl345/raw"},"device":"rpi-9a2f6ea2e358535b","event":"MQTT_PUBLISH_FAILED","level":"ERROR","seq":412,"sig":"b49902540dd41c70","ts":"2026-04-22T22:03:07.420605+00:00"}
{"category":"NETWORK","details":{"error":"name 'client' is not defined","sample_ts":1776895387.3084,"topic":"sensors/adxl345/raw"},"device":"rpi-9a2f6ea2e358535b","event":"MQTT_PUBLISH_FAILED","level":"ERROR","seq":413,"sig":"d09564532c981e06","ts":"2026-04-22T22:03:07.420756+00:00"}
{"category":"NETWORK","details":{"error":"name 'client' is not defined","sample_ts":1776895387.3184,"topic":"sensors/adxl345/raw"},"device":"rpi-9a2f6ea2e358535b","event":"MQTT_PUBLISH_FAILED","level":"ERROR","seq":414,"sig":"25219603146848c1","ts":"2026-04-22T22:03:07.420870+00:00"}
{"category":"NETWORK","details":{"error":"name 'client' is not defined","sample_ts":1776895387.3284,"topic":"sensors/adxl345/raw"},"device":"rpi-9a2f6ea2e358535b","event":"MQTT_PUBLISH_FAILED","level":"ERROR","seq":415,"sig":"d9e63b6ed54936fc","ts":"2026-04-22T22:03:07.420976+00:00"}
{"category":"NETWORK","details":{"error":"name 'client' is not defined","sample_ts":1776895387.3384,"topic":"sensors/adxl345/raw"},"device":"rpi-9a2f6ea2e358535b","event":"MQTT_PUBLISH_FAILED","level":"ERROR","seq":416,"sig":"c7e704ba248ffb1d","ts":"2026-04-22T22:03:07.421081+00:00"}
{"category":"NETWORK","details":{"error":"name 'client' is not defined","sample_ts":1776895387.3484,"topic":"sensors/adxl345/raw"},"device":"rpi-9a2f6ea2e358535b","event":"MQTT_PUBLISH_FAILED","level":"ERROR","seq":417,"sig":"43fc4e49eff46f51","ts":"2026-04-22T22:03:07.421186+00:00"}
{"category":"NETWORK","details":{"error":"name 'client' is not defined","sample_ts":1776895387.3584,"topic":"sensors/adxl345/raw"},"device":"rpi-9a2f6ea2e358535b","event":"MQTT_PUBLISH_FAILED","level":"ERROR","seq":418,"sig":"b0a41172892d1942","ts":"2026-04-22T22:03:07.421288+00:00"}
{"category":"NETWORK","details":{"error":"name 'client' is not defined","sample_ts":1776895387.3684,"topic":"sensors/adxl345/raw"},"device":"rpi-9a2f6ea2e358535b","event":"MQTT_PUBLISH_FAILED","level":"ERROR","seq":419,"sig":"bb6ac2cb17eb5794","ts":"2026-04-22T22:03:07.421391+00:00"}
{"category":"NETWORK","details":{"error":"name 'client' is not defined","sample_ts":1776895387.3784,"topic":"sensors/adxl345/raw"},"device":"rpi-9a2f6ea2e358535b","event":"MQTT_PUBLISH_FAILED","level":"ERROR","seq":420,"sig":"56882f1f7010f9bf","ts":"2026-04-22T22:03:07.421492+00:00"}
{"category":"NETWORK","details":{"error":"name 'client' is not defined","sample_ts":1776895387.3884,"topic":"sensors/adxl345/raw"},"device":"rpi-9a2f6ea2e358535b","event":"MQTT_PUBLISH_FAILED","level":"ERROR","seq":421,"sig":"23eea5d952938c54","ts":"2026-04-22T22:03:07.421596+00:00"}
{"category":"NETWORK","details":{"error":"name 'client' is not defined","sample_ts":1776895387.3984,"topic":"sensors/adxl345/raw"},"device":"rpi-9a2f6ea2e358535b","event":"MQTT_PUBLISH_FAILED","level":"ERROR","seq":422,"sig":"87390fafe4771f74","ts":"2026-04-22T22:03:07.421698+00:00"}
{"category":"NETWORK","details":{"error":"name 'client' is not defined","sample_ts":1776895387.4084,"topic":"sensors/adxl345/raw"},"device":"rpi-9a2f6ea2e358535b","event":"MQTT_PUBLISH_FAILED","level":"ERROR","seq":423,"sig":"6a8c441347b2df6e","ts":"2026-04-22T22:03:07.421801+00:00"}
{"category":"SENSOR","details":{"batch_ts":1776895387.6684,"sample_count":25},"device":"rpi-9a2f6ea2e358535b","event":"FIFO_READ","level":"INFO","seq":424,"sig":"0afb45579c29ed81","ts":"2026-04-22T22:03:07.668373+00:00"}
{"category":"NETWORK","details":{"error":"name 'client' is not defined","sample_ts":1776895387.4184,"topic":"sensors/adxl345/raw"},"device":"rpi-9a2f6ea2e358535b","event":"MQTT_PUBLISH_FAILED","level":"ERROR","seq":425,"sig":"a6efcbed5f631beb","ts":"2026-04-22T22:03:07.668625+00:00"}
{"category":"NETWORK","details":{"error":"name 'client' is not defined","sample_ts":1776895387.4284,"topic":"sensors/adxl345/raw"},"device":"rpi-9a2f6ea2e358535b","event":"MQTT_PUBLISH_FAILED","level":"ERROR","seq":426,"sig":"69c57f81af27b28c","ts":"2026-04-22T22:03:07.668833+00:00"}
{"category":"NETWORK","details":{"error":"name 'client' is not defined","sample_ts":1776895387.4384,"topic":"sensors/adxl345/raw"},"device":"rpi-9a2f6ea2e358535b","event":"MQTT_PUBLISH_FAILED","level":"ERROR","seq":427,"sig":"5e5b663dc4d09697","ts":"2026-04-22T22:03:07.668998+00:00"}
{"category":"NETWORK","details":{"error":"name 'client' is not defined","sample_ts":1776895387.4484,"topic":"sensors/adxl345/raw"},"device":"rpi-9a2f6ea2e358535b","event":"MQTT_PUBLISH_FAILED","level":"ERROR","seq":428,"sig":"9fa156691f17aa12","ts":"2026-04-22T22:03:07.669146+00:00"}
{"category":"NETWORK","details":{"error":"name 'client' is not defined","sample_ts":1776895387.4584,"topic":"sensors/adxl345/raw"},"device":"rpi-9a2f6ea2e358535b","event":"MQTT_PUBLISH_FAILED","level":"ERROR","seq":429,"sig":"57403ab591d55e5d","ts":"2026-04-22T22:03:07.669287+00:00"}
{"category":"NETWORK","details":{"error":"name 'client' is not defined","sample_ts":1776895387.4684,"topic":"sensors/adxl345/raw"},"device":"rpi-9a2f6ea2e358535b","event":"MQTT_PUBLISH_FAILED","level":"ERROR","seq":430,"sig":"90adb84a36e85358","ts":"2026-04-22T22:03:07.669423+00:00"}
{"category":"NETWORK","details":{"error":"name 'client' is not defined","sample_ts":1776895387.4784,"topic":"sensors/adxl345/raw"},"device":"rpi-9a2f6ea2e358535b","event":"MQTT_PUBLISH_FAILED","level":"ERROR","seq":431,"sig":"953e251a2fb4f802","ts":"2026-04-22T22:03:07.669557+00:00"}
{"category":"NETWORK","details":{"error":"name 'client' is not defined","sample_ts":1776895387.4884,"topic":"sensors/adxl345/raw"},"device":"rpi-9a2f6ea2e358535b","event":"MQTT_PUBLISH_FAILED","level":"ERROR","seq":432,"sig":"de637b27c4bc8b1f","ts":"2026-04-22T22:03:07.669688+00:00"}
{"category":"NETWORK","details":{"error":"name 'client' is not defined","sample_ts":1776895387.4984,"topic":"sensors/adxl345/raw"},"device":"rpi-9a2f6ea2e358535b","event":"MQTT_PUBLISH_FAILED","level":"ERROR","seq":433,"sig":"275af0a3d7f71ca1","ts":"2026-04-22T22:03:07.669820+00:00"}
{"category":"NETWORK","details":{"error":"name 'client' is not defined","sample_ts":1776895387.5084,"topic":"sensors/adxl345/raw"},"device":"rpi-9a2f6ea2e358535b","event":"MQTT_PUBLISH_FAILED","level":"ERROR","seq":434,"sig":"e6b506b25c92f86e","ts":"2026-04-22T22:03:07.669951+00:00"}
{"category":"NETWORK","details":{"error":"name 'client' is not defined","sample_ts":1776895387.5184,"topic":"sensors/adxl345/raw"},"device":"rpi-9a2f6ea2e358535b","event":"MQTT_PUBLISH_FAILED","level":"ERROR","seq":435,"sig":"07f44ea0defe4acc","ts":"2026-04-22T22:03:07.670083+00:00"}
{"category":"NETWORK","details":{"error":"name 'client' is not defined","sample_ts":1776895387.5284,"topic":"sensors/adxl345/raw"},"device":"rpi-9a2f6ea2e358535b","event":"MQTT_PUBLISH_FAILED","level":"ERROR","seq":436,"sig":"fff6142e840aa819","ts":"2026-04-22T22:03:07.670216+00:00"}
{"category":"NETWORK","details":{"error":"name 'client' is not defined","sample_ts":1776895387.5384,"topic":"sensors/adxl345/raw"},"device":"rpi-9a2f6ea2e358535b","event":"MQTT_PUBLISH_FAILED","level":"ERROR","seq":437,"sig":"19a5ff98d208afae","ts":"2026-04-22T22:03:07.670347+00:00"}
{"category":"NETWORK","details":{"error":"name 'client' is not defined","sample_ts":1776895387.5484,"topic":"sensors/adxl345/raw"},"device":"rpi-9a2f6ea2e358535b","event":"MQTT_PUBLISH_FAILED","level":"ERROR","seq":438,"sig":"034b408462217b77","ts":"2026-04-22T22:03:07.670479+00:00"}
{"category":"NETWORK","details":{"error":"name 'client' is not defined","sample_ts":1776895387.5584,"topic":"sensors/adxl345/raw"},"device":"rpi-9a2f6ea2e358535b","event":"MQTT_PUBLISH_FAILED","level":"ERROR","seq":439,"sig":"8525431a41a8478b","ts":"2026-04-22T22:03:07.670616+00:00"}
{"category":"NETWORK","details":{"error":"name 'client' is not defined","sample_ts":1776895387.5684,"topic":"sensors/adxl345/raw"},"device":"rpi-9a2f6ea2e358535b","event":"MQTT_PUBLISH_FAILED","level":"ERROR","seq":440,"sig":"e64d8788dcf4921b","ts":"2026-04-22T22:03:07.670747+00:00"}
{"category":"NETWORK","details":{"error":"name 'client' is not defined","sample_ts":1776895387.5784,"topic":"sensors/adxl345/raw"},"device":"rpi-9a2f6ea2e358535b","event":"MQTT_PUBLISH_FAILED","level":"ERROR","seq":441,"sig":"40358c9c7c016091","ts":"2026-04-22T22:03:07.670875+00:00"}
{"category":"NETWORK","details":{"error":"name 'client' is not defined","sample_ts":1776895387.5884,"topic":"sensors/adxl345/raw"},"device":"rpi-9a2f6ea2e358535b","event":"MQTT_PUBLISH_FAILED","level":"ERROR","seq":442,"sig":"b7544853147fa1e5","ts":"2026-04-22T22:03:07.671004+00:00"}
{"category":"NETWORK","details":{"error":"name 'client' is not defined","sample_ts":1776895387.5984,"topic":"sensors/adxl345/raw"},"device":"rpi-9a2f6ea2e358535b","event":"MQTT_PUBLISH_FAILED","level":"ERROR","seq":443,"sig":"1320a8cf4a3b505c","ts":"2026-04-22T22:03:07.671131+00:00"}
{"category":"NETWORK","details":{"error":"name 'client' is not defined","sample_ts":1776895387.6084,"topic":"sensors/adxl345/raw"},"device":"rpi-9a2f6ea2e358535b","event":"MQTT_PUBLISH_FAILED","level":"ERROR","seq":444,"sig":"8970f5a4a065d970","ts":"2026-04-22T22:03:07.671259+00:00"}
{"category":"NETWORK","details":{"error":"name 'client' is not defined","sample_ts":1776895387.6184,"topic":"sensors/adxl345/raw"},"device":"rpi-9a2f6ea2e358535b","event":"MQTT_PUBLISH_FAILED","level":"ERROR","seq":445,"sig":"2d7c1169f1a535f0","ts":"2026-04-22T22:03:07.671386+00:00"}
{"category":"NETWORK","details":{"error":"name 'client' is not defined","sample_ts":1776895387.6284,"topic":"sensors/adxl345/raw"},"device":"rpi-9a2f6ea2e358535b","event":"MQTT_PUBLISH_FAILED","level":"ERROR","seq":446,"sig":"10d31c68c31be657","ts":"2026-04-22T22:03:07.671515+00:00"}
{"category":"NETWORK","details":{"error":"name 'client' is not defined","sample_ts":1776895387.6384,"topic":"sensors/adxl345/raw"},"device":"rpi-9a2f6ea2e358535b","event":"MQTT_PUBLISH_FAILED","level":"ERROR","seq":447,"sig":"5b67527049835aab","ts":"2026-04-22T22:03:07.671643+00:00"}
{"category":"NETWORK","details":{"error":"name 'client' is not defined","sample_ts":1776895387.6484,"topic":"sensors/adxl345/raw"},"device":"rpi-9a2f6ea2e358535b","event":"MQTT_PUBLISH_FAILED","level":"ERROR","seq":448,"sig":"423d1406e26229dd","ts":"2026-04-22T22:03:07.671779+00:00"}
{"category":"NETWORK","details":{"error":"name 'client' is not defined","sample_ts":1776895387.6584,"topic":"sensors/adxl345/raw"},"device":"rpi-9a2f6ea2e358535b","event":"MQTT_PUBLISH_FAILED","level":"ERROR","seq":449,"sig":"1d94e997d5c3231d","ts":"2026-04-22T22:03:07.671926+00:00"}
{"category":"DATA","details":{"band_hz":[4.0,7.0],"batch_ts":1776895387.6684,"x_peak_g":0.003247,"x_peak_hz":4.0,"y_peak_g":0.003932,"y_peak_hz":4.0,"z_peak_g":0.002302,"z_peak_hz":4.0},"device":"rpi-9a2f6ea2e358535b","event":"FFT_RESULT","level":"INFO","seq":450,"sig":"bb131fe339a30e61","ts":"2026-04-22T22:03:07.672447+00:00"}
{"category":"NETWORK","details":{"batch_ts":1776895387.6684,"error":"name 'client' is not defined","topic":"sensors/adxl345/fft"},"device":"rpi-9a2f6ea2e358535b","event":"MQTT_PUBLISH_FAILED","level":"ERROR","seq":451,"sig":"434ea03389bbc63b","ts":"2026-04-22T22:03:07.672609+00:00"}
{"category":"SENSOR","details":{"batch_ts":1776895387.9175,"sample_count":24},"device":"rpi-9a2f6ea2e358535b","event":"FIFO_READ","level":"INFO","seq":452,"sig":"c2c26872daed2fd1","ts":"2026-04-22T22:03:07.917482+00:00"}
{"category":"NETWORK","details":{"error":"name 'client' is not defined","sample_ts":1776895387.6775,"topic":"sensors/adxl345/raw"},"device":"rpi-9a2f6ea2e358535b","event":"MQTT_PUBLISH_FAILED","level":"ERROR","seq":453,"sig":"05aa753bba3ebb97","ts":"2026-04-22T22:03:07.917718+00:00"}
{"category":"NETWORK","details":{"error":"name 'client' is not defined","sample_ts":1776895387.6875,"topic":"sensors/adxl345/raw"},"device":"rpi-9a2f6ea2e358535b","event":"MQTT_PUBLISH_FAILED","level":"ERROR","seq":454,"sig":"b308f41acfbffee7","ts":"2026-04-22T22:03:07.917915+00:00"}
{"category":"NETWORK","details":{"error":"name 'client' is not defined","sample_ts":1776895387.6975,"topic":"sensors/adxl345/raw"},"device":"rpi-9a2f6ea2e358535b","event":"MQTT_PUBLISH_FAILED","level":"ERROR","seq":455,"sig":"12483030b606499f","ts":"2026-04-22T22:03:07.918129+00:00"}
{"category":"NETWORK","details":{"error":"name 'client' is not defined","sample_ts":1776895387.7075,"topic":"sensors/adxl345/raw"},"device":"rpi-9a2f6ea2e358535b","event":"MQTT_PUBLISH_FAILED","level":"ERROR","seq":456,"sig":"13af56d25d493726","ts":"2026-04-22T22:03:07.918303+00:00"}
{"category":"NETWORK","details":{"error":"name 'client' is not defined","sample_ts":1776895387.7175,"topic":"sensors/adxl345/raw"},"device":"rpi-9a2f6ea2e358535b","event":"MQTT_PUBLISH_FAILED","level":"ERROR","seq":457,"sig":"53dbaf5a0389411a","ts":"2026-04-22T22:03:07.918458+00:00"}
{"category":"NETWORK","details":{"error":"name 'client' is not defined","sample_ts":1776895387.7275,"topic":"sensors/adxl345/raw"},"device":"rpi-9a2f6ea2e358535b","event":"MQTT_PUBLISH_FAILED","level":"ERROR","seq":458,"sig":"a1cfcac029ab3eef","ts":"2026-04-22T22:03:07.918608+00:00"}
{"category":"NETWORK","details":{"error":"name 'client' is not defined","sample_ts":1776895387.7375,"topic":"sensors/adxl345/raw"},"device":"rpi-9a2f6ea2e358535b","event":"MQTT_PUBLISH_FAILED","level":"ERROR","seq":459,"sig":"fcac4df85398499b","ts":"2026-04-22T22:03:07.918754+00:00"}
{"category":"NETWORK","details":{"error":"name 'client' is not defined","sample_ts":1776895387.7475,"topic":"sensors/adxl345/raw"},"device":"rpi-9a2f6ea2e358535b","event":"MQTT_PUBLISH_FAILED","level":"ERROR","seq":460,"sig":"1be39fa58f8a0fa4","ts":"2026-04-22T22:03:07.918900+00:00"}
{"category":"NETWORK","details":{"error":"name 'client' is not defined","sample_ts":1776895387.7575,"topic":"sensors/adxl345/raw"},"device":"rpi-9a2f6ea2e358535b","event":"MQTT_PUBLISH_FAILED","level":"ERROR","seq":461,"sig":"49307f3440af3245","ts":"2026-04-22T22:03:07.919045+00:00"}
{"category":"NETWORK","details":{"error":"name 'client' is not defined","sample_ts":1776895387.7675,"topic":"sensors/adxl345/raw"},"device":"rpi-9a2f6ea2e358535b","event":"MQTT_PUBLISH_FAILED","level":"ERROR","seq":462,"sig":"3a6cd172744156bf","ts":"2026-04-22T22:03:07.919190+00:00"}
{"category":"NETWORK","details":{"error":"name 'client' is not defined","sample_ts":1776895387.7775,"topic":"sensors/adxl345/raw"},"device":"rpi-9a2f6ea2e358535b","event":"MQTT_PUBLISH_FAILED","level":"ERROR","seq":463,"sig":"11ebfde533d1a057","ts":"2026-04-22T22:03:07.919333+00:00"}
{"category":"NETWORK","details":{"error":"name 'client' is not defined","sample_ts":1776895387.7875,"topic":"sensors/adxl345/raw"},"device":"rpi-9a2f6ea2e358535b","event":"MQTT_PUBLISH_FAILED","level":"ERROR","seq":464,"sig":"b11e6961b0abf196","ts":"2026-04-22T22:03:07.919479+00:00"}
{"category":"NETWORK","details":{"error":"name 'client' is not defined","sample_ts":1776895387.7975,"topic":"sensors/adxl345/raw"},"device":"rpi-9a2f6ea2e358535b","event":"MQTT_PUBLISH_FAILED","level":"ERROR","seq":465,"sig":"4d264ecb04683717","ts":"2026-04-22T22:03:07.919612+00:00"}
{"category":"NETWORK","details":{"error":"name 'client' is not defined","sample_ts":1776895387.8075,"topic":"sensors/adxl345/raw"},"device":"rpi-9a2f6ea2e358535b","event":"MQTT_PUBLISH_FAILED","level":"ERROR","seq":466,"sig":"696189ac8991fd76","ts":"2026-04-22T22:03:07.919741+00:00"}
{"category":"NETWORK","details":{"error":"name 'client' is not defined","sample_ts":1776895387.8175,"topic":"sensors/adxl345/raw"},"device":"rpi-9a2f6ea2e358535b","event":"MQTT_PUBLISH_FAILED","level":"ERROR","seq":467,"sig":"2d14ff0d9b50d8fa","ts":"2026-04-22T22:03:07.919869+00:00"}
{"category":"NETWORK","details":{"error":"name 'client' is not defined","sample_ts":1776895387.8275,"topic":"sensors/adxl345/raw"},"device":"rpi-9a2f6ea2e358535b","event":"MQTT_PUBLISH_FAILED","level":"ERROR","seq":468,"sig":"514ee1869004b058","ts":"2026-04-22T22:03:07.920004+00:00"}
{"category":"NETWORK","details":{"error":"name 'client' is not defined","sample_ts":1776895387.8375,"topic":"sensors/adxl345/raw"},"device":"rpi-9a2f6ea2e358535b","event":"MQTT_PUBLISH_FAILED","level":"ERROR","seq":469,"sig":"1477b083514b980e","ts":"2026-04-22T22:03:07.920135+00:00"}
{"category":"NETWORK","details":{"error":"name 'client' is not defined","sample_ts":1776895387.8475,"topic":"sensors/adxl345/raw"},"device":"rpi-9a2f6ea2e358535b","event":"MQTT_PUBLISH_FAILED","level":"ERROR","seq":470,"sig":"ca8387d42637dcc1","ts":"2026-04-22T22:03:07.920264+00:00"}
{"category":"NETWORK","details":{"error":"name 'client' is not defined","sample_ts":1776895387.8575,"topic":"sensors/adxl345/raw"},"device":"rpi-9a2f6ea2e358535b","event":"MQTT_PUBLISH_FAILED","level":"ERROR","seq":471,"sig":"4689eecc2d55be38","ts":"2026-04-22T22:03:07.920391+00:00"}
{"category":"NETWORK","details":{"error":"name 'client' is not defined","sample_ts":1776895387.8675,"topic":"sensors/adxl345/raw"},"device":"rpi-9a2f6ea2e358535b","event":"MQTT_PUBLISH_FAILED","level":"ERROR","seq":472,"sig":"43db16353fa4bad0","ts":"2026-04-22T22:03:07.920518+00:00"}
{"category":"NETWORK","details":{"error":"name 'client' is not defined","sample_ts":1776895387.8775,"topic":"sensors/adxl345/raw"},"device":"rpi-9a2f6ea2e358535b","event":"MQTT_PUBLISH_FAILED","level":"ERROR","seq":473,"sig":"4a685b83ae74eec9","ts":"2026-04-22T22:03:07.920654+00:00"}
{"category":"NETWORK","details":{"error":"name 'client' is not defined","sample_ts":1776895387.8875,"topic":"sensors/adxl345/raw"},"device":"rpi-9a2f6ea2e358535b","event":"MQTT_PUBLISH_FAILED","level":"ERROR","seq":474,"sig":"af09720853f87072","ts":"2026-04-22T22:03:07.920800+00:00"}
{"category":"NETWORK","details":{"error":"name 'client' is not defined","sample_ts":1776895387.8975,"topic":"sensors/adxl345/raw"},"device":"rpi-9a2f6ea2e358535b","event":"MQTT_PUBLISH_FAILED","level":"ERROR","seq":475,"sig":"2be90ceb47466506","ts":"2026-04-22T22:03:07.920935+00:00"}
{"category":"NETWORK","details":{"error":"name 'client' is not defined","sample_ts":1776895387.9075,"topic":"sensors/adxl345/raw"},"device":"rpi-9a2f6ea2e358535b","event":"MQTT_PUBLISH_FAILED","level":"ERROR","seq":476,"sig":"30b2100a067b43c9","ts":"2026-04-22T22:03:07.921064+00:00"}
{"category":"SENSOR","details":{"batch_ts":1776895388.1683,"sample_count":25},"device":"rpi-9a2f6ea2e358535b","event":"FIFO_READ","level":"INFO","seq":477,"sig":"fda2135e082e559b","ts":"2026-04-22T22:03:08.168359+00:00"}
{"category":"NETWORK","details":{"error":"name 'client' is not defined","sample_ts":1776895387.9183,"topic":"sensors/adxl345/raw"},"device":"rpi-9a2f6ea2e358535b","event":"MQTT_PUBLISH_FAILED","level":"ERROR","seq":478,"sig":"3fbcda625539e22a","ts":"2026-04-22T22:03:08.168586+00:00"}
{"category":"NETWORK","details":{"error":"name 'client' is not defined","sample_ts":1776895387.9283,"topic":"sensors/adxl345/raw"},"device":"rpi-9a2f6ea2e358535b","event":"MQTT_PUBLISH_FAILED","level":"ERROR","seq":479,"sig":"65b36bd02fd02450","ts":"2026-04-22T22:03:08.168810+00:00"}
{"category":"NETWORK","details":{"error":"name 'client' is not defined","sample_ts":1776895387.9383,"topic":"sensors/adxl345/raw"},"device":"rpi-9a2f6ea2e358535b","event":"MQTT_PUBLISH_FAILED","level":"ERROR","seq":480,"sig":"f7b759ec31413378","ts":"2026-04-22T22:03:08.168983+00:00"}
{"category":"NETWORK","details":{"error":"name 'client' is not defined","sample_ts":1776895387.9483,"topic":"sensors/adxl345/raw"},"device":"rpi-9a2f6ea2e358535b","event":"MQTT_PUBLISH_FAILED","level":"ERROR","seq":481,"sig":"1ba2560152e48d2c","ts":"2026-04-22T22:03:08.169141+00:00"}
{"category":"NETWORK","details":{"error":"name 'client' is not defined","sample_ts":1776895387.9583,"topic":"sensors/adxl345/raw"},"device":"rpi-9a2f6ea2e358535b","event":"MQTT_PUBLISH_FAILED","level":"ERROR","seq":482,"sig":"940aa1fc13b19013","ts":"2026-04-22T22:03:08.169293+00:00"}
{"category":"NETWORK","details":{"error":"name 'client' is not defined","sample_ts":1776895387.9683,"topic":"sensors/adxl345/raw"},"device":"rpi-9a2f6ea2e358535b","event":"MQTT_PUBLISH_FAILED","level":"ERROR","seq":483,"sig":"808aeadef1897666","ts":"2026-04-22T22:03:08.169436+00:00"}
{"category":"NETWORK","details":{"error":"name 'client' is not defined","sample_ts":1776895387.9783,"topic":"sensors/adxl345/raw"},"device":"rpi-9a2f6ea2e358535b","event":"MQTT_PUBLISH_FAILED","level":"ERROR","seq":484,"sig":"f874cf1b8bfbf1ee","ts":"2026-04-22T22:03:08.169572+00:00"}
{"category":"NETWORK","details":{"error":"name 'client' is not defined","sample_ts":1776895387.9883,"topic":"sensors/adxl345/raw"},"device":"rpi-9a2f6ea2e358535b","event":"MQTT_PUBLISH_FAILED","level":"ERROR","seq":485,"sig":"58eba918035e81a9","ts":"2026-04-22T22:03:08.169708+00:00"}
{"category":"NETWORK","details":{"error":"name 'client' is not defined","sample_ts":1776895387.9983,"topic":"sensors/adxl345/raw"},"device":"rpi-9a2f6ea2e358535b","event":"MQTT_PUBLISH_FAILED","level":"ERROR","seq":486,"sig":"09537abf0cfcb7fa","ts":"2026-04-22T22:03:08.169843+00:00"}
{"category":"NETWORK","details":{"error":"name 'client' is not defined","sample_ts":1776895388.0083,"topic":"sensors/adxl345/raw"},"device":"rpi-9a2f6ea2e358535b","event":"MQTT_PUBLISH_FAILED","level":"ERROR","seq":487,"sig":"68013cc83c21cb45","ts":"2026-04-22T22:03:08.169977+00:00"}
{"category":"NETWORK","details":{"error":"name 'client' is not defined","sample_ts":1776895388.0183,"topic":"sensors/adxl345/raw"},"device":"rpi-9a2f6ea2e358535b","event":"MQTT_PUBLISH_FAILED","level":"ERROR","seq":488,"sig":"bbafbe0346e5e227","ts":"2026-04-22T22:03:08.170111+00:00"}
{"category":"NETWORK","details":{"error":"name 'client' is not defined","sample_ts":1776895388.0283,"topic":"sensors/adxl345/raw"},"device":"rpi-9a2f6ea2e358535b","event":"MQTT_PUBLISH_FAILED","level":"ERROR","seq":489,"sig":"5c0c791eff9e6ceb","ts":"2026-04-22T22:03:08.170248+00:00"}
{"category":"NETWORK","details":{"error":"name 'client' is not defined","sample_ts":1776895388.0383,"topic":"sensors/adxl345/raw"},"device":"rpi-9a2f6ea2e358535b","event":"MQTT_PUBLISH_FAILED","level":"ERROR","seq":490,"sig":"27d91c1c132e3437","ts":"2026-04-22T22:03:08.170382+00:00"}
{"category":"NETWORK","details":{"error":"name 'client' is not defined","sample_ts":1776895388.0483,"topic":"sensors/adxl345/raw"},"device":"rpi-9a2f6ea2e358535b","event":"MQTT_PUBLISH_FAILED","level":"ERROR","seq":491,"sig":"3a78af3b05092c7a","ts":"2026-04-22T22:03:08.170516+00:00"}
{"category":"NETWORK","details":{"error":"name 'client' is not defined","sample_ts":1776895388.0583,"topic":"sensors/adxl345/raw"},"device":"rpi-9a2f6ea2e358535b","event":"MQTT_PUBLISH_FAILED","level":"ERROR","seq":492,"sig":"b8f4ca1b6c5ab6da","ts":"2026-04-22T22:03:08.170650+00:00"}
{"category":"NETWORK","details":{"error":"name 'client' is not defined","sample_ts":1776895388.0683,"topic":"sensors/adxl345/raw"},"device":"rpi-9a2f6ea2e358535b","event":"MQTT_PUBLISH_FAILED","level":"ERROR","seq":493,"sig":"cddfba7e12ceb362","ts":"2026-04-22T22:03:08.170785+00:00"}
{"category":"NETWORK","details":{"error":"name 'client' is not defined","sample_ts":1776895388.0783,"topic":"sensors/adxl345/raw"},"device":"rpi-9a2f6ea2e358535b","event":"MQTT_PUBLISH_FAILED","level":"ERROR","seq":494,"sig":"691ffeec69d8a308","ts":"2026-04-22T22:03:08.170916+00:00"}
{"category":"NETWORK","details":{"error":"name 'client' is not defined","sample_ts":1776895388.0883,"topic":"sensors/adxl345/raw"},"device":"rpi-9a2f6ea2e358535b","event":"MQTT_PUBLISH_FAILED","level":"ERROR","seq":495,"sig":"cb066f5cca950e92","ts":"2026-04-22T22:03:08.171050+00:00"}
{"category":"NETWORK","details":{"error":"name 'client' is not defined","sample_ts":1776895388.0983,"topic":"sensors/adxl345/raw"},"device":"rpi-9a2f6ea2e358535b","event":"MQTT_PUBLISH_FAILED","level":"ERROR","seq":496,"sig":"567275e2f2b8fb28","ts":"2026-04-22T22:03:08.171181+00:00"}
{"category":"NETWORK","details":{"error":"name 'client' is not defined","sample_ts":1776895388.1083,"topic":"sensors/adxl345/raw"},"device":"rpi-9a2f6ea2e358535b","event":"MQTT_PUBLISH_FAILED","level":"ERROR","seq":497,"sig":"1a0ed778b7c6b7f2","ts":"2026-04-22T22:03:08.171318+00:00"}
{"category":"NETWORK","details":{"error":"name 'client' is not defined","sample_ts":1776895388.1183,"topic":"sensors/adxl345/raw"},"device":"rpi-9a2f6ea2e358535b","event":"MQTT_PUBLISH_FAILED","level":"ERROR","seq":498,"sig":"8d51fd7ed1fc1f15","ts":"2026-04-22T22:03:08.171449+00:00"}
{"category":"NETWORK","details":{"error":"name 'client' is not defined","sample_ts":1776895388.1283,"topic":"sensors/adxl345/raw"},"device":"rpi-9a2f6ea2e358535b","event":"MQTT_PUBLISH_FAILED","level":"ERROR","seq":499,"sig":"72158f3cb7fac285","ts":"2026-04-22T22:03:08.171579+00:00"}
{"category":"NETWORK","details":{"error":"name 'client' is not defined","sample_ts":1776895388.1383,"topic":"sensors/adxl345/raw"},"device":"rpi-9a2f6ea2e358535b","event":"MQTT_PUBLISH_FAILED","level":"ERROR","seq":500,"sig":"5626789be9a10d8b","ts":"2026-04-22T22:03:08.171720+00:00"}
{"category":"NETWORK","details":{"error":"name 'client' is not defined","sample_ts":1776895388.1483,"topic":"sensors/adxl345/raw"},"device":"rpi-9a2f6ea2e358535b","event":"MQTT_PUBLISH_FAILED","level":"ERROR","seq":501,"sig":"91d3401abd172cd2","ts":"2026-04-22T22:03:08.171899+00:00"}
{"category":"NETWORK","details":{"error":"name 'client' is not defined","sample_ts":1776895388.1583,"topic":"sensors/adxl345/raw"},"device":"rpi-9a2f6ea2e358535b","event":"MQTT_PUBLISH_FAILED","level":"ERROR","seq":502,"sig":"125fc2adbfd2ef1c","ts":"2026-04-22T22:03:08.172069+00:00"}
{"category":"SENSOR","details":{"batch_ts":1776895388.4184,"sample_count":25},"device":"rpi-9a2f6ea2e358535b","event":"FIFO_READ","level":"INFO","seq":503,"sig":"c7918c5f00c524f5","ts":"2026-04-22T22:03:08.418393+00:00"}
{"category":"NETWORK","details":{"error":"name 'client' is not defined","sample_ts":1776895388.1684,"topic":"sensors/adxl345/raw"},"device":"rpi-9a2f6ea2e358535b","event":"MQTT_PUBLISH_FAILED","level":"ERROR","seq":504,"sig":"04d05788b581ada0","ts":"2026-04-22T22:03:08.418678+00:00"}
{"category":"NETWORK","details":{"error":"name 'client' is not defined","sample_ts":1776895388.1784,"topic":"sensors/adxl345/raw"},"device":"rpi-9a2f6ea2e358535b","event":"MQTT_PUBLISH_FAILED","level":"ERROR","seq":505,"sig":"db437cbb5095104c","ts":"2026-04-22T22:03:08.418907+00:00"}
{"category":"NETWORK","details":{"error":"name 'client' is not defined","sample_ts":1776895388.1884,"topic":"sensors/adxl345/raw"},"device":"rpi-9a2f6ea2e358535b","event":"MQTT_PUBLISH_FAILED","level":"ERROR","seq":506,"sig":"e965becac4e9b4ea","ts":"2026-04-22T22:03:08.419083+00:00"}
{"category":"NETWORK","details":{"error":"name 'client' is not defined","sample_ts":1776895388.1984,"topic":"sensors/adxl345/raw"},"device":"rpi-9a2f6ea2e358535b","event":"MQTT_PUBLISH_FAILED","level":"ERROR","seq":507,"sig":"8211093e4c508e42","ts":"2026-04-22T22:03:08.419238+00:00"}
{"category":"NETWORK","details":{"error":"name 'client' is not defined","sample_ts":1776895388.2084,"topic":"sensors/adxl345/raw"},"device":"rpi-9a2f6ea2e358535b","event":"MQTT_PUBLISH_FAILED","level":"ERROR","seq":508,"sig":"c074de5dd7ed1ecf","ts":"2026-04-22T22:03:08.419382+00:00"}
{"category":"NETWORK","details":{"error":"name 'client' is not defined","sample_ts":1776895388.2184,"topic":"sensors/adxl345/raw"},"device":"rpi-9a2f6ea2e358535b","event":"MQTT_PUBLISH_FAILED","level":"ERROR","seq":509,"sig":"cce562777ca7e225","ts":"2026-04-22T22:03:08.419519+00:00"}
{"category":"NETWORK","details":{"error":"name 'client' is not defined","sample_ts":1776895388.2284,"topic":"sensors/adxl345/raw"},"device":"rpi-9a2f6ea2e358535b","event":"MQTT_PUBLISH_FAILED","level":"ERROR","seq":510,"sig":"1675a27e417c4f6c","ts":"2026-04-22T22:03:08.419658+00:00"}
{"category":"NETWORK","details":{"error":"name 'client' is not defined","sample_ts":1776895388.2384,"topic":"sensors/adxl345/raw"},"device":"rpi-9a2f6ea2e358535b","event":"MQTT_PUBLISH_FAILED","level":"ERROR","seq":511,"sig":"b84d0b6465991e0b","ts":"2026-04-22T22:03:08.419816+00:00"}
{"category":"NETWORK","details":{"error":"name 'client' is not defined","sample_ts":1776895388.2484,"topic":"sensors/adxl345/raw"},"device":"rpi-9a2f6ea2e358535b","event":"MQTT_PUBLISH_FAILED","level":"ERROR","seq":512,"sig":"23698cbb0e4733f7","ts":"2026-04-22T22:03:08.419963+00:00"}
{"category":"NETWORK","details":{"error":"name 'client' is not defined","sample_ts":1776895388.2584,"topic":"sensors/adxl345/raw"},"device":"rpi-9a2f6ea2e358535b","event":"MQTT_PUBLISH_FAILED","level":"ERROR","seq":513,"sig":"b42c39ecd56d733f","ts":"2026-04-22T22:03:08.420099+00:00"}
{"category":"NETWORK","details":{"error":"name 'client' is not defined","sample_ts":1776895388.2684,"topic":"sensors/adxl345/raw"},"device":"rpi-9a2f6ea2e358535b","event":"MQTT_PUBLISH_FAILED","level":"ERROR","seq":514,"sig":"518062f9e0e3cab9","ts":"2026-04-22T22:03:08.420239+00:00"}
{"category":"NETWORK","details":{"error":"name 'client' is not defined","sample_ts":1776895388.2784,"topic":"sensors/adxl345/raw"},"device":"rpi-9a2f6ea2e358535b","event":"MQTT_PUBLISH_FAILED","level":"ERROR","seq":515,"sig":"bad91b0d899b277b","ts":"2026-04-22T22:03:08.420373+00:00"}
{"category":"NETWORK","details":{"error":"name 'client' is not defined","sample_ts":1776895388.2884,"topic":"sensors/adxl345/raw"},"device":"rpi-9a2f6ea2e358535b","event":"MQTT_PUBLISH_FAILED","level":"ERROR","seq":516,"sig":"29ba0abe525fd580","ts":"2026-04-22T22:03:08.420506+00:00"}
{"category":"NETWORK","details":{"error":"name 'client' is not defined","sample_ts":1776895388.2984,"topic":"sensors/adxl345/raw"},"device":"rpi-9a2f6ea2e358535b","event":"MQTT_PUBLISH_FAILED","level":"ERROR","seq":517,"sig":"368a0b54e101d9f0","ts":"2026-04-22T22:03:08.420650+00:00"}
{"category":"NETWORK","details":{"error":"name 'client' is not defined","sample_ts":1776895388.3084,"topic":"sensors/adxl345/raw"},"device":"rpi-9a2f6ea2e358535b","event":"MQTT_PUBLISH_FAILED","level":"ERROR","seq":518,"sig":"61191dab62082a28","ts":"2026-04-22T22:03:08.420780+00:00"}
{"category":"NETWORK","details":{"error":"name 'client' is not defined","sample_ts":1776895388.3184,"topic":"sensors/adxl345/raw"},"device":"rpi-9a2f6ea2e358535b","event":"MQTT_PUBLISH_FAILED","level":"ERROR","seq":519,"sig":"03393a7547316745","ts":"2026-04-22T22:03:08.420892+00:00"}
{"category":"NETWORK","details":{"error":"name 'client' is not defined","sample_ts":1776895388.3284,"topic":"sensors/adxl345/raw"},"device":"rpi-9a2f6ea2e358535b","event":"MQTT_PUBLISH_FAILED","level":"ERROR","seq":520,"sig":"1c56b220c9d46604","ts":"2026-04-22T22:03:08.420999+00:00"}
{"category":"NETWORK","details":{"error":"name 'client' is not defined","sample_ts":1776895388.3384,"topic":"sensors/adxl345/raw"},"device":"rpi-9a2f6ea2e358535b","event":"MQTT_PUBLISH_FAILED","level":"ERROR","seq":521,"sig":"8688dde6e495c160","ts":"2026-04-22T22:03:08.421105+00:00"}
{"category":"NETWORK","details":{"error":"name 'client' is not defined","sample_ts":1776895388.3484,"topic":"sensors/adxl345/raw"},"device":"rpi-9a2f6ea2e358535b","event":"MQTT_PUBLISH_FAILED","level":"ERROR","seq":522,"sig":"387a42128f932b59","ts":"2026-04-22T22:03:08.421220+00:00"}
{"category":"NETWORK","details":{"error":"name 'client' is not defined","sample_ts":1776895388.3584,"topic":"sensors/adxl345/raw"},"device":"rpi-9a2f6ea2e358535b","event":"MQTT_PUBLISH_FAILED","level":"ERROR","seq":523,"sig":"7d5734cb39bfd4e3","ts":"2026-04-22T22:03:08.421359+00:00"}
{"category":"NETWORK","details":{"error":"name 'client' is not defined","sample_ts":1776895388.3684,"topic":"sensors/adxl345/raw"},"device":"rpi-9a2f6ea2e358535b","event":"MQTT_PUBLISH_FAILED","level":"ERROR","seq":524,"sig":"5549313fbc8a8e21","ts":"2026-04-22T22:03:08.421491+00:00"}
{"category":"NETWORK","details":{"error":"name 'client' is not defined","sample_ts":1776895388.3784,"topic":"sensors/adxl345/raw"},"device":"rpi-9a2f6ea2e358535b","event":"MQTT_PUBLISH_FAILED","level":"ERROR","seq":525,"sig":"c8278c18324fccca","ts":"2026-04-22T22:03:08.421621+00:00"}
{"category":"NETWORK","details":{"error":"name 'client' is not defined","sample_ts":1776895388.3884,"topic":"sensors/adxl345/raw"},"device":"rpi-9a2f6ea2e358535b","event":"MQTT_PUBLISH_FAILED","level":"ERROR","seq":526,"sig":"aa1b8992f8f718f6","ts":"2026-04-22T22:03:08.421757+00:00"}
{"category":"NETWORK","details":{"error":"name 'client' is not defined","sample_ts":1776895388.3984,"topic":"sensors/adxl345/raw"},"device":"rpi-9a2f6ea2e358535b","event":"MQTT_PUBLISH_FAILED","level":"ERROR","seq":527,"sig":"556ce012fd5e44ad","ts":"2026-04-22T22:03:08.421931+00:00"}
{"category":"NETWORK","details":{"error":"name 'client' is not defined","sample_ts":1776895388.4084,"topic":"sensors/adxl345/raw"},"device":"rpi-9a2f6ea2e358535b","event":"MQTT_PUBLISH_FAILED","level":"ERROR","seq":528,"sig":"ef93c7227c71fcd7","ts":"2026-04-22T22:03:08.422075+00:00"}
{"category":"SENSOR","details":{"batch_ts":1776895388.6684,"sample_count":25},"device":"rpi-9a2f6ea2e358535b","event":"FIFO_READ","level":"INFO","seq":529,"sig":"e0780dccf4b4bfe1","ts":"2026-04-22T22:03:08.668383+00:00"}
{"category":"NETWORK","details":{"error":"name 'client' is not defined","sample_ts":1776895388.4184,"topic":"sensors/adxl345/raw"},"device":"rpi-9a2f6ea2e358535b","event":"MQTT_PUBLISH_FAILED","level":"ERROR","seq":530,"sig":"6aee38693cff3752","ts":"2026-04-22T22:03:08.668609+00:00"}
{"category":"NETWORK","details":{"error":"name 'client' is not defined","sample_ts":1776895388.4284,"topic":"sensors/adxl345/raw"},"device":"rpi-9a2f6ea2e358535b","event":"MQTT_PUBLISH_FAILED","level":"ERROR","seq":531,"sig":"53df5040c53d86d0","ts":"2026-04-22T22:03:08.668806+00:00"}
{"category":"NETWORK","details":{"error":"name 'client' is not defined","sample_ts":1776895388.4384,"topic":"sensors/adxl345/raw"},"device":"rpi-9a2f6ea2e358535b","event":"MQTT_PUBLISH_FAILED","level":"ERROR","seq":532,"sig":"4f0104fcfbff73f8","ts":"2026-04-22T22:03:08.668943+00:00"}
{"category":"NETWORK","details":{"error":"name 'client' is not defined","sample_ts":1776895388.4484,"topic":"sensors/adxl345/raw"},"device":"rpi-9a2f6ea2e358535b","event":"MQTT_PUBLISH_FAILED","level":"ERROR","seq":533,"sig":"5a2f63ffd839f476","ts":"2026-04-22T22:03:08.669065+00:00"}
{"category":"NETWORK","details":{"error":"name 'client' is not defined","sample_ts":1776895388.4584,"topic":"sensors/adxl345/raw"},"device":"rpi-9a2f6ea2e358535b","event":"MQTT_PUBLISH_FAILED","level":"ERROR","seq":534,"sig":"6e849bec8a7de9c6","ts":"2026-04-22T22:03:08.669178+00:00"}
{"category":"NETWORK","details":{"error":"name 'client' is not defined","sample_ts":1776895388.4684,"topic":"sensors/adxl345/raw"},"device":"rpi-9a2f6ea2e358535b","event":"MQTT_PUBLISH_FAILED","level":"ERROR","seq":535,"sig":"fc69687a554424ce","ts":"2026-04-22T22:03:08.669289+00:00"}
{"category":"NETWORK","details":{"error":"name 'client' is not defined","sample_ts":1776895388.4784,"topic":"sensors/adxl345/raw"},"device":"rpi-9a2f6ea2e358535b","event":"MQTT_PUBLISH_FAILED","level":"ERROR","seq":536,"sig":"10f4dd13c9bbd675","ts":"2026-04-22T22:03:08.669397+00:00"}
{"category":"NETWORK","details":{"error":"name 'client' is not defined","sample_ts":1776895388.4884,"topic":"sensors/adxl345/raw"},"device":"rpi-9a2f6ea2e358535b","event":"MQTT_PUBLISH_FAILED","level":"ERROR","seq":537,"sig":"b95928b8231cb73a","ts":"2026-04-22T22:03:08.669504+00:00"}
{"category":"NETWORK","details":{"error":"name 'client' is not defined","sample_ts":1776895388.4984,"topic":"sensors/adxl345/raw"},"device":"rpi-9a2f6ea2e358535b","event":"MQTT_PUBLISH_FAILED","level":"ERROR","seq":538,"sig":"02e097f8f46f8473","ts":"2026-04-22T22:03:08.669609+00:00"}
{"category":"NETWORK","details":{"error":"name 'client' is not defined","sample_ts":1776895388.5084,"topic":"sensors/adxl345/raw"},"device":"rpi-9a2f6ea2e358535b","event":"MQTT_PUBLISH_FAILED","level":"ERROR","seq":539,"sig":"082dda862809e310","ts":"2026-04-22T22:03:08.669715+00:00"}
{"category":"NETWORK","details":{"error":"name 'client' is not defined","sample_ts":1776895388.5184,"topic":"sensors/adxl345/raw"},"device":"rpi-9a2f6ea2e358535b","event":"MQTT_PUBLISH_FAILED","level":"ERROR","seq":540,"sig":"9418e6e1b382ddba","ts":"2026-04-22T22:03:08.669840+00:00"}
{"category":"NETWORK","details":{"error":"name 'client' is not defined","sample_ts":1776895388.5284,"topic":"sensors/adxl345/raw"},"device":"rpi-9a2f6ea2e358535b","event":"MQTT_PUBLISH_FAILED","level":"ERROR","seq":541,"sig":"1ee80b01b42e2598","ts":"2026-04-22T22:03:08.669972+00:00"}
{"category":"NETWORK","details":{"error":"name 'client' is not defined","sample_ts":1776895388.5384,"topic":"sensors/adxl345/raw"},"device":"rpi-9a2f6ea2e358535b","event":"MQTT_PUBLISH_FAILED","level":"ERROR","seq":542,"sig":"f164481855dc69c3","ts":"2026-04-22T22:03:08.670090+00:00"}
{"category":"NETWORK","details":{"error":"name 'client' is not defined","sample_ts":1776895388.5484,"topic":"sensors/adxl345/raw"},"device":"rpi-9a2f6ea2e358535b","event":"MQTT_PUBLISH_FAILED","level":"ERROR","seq":543,"sig":"67ba5ad6a404c46a","ts":"2026-04-22T22:03:08.670197+00:00"}
{"category":"NETWORK","details":{"error":"name 'client' is not defined","sample_ts":1776895388.5584,"topic":"sensors/adxl345/raw"},"device":"rpi-9a2f6ea2e358535b","event":"MQTT_PUBLISH_FAILED","level":"ERROR","seq":544,"sig":"a87ae9b78a111d2e","ts":"2026-04-22T22:03:08.670306+00:00"}
{"category":"NETWORK","details":{"error":"name 'client' is not defined","sample_ts":1776895388.5684,"topic":"sensors/adxl345/raw"},"device":"rpi-9a2f6ea2e358535b","event":"MQTT_PUBLISH_FAILED","level":"ERROR","seq":545,"sig":"63397511ed49ebaf","ts":"2026-04-22T22:03:08.670411+00:00"}
{"category":"NETWORK","details":{"error":"name 'client' is not defined","sample_ts":1776895388.5784,"topic":"sensors/adxl345/raw"},"device":"rpi-9a2f6ea2e358535b","event":"MQTT_PUBLISH_FAILED","level":"ERROR","seq":546,"sig":"a5d08a16debae5d4","ts":"2026-04-22T22:03:08.670545+00:00"}
{"category":"NETWORK","details":{"error":"name 'client' is not defined","sample_ts":1776895388.5884,"topic":"sensors/adxl345/raw"},"device":"rpi-9a2f6ea2e358535b","event":"MQTT_PUBLISH_FAILED","level":"ERROR","seq":547,"sig":"1b8d9a119776fab2","ts":"2026-04-22T22:03:08.670667+00:00"}
{"category":"NETWORK","details":{"error":"name 'client' is not defined","sample_ts":1776895388.5984,"topic":"sensors/adxl345/raw"},"device":"rpi-9a2f6ea2e358535b","event":"MQTT_PUBLISH_FAILED","level":"ERROR","seq":548,"sig":"7b1f90e1423df0d7","ts":"2026-04-22T22:03:08.670778+00:00"}
{"category":"NETWORK","details":{"error":"name 'client' is not defined","sample_ts":1776895388.6084,"topic":"sensors/adxl345/raw"},"device":"rpi-9a2f6ea2e358535b","event":"MQTT_PUBLISH_FAILED","level":"ERROR","seq":549,"sig":"89e625a7541ffd64","ts":"2026-04-22T22:03:08.670884+00:00"}
{"category":"NETWORK","details":{"error":"name 'client' is not defined","sample_ts":1776895388.6184,"topic":"sensors/adxl345/raw"},"device":"rpi-9a2f6ea2e358535b","event":"MQTT_PUBLISH_FAILED","level":"ERROR","seq":550,"sig":"9886127888bc6554","ts":"2026-04-22T22:03:08.670989+00:00"}
{"category":"NETWORK","details":{"error":"name 'client' is not defined","sample_ts":1776895388.6284,"topic":"sensors/adxl345/raw"},"device":"rpi-9a2f6ea2e358535b","event":"MQTT_PUBLISH_FAILED","level":"ERROR","seq":551,"sig":"9a2c651216472d3c","ts":"2026-04-22T22:03:08.671092+00:00"}
{"category":"NETWORK","details":{"error":"name 'client' is not defined","sample_ts":1776895388.6384,"topic":"sensors/adxl345/raw"},"device":"rpi-9a2f6ea2e358535b","event":"MQTT_PUBLISH_FAILED","level":"ERROR","seq":552,"sig":"514367aaf976d557","ts":"2026-04-22T22:03:08.671196+00:00"}
{"category":"NETWORK","details":{"error":"name 'client' is not defined","sample_ts":1776895388.6484,"topic":"sensors/adxl345/raw"},"device":"rpi-9a2f6ea2e358535b","event":"MQTT_PUBLISH_FAILED","level":"ERROR","seq":553,"sig":"cafabbb608ec1677","ts":"2026-04-22T22:03:08.671300+00:00"}
{"category":"NETWORK","details":{"error":"name 'client' is not defined","sample_ts":1776895388.6584,"topic":"sensors/adxl345/raw"},"device":"rpi-9a2f6ea2e358535b","event":"MQTT_PUBLISH_FAILED","level":"ERROR","seq":554,"sig":"22af5640876e92f4","ts":"2026-04-22T22:03:08.671403+00:00"}
{"category":"SENSOR","details":{"batch_ts":1776895388.9183,"sample_count":25},"device":"rpi-9a2f6ea2e358535b","event":"FIFO_READ","level":"INFO","seq":555,"sig":"caab62c8e822dd44","ts":"2026-04-22T22:03:08.918349+00:00"}
{"category":"NETWORK","details":{"error":"name 'client' is not defined","sample_ts":1776895388.6683,"topic":"sensors/adxl345/raw"},"device":"rpi-9a2f6ea2e358535b","event":"MQTT_PUBLISH_FAILED","level":"ERROR","seq":556,"sig":"de51a7a2a31b517f","ts":"2026-04-22T22:03:08.918564+00:00"}
{"category":"NETWORK","details":{"error":"name 'client' is not defined","sample_ts":1776895388.6783,"topic":"sensors/adxl345/raw"},"device":"rpi-9a2f6ea2e358535b","event":"MQTT_PUBLISH_FAILED","level":"ERROR","seq":557,"sig":"c05eac7d1c54716c","ts":"2026-04-22T22:03:08.918755+00:00"}
{"category":"NETWORK","details":{"error":"name 'client' is not defined","sample_ts":1776895388.6883,"topic":"sensors/adxl345/raw"},"device":"rpi-9a2f6ea2e358535b","event":"MQTT_PUBLISH_FAILED","level":"ERROR","seq":558,"sig":"7ad72ea4096bf14a","ts":"2026-04-22T22:03:08.918926+00:00"}
{"category":"NETWORK","details":{"error":"name 'client' is not defined","sample_ts":1776895388.6983,"topic":"sensors/adxl345/raw"},"device":"rpi-9a2f6ea2e358535b","event":"MQTT_PUBLISH_FAILED","level":"ERROR","seq":559,"sig":"93f77aec004b66d6","ts":"2026-04-22T22:03:08.919090+00:00"}
{"category":"NETWORK","details":{"error":"name 'client' is not defined","sample_ts":1776895388.7083,"topic":"sensors/adxl345/raw"},"device":"rpi-9a2f6ea2e358535b","event":"MQTT_PUBLISH_FAILED","level":"ERROR","seq":560,"sig":"cf6bbb7c67a6c7f2","ts":"2026-04-22T22:03:08.919249+00:00"}
{"category":"NETWORK","details":{"error":"name 'client' is not defined","sample_ts":1776895388.7183,"topic":"sensors/adxl345/raw"},"device":"rpi-9a2f6ea2e358535b","event":"MQTT_PUBLISH_FAILED","level":"ERROR","seq":561,"sig":"e63e18e035a741d5","ts":"2026-04-22T22:03:08.919404+00:00"}
{"category":"NETWORK","details":{"error":"name 'client' is not defined","sample_ts":1776895388.7283,"topic":"sensors/adxl345/raw"},"device":"rpi-9a2f6ea2e358535b","event":"MQTT_PUBLISH_FAILED","level":"ERROR","seq":562,"sig":"536f11baf074a6e8","ts":"2026-04-22T22:03:08.919550+00:00"}
{"category":"NETWORK","details":{"error":"name 'client' is not defined","sample_ts":1776895388.7383,"topic":"sensors/adxl345/raw"},"device":"rpi-9a2f6ea2e358535b","event":"MQTT_PUBLISH_FAILED","level":"ERROR","seq":563,"sig":"51459760c17753aa","ts":"2026-04-22T22:03:08.919684+00:00"}
{"category":"NETWORK","details":{"error":"name 'client' is not defined","sample_ts":1776895388.7483,"topic":"sensors/adxl345/raw"},"device":"rpi-9a2f6ea2e358535b","event":"MQTT_PUBLISH_FAILED","level":"ERROR","seq":564,"sig":"6982cdfaa2a3cdef","ts":"2026-04-22T22:03:08.919815+00:00"}
{"category":"NETWORK","details":{"error":"name 'client' is not defined","sample_ts":1776895388.7583,"topic":"sensors/adxl345/raw"},"device":"rpi-9a2f6ea2e358535b","event":"MQTT_PUBLISH_FAILED","level":"ERROR","seq":565,"sig":"683a4ff74b382860","ts":"2026-04-22T22:03:08.919944+00:00"}
{"category":"NETWORK","details":{"error":"name 'client' is not defined","sample_ts":1776895388.7683,"topic":"sensors/adxl345/raw"},"device":"rpi-9a2f6ea2e358535b","event":"MQTT_PUBLISH_FAILED","level":"ERROR","seq":566,"sig":"687c510536950b25","ts":"2026-04-22T22:03:08.920074+00:00"}
{"category":"NETWORK","details":{"error":"name 'client' is not defined","sample_ts":1776895388.7783,"topic":"sensors/adxl345/raw"},"device":"rpi-9a2f6ea2e358535b","event":"MQTT_PUBLISH_FAILED","level":"ERROR","seq":567,"sig":"32c00121744243a1","ts":"2026-04-22T22:03:08.920205+00:00"}
{"category":"NETWORK","details":{"error":"name 'client' is not defined","sample_ts":1776895388.7883,"topic":"sensors/adxl345/raw"},"device":"rpi-9a2f6ea2e358535b","event":"MQTT_PUBLISH_FAILED","level":"ERROR","seq":568,"sig":"34df1baf08404025","ts":"2026-04-22T22:03:08.920337+00:00"}
{"category":"NETWORK","details":{"error":"name 'client' is not defined","sample_ts":1776895388.7983,"topic":"sensors/adxl345/raw"},"device":"rpi-9a2f6ea2e358535b","event":"MQTT_PUBLISH_FAILED","level":"ERROR","seq":569,"sig":"cb0220fa5cdd549d","ts":"2026-04-22T22:03:08.920484+00:00"}
{"category":"NETWORK","details":{"error":"name 'client' is not defined","sample_ts":1776895388.8083,"topic":"sensors/adxl345/raw"},"device":"rpi-9a2f6ea2e358535b","event":"MQTT_PUBLISH_FAILED","level":"ERROR","seq":570,"sig":"bb809fe82b45acf1","ts":"2026-04-22T22:03:08.920629+00:00"}
{"category":"NETWORK","details":{"error":"name 'client' is not defined","sample_ts":1776895388.8183,"topic":"sensors/adxl345/raw"},"device":"rpi-9a2f6ea2e358535b","event":"MQTT_PUBLISH_FAILED","level":"ERROR","seq":571,"sig":"9fb4b13351a7c840","ts":"2026-04-22T22:03:08.920780+00:00"}
{"category":"NETWORK","details":{"error":"name 'client' is not defined","sample_ts":1776895388.8283,"topic":"sensors/adxl345/raw"},"device":"rpi-9a2f6ea2e358535b","event":"MQTT_PUBLISH_FAILED","level":"ERROR","seq":572,"sig":"18eacdfe0e4a4911","ts":"2026-04-22T22:03:08.920914+00:00"}
{"category":"NETWORK","details":{"error":"name 'client' is not defined","sample_ts":1776895388.8383,"topic":"sensors/adxl345/raw"},"device":"rpi-9a2f6ea2e358535b","event":"MQTT_PUBLISH_FAILED","level":"ERROR","seq":573,"sig":"c5e36e4dac8a6809","ts":"2026-04-22T22:03:08.921043+00:00"}
{"category":"NETWORK","details":{"error":"name 'client' is not defined","sample_ts":1776895388.8483,"topic":"sensors/adxl345/raw"},"device":"rpi-9a2f6ea2e358535b","event":"MQTT_PUBLISH_FAILED","level":"ERROR","seq":574,"sig":"7e10a2db723b3b72","ts":"2026-04-22T22:03:08.921172+00:00"}
{"category":"NETWORK","details":{"error":"name 'client' is not defined","sample_ts":1776895388.8583,"topic":"sensors/adxl345/raw"},"device":"rpi-9a2f6ea2e358535b","event":"MQTT_PUBLISH_FAILED","level":"ERROR","seq":575,"sig":"38261e1959ec8a15","ts":"2026-04-22T22:03:08.921301+00:00"}
{"category":"NETWORK","details":{"error":"name 'client' is not defined","sample_ts":1776895388.8683,"topic":"sensors/adxl345/raw"},"device":"rpi-9a2f6ea2e358535b","event":"MQTT_PUBLISH_FAILED","level":"ERROR","seq":576,"sig":"943841e72b3ac399","ts":"2026-04-22T22:03:08.921429+00:00"}
{"category":"NETWORK","details":{"error":"name 'client' is not defined","sample_ts":1776895388.8783,"topic":"sensors/adxl345/raw"},"device":"rpi-9a2f6ea2e358535b","event":"MQTT_PUBLISH_FAILED","level":"ERROR","seq":577,"sig":"5e189696cb7daf06","ts":"2026-04-22T22:03:08.921557+00:00"}
{"category":"NETWORK","details":{"error":"name 'client' is not defined","sample_ts":1776895388.8883,"topic":"sensors/adxl345/raw"},"device":"rpi-9a2f6ea2e358535b","event":"MQTT_PUBLISH_FAILED","level":"ERROR","seq":578,"sig":"fe1606a4432a5373","ts":"2026-04-22T22:03:08.921684+00:00"}
{"category":"NETWORK","details":{"error":"name 'client' is not defined","sample_ts":1776895388.8983,"topic":"sensors/adxl345/raw"},"device":"rpi-9a2f6ea2e358535b","event":"MQTT_PUBLISH_FAILED","level":"ERROR","seq":579,"sig":"69c457ac38eb81ec","ts":"2026-04-22T22:03:08.921812+00:00"}
{"category":"NETWORK","details":{"error":"name 'client' is not defined","sample_ts":1776895388.9083,"topic":"sensors/adxl345/raw"},"device":"rpi-9a2f6ea2e358535b","event":"MQTT_PUBLISH_FAILED","level":"ERROR","seq":580,"sig":"845d4c9176008417","ts":"2026-04-22T22:03:08.921945+00:00"}
{"category":"DATA","details":{"band_hz":[4.0,7.0],"batch_ts":1776895388.9183,"x_peak_g":0.002531,"x_peak_hz":5.0,"y_peak_g":0.004738,"y_peak_hz":4.0,"z_peak_g":0.00315,"z_peak_hz":6.0},"device":"rpi-9a2f6ea2e358535b","event":"FFT_RESULT","level":"INFO","seq":581,"sig":"35e19770b76dd79d","ts":"2026-04-22T22:03:08.922460+00:00"}
{"category":"NETWORK","details":{"batch_ts":1776895388.9183,"error":"name 'client' is not defined","topic":"sensors/adxl345/fft"},"device":"rpi-9a2f6ea2e358535b","event":"MQTT_PUBLISH_FAILED","level":"ERROR","seq":582,"sig":"12937c2d614d6d83","ts":"2026-04-22T22:03:08.922619+00:00"}
{"category":"SENSOR","details":{"batch_ts":1776895389.1684,"sample_count":25},"device":"rpi-9a2f6ea2e358535b","event":"FIFO_READ","level":"INFO","seq":583,"sig":"21d1ce7e0ddfd6cb","ts":"2026-04-22T22:03:09.168382+00:00"}
{"category":"NETWORK","details":{"error":"name 'client' is not defined","sample_ts":1776895388.9184,"topic":"sensors/adxl345/raw"},"device":"rpi-9a2f6ea2e358535b","event":"MQTT_PUBLISH_FAILED","level":"ERROR","seq":584,"sig":"70b056de58879100","ts":"2026-04-22T22:03:09.168609+00:00"}
{"category":"NETWORK","details":{"error":"name 'client' is not defined","sample_ts":1776895388.9284,"topic":"sensors/adxl345/raw"},"device":"rpi-9a2f6ea2e358535b","event":"MQTT_PUBLISH_FAILED","level":"ERROR","seq":585,"sig":"584fdc388fc2d734","ts":"2026-04-22T22:03:09.168832+00:00"}
{"category":"NETWORK","details":{"error":"name 'client' is not defined","sample_ts":1776895388.9384,"topic":"sensors/adxl345/raw"},"device":"rpi-9a2f6ea2e358535b","event":"MQTT_PUBLISH_FAILED","level":"ERROR","seq":586,"sig":"3ddccac910fbe2ee","ts":"2026-04-22T22:03:09.169017+00:00"}
{"category":"NETWORK","details":{"error":"name 'client' is not defined","sample_ts":1776895388.9484,"topic":"sensors/adxl345/raw"},"device":"rpi-9a2f6ea2e358535b","event":"MQTT_PUBLISH_FAILED","level":"ERROR","seq":587,"sig":"16ab5849b6dd1efd","ts":"2026-04-22T22:03:09.169185+00:00"}
{"category":"NETWORK","details":{"error":"name 'client' is not defined","sample_ts":1776895388.9584,"topic":"sensors/adxl345/raw"},"device":"rpi-9a2f6ea2e358535b","event":"MQTT_PUBLISH_FAILED","level":"ERROR","seq":588,"sig":"58d95b134b86b793","ts":"2026-04-22T22:03:09.169354+00:00"}
{"category":"NETWORK","details":{"error":"name 'client' is not defined","sample_ts":1776895388.9684,"topic":"sensors/adxl345/raw"},"device":"rpi-9a2f6ea2e358535b","event":"MQTT_PUBLISH_FAILED","level":"ERROR","seq":589,"sig":"8c9ba5c92c262fd2","ts":"2026-04-22T22:03:09.169517+00:00"}
{"category":"NETWORK","details":{"error":"name 'client' is not defined","sample_ts":1776895388.9784,"topic":"sensors/adxl345/raw"},"device":"rpi-9a2f6ea2e358535b","event":"MQTT_PUBLISH_FAILED","level":"ERROR","seq":590,"sig":"367944681b5e80a8","ts":"2026-04-22T22:03:09.169677+00:00"}
{"category":"NETWORK","details":{"error":"name 'client' is not defined","sample_ts":1776895388.9884,"topic":"sensors/adxl345/raw"},"device":"rpi-9a2f6ea2e358535b","event":"MQTT_PUBLISH_FAILED","level":"ERROR","seq":591,"sig":"b3d0107a3e2d8c53","ts":"2026-04-22T22:03:09.169817+00:00"}
{"category":"NETWORK","details":{"error":"name 'client' is not defined","sample_ts":1776895388.9984,"topic":"sensors/adxl345/raw"},"device":"rpi-9a2f6ea2e358535b","event":"MQTT_PUBLISH_FAILED","level":"ERROR","seq":592,"sig":"016b65d73a3670fa","ts":"2026-04-22T22:03:09.169951+00:00"}
{"category":"NETWORK","details":{"error":"name 'client' is not defined","sample_ts":1776895389.0084,"topic":"sensors/adxl345/raw"},"device":"rpi-9a2f6ea2e358535b","event":"MQTT_PUBLISH_FAILED","level":"ERROR","seq":593,"sig":"989c19309b4e6cdd","ts":"2026-04-22T22:03:09.170082+00:00"}
{"category":"NETWORK","details":{"error":"name 'client' is not defined","sample_ts":1776895389.0184,"topic":"sensors/adxl345/raw"},"device":"rpi-9a2f6ea2e358535b","event":"MQTT_PUBLISH_FAILED","level":"ERROR","seq":594,"sig":"f3cc63109042198f","ts":"2026-04-22T22:03:09.170213+00:00"}
{"category":"NETWORK","details":{"error":"name 'client' is not defined","sample_ts":1776895389.0284,"topic":"sensors/adxl345/raw"},"device":"rpi-9a2f6ea2e358535b","event":"MQTT_PUBLISH_FAILED","level":"ERROR","seq":595,"sig":"d9ab573ae83ae793","ts":"2026-04-22T22:03:09.170344+00:00"}
{"category":"NETWORK","details":{"error":"name 'client' is not defined","sample_ts":1776895389.0384,"topic":"sensors/adxl345/raw"},"device":"rpi-9a2f6ea2e358535b","event":"MQTT_PUBLISH_FAILED","level":"ERROR","seq":596,"sig":"011c799b2a66e12b","ts":"2026-04-22T22:03:09.170476+00:00"}
{"category":"NETWORK","details":{"error":"name 'client' is not defined","sample_ts":1776895389.0484,"topic":"sensors/adxl345/raw"},"device":"rpi-9a2f6ea2e358535b","event":"MQTT_PUBLISH_FAILED","level":"ERROR","seq":597,"sig":"e62771e4e4df6461","ts":"2026-04-22T22:03:09.170605+00:00"}
{"category":"NETWORK","details":{"error":"name 'client' is not defined","sample_ts":1776895389.0584,"topic":"sensors/adxl345/raw"},"device":"rpi-9a2f6ea2e358535b","event":"MQTT_PUBLISH_FAILED","level":"ERROR","seq":598,"sig":"e89b41ed04269990","ts":"2026-04-22T22:03:09.170742+00:00"}
{"category":"NETWORK","details":{"error":"name 'client' is not defined","sample_ts":1776895389.0684,"topic":"sensors/adxl345/raw"},"device":"rpi-9a2f6ea2e358535b","event":"MQTT_PUBLISH_FAILED","level":"ERROR","seq":599,"sig":"004ae69714e91445","ts":"2026-04-22T22:03:09.170874+00:00"}
{"category":"NETWORK","details":{"error":"name 'client' is not defined","sample_ts":1776895389.0784,"topic":"sensors/adxl345/raw"},"device":"rpi-9a2f6ea2e358535b","event":"MQTT_PUBLISH_FAILED","level":"ERROR","seq":600,"sig":"6a404c341e498b94","ts":"2026-04-22T22:03:09.171005+00:00"}
{"category":"NETWORK","details":{"error":"name 'client' is not defined","sample_ts":1776895389.0884,"topic":"sensors/adxl345/raw"},"device":"rpi-9a2f6ea2e358535b","event":"MQTT_PUBLISH_FAILED","level":"ERROR","seq":601,"sig":"696c1c032f8993a8","ts":"2026-04-22T22:03:09.171137+00:00"}
{"category":"NETWORK","details":{"error":"name 'client' is not defined","sample_ts":1776895389.0984,"topic":"sensors/adxl345/raw"},"device":"rpi-9a2f6ea2e358535b","event":"MQTT_PUBLISH_FAILED","level":"ERROR","seq":602,"sig":"eef124956f60e714","ts":"2026-04-22T22:03:09.171267+00:00"}
{"category":"NETWORK","details":{"error":"name 'client' is not defined","sample_ts":1776895389.1084,"topic":"sensors/adxl345/raw"},"device":"rpi-9a2f6ea2e358535b","event":"MQTT_PUBLISH_FAILED","level":"ERROR","seq":603,"sig":"2410470dedd7c221","ts":"2026-04-22T22:03:09.171396+00:00"}
{"category":"NETWORK","details":{"error":"name 'client' is not defined","sample_ts":1776895389.1184,"topic":"sensors/adxl345/raw"},"device":"rpi-9a2f6ea2e358535b","event":"MQTT_PUBLISH_FAILED","level":"ERROR","seq":604,"sig":"82a1624a6d390f84","ts":"2026-04-22T22:03:09.171525+00:00"}
{"category":"NETWORK","details":{"error":"name 'client' is not defined","sample_ts":1776895389.1284,"topic":"sensors/adxl345/raw"},"device":"rpi-9a2f6ea2e358535b","event":"MQTT_PUBLISH_FAILED","level":"ERROR","seq":605,"sig":"e16412f654109df3","ts":"2026-04-22T22:03:09.171654+00:00"}
{"category":"NETWORK","details":{"error":"name 'client' is not defined","sample_ts":1776895389.1384,"topic":"sensors/adxl345/raw"},"device":"rpi-9a2f6ea2e358535b","event":"MQTT_PUBLISH_FAILED","level":"ERROR","seq":606,"sig":"f69c5ef1ec51f99c","ts":"2026-04-22T22:03:09.171784+00:00"}
{"category":"NETWORK","details":{"error":"name 'client' is not defined","sample_ts":1776895389.1484,"topic":"sensors/adxl345/raw"},"device":"rpi-9a2f6ea2e358535b","event":"MQTT_PUBLISH_FAILED","level":"ERROR","seq":607,"sig":"9102d215c51fa255","ts":"2026-04-22T22:03:09.171911+00:00"}
{"category":"NETWORK","details":{"error":"name 'client' is not defined","sample_ts":1776895389.1584,"topic":"sensors/adxl345/raw"},"device":"rpi-9a2f6ea2e358535b","event":"MQTT_PUBLISH_FAILED","level":"ERROR","seq":608,"sig":"b15c063e4e55d455","ts":"2026-04-22T22:03:09.172041+00:00"}
{"category":"SENSOR","details":{"batch_ts":1776895389.4184,"sample_count":25},"device":"rpi-9a2f6ea2e358535b","event":"FIFO_READ","level":"INFO","seq":609,"sig":"49e4270f6123b97c","ts":"2026-04-22T22:03:09.418395+00:00"}
{"category":"NETWORK","details":{"error":"name 'client' is not defined","sample_ts":1776895389.1684,"topic":"sensors/adxl345/raw"},"device":"rpi-9a2f6ea2e358535b","event":"MQTT_PUBLISH_FAILED","level":"ERROR","seq":610,"sig":"5101006922d94f02","ts":"2026-04-22T22:03:09.418673+00:00"}
{"category":"NETWORK","details":{"error":"name 'client' is not defined","sample_ts":1776895389.1784,"topic":"sensors/adxl345/raw"},"device":"rpi-9a2f6ea2e358535b","event":"MQTT_PUBLISH_FAILED","level":"ERROR","seq":611,"sig":"a6bf02333237fecd","ts":"2026-04-22T22:03:09.418898+00:00"}
{"category":"NETWORK","details":{"error":"name 'client' is not defined","sample_ts":1776895389.1884,"topic":"sensors/adxl345/raw"},"device":"rpi-9a2f6ea2e358535b","event":"MQTT_PUBLISH_FAILED","level":"ERROR","seq":612,"sig":"1c8434cd6480ee81","ts":"2026-04-22T22:03:09.419075+00:00"}
{"category":"NETWORK","details":{"error":"name 'client' is not defined","sample_ts":1776895389.1984,"topic":"sensors/adxl345/raw"},"device":"rpi-9a2f6ea2e358535b","event":"MQTT_PUBLISH_FAILED","level":"ERROR","seq":613,"sig":"8178d8873d9d643d","ts":"2026-04-22T22:03:09.419234+00:00"}
{"category":"NETWORK","details":{"error":"name 'client' is not defined","sample_ts":1776895389.2084,"topic":"sensors/adxl345/raw"},"device":"rpi-9a2f6ea2e358535b","event":"MQTT_PUBLISH_FAILED","level":"ERROR","seq":614,"sig":"20d926a229e5a4ba","ts":"2026-04-22T22:03:09.419382+00:00"}
{"category":"NETWORK","details":{"error":"name 'client' is not defined","sample_ts":1776895389.2184,"topic":"sensors/adxl345/raw"},"device":"rpi-9a2f6ea2e358535b","event":"MQTT_PUBLISH_FAILED","level":"ERROR","seq":615,"sig":"956d4be64ac6ebe4","ts":"2026-04-22T22:03:09.419520+00:00"}
{"category":"NETWORK","details":{"error":"name 'client' is not defined","sample_ts":1776895389.2284,"topic":"sensors/adxl345/raw"},"device":"rpi-9a2f6ea2e358535b","event":"MQTT_PUBLISH_FAILED","level":"ERROR","seq":616,"sig":"267b666c6039ab15","ts":"2026-04-22T22:03:09.419651+00:00"}
{"category":"NETWORK","details":{"error":"name 'client' is not defined","sample_ts":1776895389.2384,"topic":"sensors/adxl345/raw"},"device":"rpi-9a2f6ea2e358535b","event":"MQTT_PUBLISH_FAILED","level":"ERROR","seq":617,"sig":"460abff258351439","ts":"2026-04-22T22:03:09.419782+00:00"}
{"category":"NETWORK","details":{"error":"name 'client' is not defined","sample_ts":1776895389.2484,"topic":"sensors/adxl345/raw"},"device":"rpi-9a2f6ea2e358535b","event":"MQTT_PUBLISH_FAILED","level":"ERROR","seq":618,"sig":"12fafeae010d8f37","ts":"2026-04-22T22:03:09.419912+00:00"}
{"category":"NETWORK","details":{"error":"name 'client' is not defined","sample_ts":1776895389.2584,"topic":"sensors/adxl345/raw"},"device":"rpi-9a2f6ea2e358535b","event":"MQTT_PUBLISH_FAILED","level":"ERROR","seq":619,"sig":"3244a0c43e800c33","ts":"2026-04-22T22:03:09.420044+00:00"}
{"category":"NETWORK","details":{"error":"name 'client' is not defined","sample_ts":1776895389.2684,"topic":"sensors/adxl345/raw"},"device":"rpi-9a2f6ea2e358535b","event":"MQTT_PUBLISH_FAILED","level":"ERROR","seq":620,"sig":"a139874b3feed6d1","ts":"2026-04-22T22:03:09.420177+00:00"}
{"category":"NETWORK","details":{"error":"name 'client' is not defined","sample_ts":1776895389.2784,"topic":"sensors/adxl345/raw"},"device":"rpi-9a2f6ea2e358535b","event":"MQTT_PUBLISH_FAILED","level":"ERROR","seq":621,"sig":"0c04f036b2961886","ts":"2026-04-22T22:03:09.420309+00:00"}
{"category":"NETWORK","details":{"error":"name 'client' is not defined","sample_ts":1776895389.2884,"topic":"sensors/adxl345/raw"},"device":"rpi-9a2f6ea2e358535b","event":"MQTT_PUBLISH_FAILED","level":"ERROR","seq":622,"sig":"24e90ac931741cd0","ts":"2026-04-22T22:03:09.420441+00:00"}
{"category":"NETWORK","details":{"error":"name 'client' is not defined","sample_ts":1776895389.2984,"topic":"sensors/adxl345/raw"},"device":"rpi-9a2f6ea2e358535b","event":"MQTT_PUBLISH_FAILED","level":"ERROR","seq":623,"sig":"8fcffcf5f2a8cc3f","ts":"2026-04-22T22:03:09.420576+00:00"}
{"category":"NETWORK","details":{"error":"name 'client' is not defined","sample_ts":1776895389.3084,"topic":"sensors/adxl345/raw"},"device":"rpi-9a2f6ea2e358535b","event":"MQTT_PUBLISH_FAILED","level":"ERROR","seq":624,"sig":"88b0c89b22cd9f30","ts":"2026-04-22T22:03:09.420735+00:00"}
{"category":"NETWORK","details":{"error":"name 'client' is not defined","sample_ts":1776895389.3184,"topic":"sensors/adxl345/raw"},"device":"rpi-9a2f6ea2e358535b","event":"MQTT_PUBLISH_FAILED","level":"ERROR","seq":625,"sig":"5fca7f23b54009eb","ts":"2026-04-22T22:03:09.420882+00:00"}
{"category":"NETWORK","details":{"error":"name 'client' is not defined","sample_ts":1776895389.3284,"topic":"sensors/adxl345/raw"},"device":"rpi-9a2f6ea2e358535b","event":"MQTT_PUBLISH_FAILED","level":"ERROR","seq":626,"sig":"690d1a6bd9af17c8","ts":"2026-04-22T22:03:09.420995+00:00"}
{"category":"NETWORK","details":{"error":"name 'client' is not defined","sample_ts":1776895389.3384,"topic":"sensors/adxl345/raw"},"device":"rpi-9a2f6ea2e358535b","event":"MQTT_PUBLISH_FAILED","level":"ERROR","seq":627,"sig":"504769f613602813","ts":"2026-04-22T22:03:09.421119+00:00"}
{"category":"NETWORK","details":{"error":"name 'client' is not defined","sample_ts":1776895389.3484,"topic":"sensors/adxl345/raw"},"device":"rpi-9a2f6ea2e358535b","event":"MQTT_PUBLISH_FAILED","level":"ERROR","seq":628,"sig":"a5a217d3605c446b","ts":"2026-04-22T22:03:09.421228+00:00"}
{"category":"NETWORK","details":{"error":"name 'client' is not defined","sample_ts":1776895389.3584,"topic":"sensors/adxl345/raw"},"device":"rpi-9a2f6ea2e358535b","event":"MQTT_PUBLISH_FAILED","level":"ERROR","seq":629,"sig":"9bea5e27b090d5d2","ts":"2026-04-22T22:03:09.421332+00:00"}
{"category":"NETWORK","details":{"error":"name 'client' is not defined","sample_ts":1776895389.3684,"topic":"sensors/adxl345/raw"},"device":"rpi-9a2f6ea2e358535b","event":"MQTT_PUBLISH_FAILED","level":"ERROR","seq":630,"sig":"884e98d78843c217","ts":"2026-04-22T22:03:09.421435+00:00"}
{"category":"NETWORK","details":{"error":"name 'client' is not defined","sample_ts":1776895389.3784,"topic":"sensors/adxl345/raw"},"device":"rpi-9a2f6ea2e358535b","event":"MQTT_PUBLISH_FAILED","level":"ERROR","seq":631,"sig":"db4253bb47a65581","ts":"2026-04-22T22:03:09.421537+00:00"}
{"category":"NETWORK","details":{"error":"name 'client' is not defined","sample_ts":1776895389.3884,"topic":"sensors/adxl345/raw"},"device":"rpi-9a2f6ea2e358535b","event":"MQTT_PUBLISH_FAILED","level":"ERROR","seq":632,"sig":"26bfe26d39be9053","ts":"2026-04-22T22:03:09.421639+00:00"}
{"category":"NETWORK","details":{"error":"name 'client' is not defined","sample_ts":1776895389.3984,"topic":"sensors/adxl345/raw"},"device":"rpi-9a2f6ea2e358535b","event":"MQTT_PUBLISH_FAILED","level":"ERROR","seq":633,"sig":"3c1dda68e37c0dcc","ts":"2026-04-22T22:03:09.421741+00:00"}
{"category":"NETWORK","details":{"error":"name 'client' is not defined","sample_ts":1776895389.4084,"topic":"sensors/adxl345/raw"},"device":"rpi-9a2f6ea2e358535b","event":"MQTT_PUBLISH_FAILED","level":"ERROR","seq":634,"sig":"346e228735b2b2ba","ts":"2026-04-22T22:03:09.421915+00:00"}
{"category":"SENSOR","details":{"batch_ts":1776895389.6684,"sample_count":25},"device":"rpi-9a2f6ea2e358535b","event":"FIFO_READ","level":"INFO","seq":635,"sig":"a3052dc34f9e0d3e","ts":"2026-04-22T22:03:09.668362+00:00"}
{"category":"NETWORK","details":{"error":"name 'client' is not defined","sample_ts":1776895389.4184,"topic":"sensors/adxl345/raw"},"device":"rpi-9a2f6ea2e358535b","event":"MQTT_PUBLISH_FAILED","level":"ERROR","seq":636,"sig":"8cbd55fcbd7c7204","ts":"2026-04-22T22:03:09.668591+00:00"}
{"category":"NETWORK","details":{"error":"name 'client' is not defined","sample_ts":1776895389.4284,"topic":"sensors/adxl345/raw"},"device":"rpi-9a2f6ea2e358535b","event":"MQTT_PUBLISH_FAILED","level":"ERROR","seq":637,"sig":"5b2f5a4f058f25b7","ts":"2026-04-22T22:03:09.668817+00:00"}
{"category":"NETWORK","details":{"error":"name 'client' is not defined","sample_ts":1776895389.4384,"topic":"sensors/adxl345/raw"},"device":"rpi-9a2f6ea2e358535b","event":"MQTT_PUBLISH_FAILED","level":"ERROR","seq":638,"sig":"839c8cf54597d367","ts":"2026-04-22T22:03:09.668989+00:00"}
{"category":"NETWORK","details":{"error":"name 'client' is not defined","sample_ts":1776895389.4484,"topic":"sensors/adxl345/raw"},"device":"rpi-9a2f6ea2e358535b","event":"MQTT_PUBLISH_FAILED","level":"ERROR","seq":639,"sig":"df61eea31768bc5d","ts":"2026-04-22T22:03:09.669144+00:00"}
{"category":"NETWORK","details":{"error":"name 'client' is not defined","sample_ts":1776895389.4584,"topic":"sensors/adxl345/raw"},"device":"rpi-9a2f6ea2e358535b","event":"MQTT_PUBLISH_FAILED","level":"ERROR","seq":640,"sig":"a29267b28b2010d3","ts":"2026-04-22T22:03:09.669289+00:00"}
{"category":"NETWORK","details":{"error":"name 'client' is not defined","sample_ts":1776895389.4684,"topic":"sensors/adxl345/raw"},"device":"rpi-9a2f6ea2e358535b","event":"MQTT_PUBLISH_FAILED","level":"ERROR","seq":641,"sig":"0cac03e92f36d5a1","ts":"2026-04-22T22:03:09.669428+00:00"}
{"category":"NETWORK","details":{"error":"name 'client' is not defined","sample_ts":1776895389.4784,"topic":"sensors/adxl345/raw"},"device":"rpi-9a2f6ea2e358535b","event":"MQTT_PUBLISH_FAILED","level":"ERROR","seq":642,"sig":"6fe77c64d443a695","ts":"2026-04-22T22:03:09.669572+00:00"}
{"category":"NETWORK","details":{"error":"name 'client' is not defined","sample_ts":1776895389.4884,"topic":"sensors/adxl345/raw"},"device":"rpi-9a2f6ea2e358535b","event":"MQTT_PUBLISH_FAILED","level":"ERROR","seq":643,"sig":"65c9bce883c8a0ca","ts":"2026-04-22T22:03:09.669707+00:00"}
{"category":"NETWORK","details":{"error":"name 'client' is not defined","sample_ts":1776895389.4984,"topic":"sensors/adxl345/raw"},"device":"rpi-9a2f6ea2e358535b","event":"MQTT_PUBLISH_FAILED","level":"ERROR","seq":644,"sig":"d7582af290cd2507","ts":"2026-04-22T22:03:09.669839+00:00"}
{"category":"NETWORK","details":{"error":"name 'client' is not defined","sample_ts":1776895389.5084,"topic":"sensors/adxl345/raw"},"device":"rpi-9a2f6ea2e358535b","event":"MQTT_PUBLISH_FAILED","level":"ERROR","seq":645,"sig":"175470fea78103dd","ts":"2026-04-22T22:03:09.669975+00:00"}
{"category":"NETWORK","details":{"error":"name 'client' is not defined","sample_ts":1776895389.5184,"topic":"sensors/adxl345/raw"},"device":"rpi-9a2f6ea2e358535b","event":"MQTT_PUBLISH_FAILED","level":"ERROR","seq":646,"sig":"78fd588ee41bf821","ts":"2026-04-22T22:03:09.670110+00:00"}
{"category":"NETWORK","details":{"error":"name 'client' is not defined","sample_ts":1776895389.5284,"topic":"sensors/adxl345/raw"},"device":"rpi-9a2f6ea2e358535b","event":"MQTT_PUBLISH_FAILED","level":"ERROR","seq":647,"sig":"e9bb960a005c077d","ts":"2026-04-22T22:03:09.670242+00:00"}
{"category":"NETWORK","details":{"error":"name 'client' is not defined","sample_ts":1776895389.5384,"topic":"sensors/adxl345/raw"},"device":"rpi-9a2f6ea2e358535b","event":"MQTT_PUBLISH_FAILED","level":"ERROR","seq":648,"sig":"44393c9e510a6c59","ts":"2026-04-22T22:03:09.670374+00:00"}
{"category":"NETWORK","details":{"error":"name 'client' is not defined","sample_ts":1776895389.5484,"topic":"sensors/adxl345/raw"},"device":"rpi-9a2f6ea2e358535b","event":"MQTT_PUBLISH_FAILED","level":"ERROR","seq":649,"sig":"66ff129cd8dde244","ts":"2026-04-22T22:03:09.670503+00:00"}
{"category":"NETWORK","details":{"error":"name 'client' is not defined","sample_ts":1776895389.5584,"topic":"sensors/adxl345/raw"},"device":"rpi-9a2f6ea2e358535b","event":"MQTT_PUBLISH_FAILED","level":"ERROR","seq":650,"sig":"fffb55e3bde3267b","ts":"2026-04-22T22:03:09.670633+00:00"}
{"category":"NETWORK","details":{"error":"name 'client' is not defined","sample_ts":1776895389.5684,"topic":"sensors/adxl345/raw"},"device":"rpi-9a2f6ea2e358535b","event":"MQTT_PUBLISH_FAILED","level":"ERROR","seq":651,"sig":"d5f89d9ab01ecd9b","ts":"2026-04-22T22:03:09.670762+00:00"}
{"category":"NETWORK","details":{"error":"name 'client' is not defined","sample_ts":1776895389.5784,"topic":"sensors/adxl345/raw"},"device":"rpi-9a2f6ea2e358535b","event":"MQTT_PUBLISH_FAILED","level":"ERROR","seq":652,"sig":"8552904318ba24a2","ts":"2026-04-22T22:03:09.670896+00:00"}
{"category":"NETWORK","details":{"error":"name 'client' is not defined","sample_ts":1776895389.5884,"topic":"sensors/adxl345/raw"},"device":"rpi-9a2f6ea2e358535b","event":"MQTT_PUBLISH_FAILED","level":"ERROR","seq":653,"sig":"d234204cb25e9039","ts":"2026-04-22T22:03:09.671027+00:00"}
{"category":"NETWORK","details":{"error":"name 'client' is not defined","sample_ts":1776895389.5984,"topic":"sensors/adxl345/raw"},"device":"rpi-9a2f6ea2e358535b","event":"MQTT_PUBLISH_FAILED","level":"ERROR","seq":654,"sig":"5da6544d86e78747","ts":"2026-04-22T22:03:09.671157+00:00"}
{"category":"NETWORK","details":{"error":"name 'client' is not defined","sample_ts":1776895389.6084,"topic":"sensors/adxl345/raw"},"device":"rpi-9a2f6ea2e358535b","event":"MQTT_PUBLISH_FAILED","level":"ERROR","seq":655,"sig":"6b27f19ba675a60a","ts":"2026-04-22T22:03:09.671287+00:00"}
{"category":"NETWORK","details":{"error":"name 'client' is not defined","sample_ts":1776895389.6184,"topic":"sensors/adxl345/raw"},"device":"rpi-9a2f6ea2e358535b","event":"MQTT_PUBLISH_FAILED","level":"ERROR","seq":656,"sig":"097aaf66aa4c1812","ts":"2026-04-22T22:03:09.671422+00:00"}
{"category":"NETWORK","details":{"error":"name 'client' is not defined","sample_ts":1776895389.6284,"topic":"sensors/adxl345/raw"},"device":"rpi-9a2f6ea2e358535b","event":"MQTT_PUBLISH_FAILED","level":"ERROR","seq":657,"sig":"d572d6ca40ac19b6","ts":"2026-04-22T22:03:09.671554+00:00"}
{"category":"NETWORK","details":{"error":"name 'client' is not defined","sample_ts":1776895389.6384,"topic":"sensors/adxl345/raw"},"device":"rpi-9a2f6ea2e358535b","event":"MQTT_PUBLISH_FAILED","level":"ERROR","seq":658,"sig":"c5e0530891002160","ts":"2026-04-22T22:03:09.671688+00:00"}
{"category":"NETWORK","details":{"error":"name 'client' is not defined","sample_ts":1776895389.6484,"topic":"sensors/adxl345/raw"},"device":"rpi-9a2f6ea2e358535b","event":"MQTT_PUBLISH_FAILED","level":"ERROR","seq":659,"sig":"59bbe57b4c9f927a","ts":"2026-04-22T22:03:09.671824+00:00"}
{"category":"NETWORK","details":{"error":"name 'client' is not defined","sample_ts":1776895389.6584,"topic":"sensors/adxl345/raw"},"device":"rpi-9a2f6ea2e358535b","event":"MQTT_PUBLISH_FAILED","level":"ERROR","seq":660,"sig":"cb6cfabb2ab60a60","ts":"2026-04-22T22:03:09.671976+00:00"}
{"category":"SENSOR","details":{"batch_ts":1776895389.9183,"sample_count":25},"device":"rpi-9a2f6ea2e358535b","event":"FIFO_READ","level":"INFO","seq":661,"sig":"a4ed28e11fcd903f","ts":"2026-04-22T22:03:09.918353+00:00"}
{"category":"NETWORK","details":{"error":"name 'client' is not defined","sample_ts":1776895389.6683,"topic":"sensors/adxl345/raw"},"device":"rpi-9a2f6ea2e358535b","event":"MQTT_PUBLISH_FAILED","level":"ERROR","seq":662,"sig":"679007227a132639","ts":"2026-04-22T22:03:09.918563+00:00"}
{"category":"NETWORK","details":{"error":"name 'client' is not defined","sample_ts":1776895389.6783,"topic":"sensors/adxl345/raw"},"device":"rpi-9a2f6ea2e358535b","event":"MQTT_PUBLISH_FAILED","level":"ERROR","seq":663,"sig":"9c1acb537d73102d","ts":"2026-04-22T22:03:09.918756+00:00"}
{"category":"NETWORK","details":{"error":"name 'client' is not defined","sample_ts":1776895389.6883,"topic":"sensors/adxl345/raw"},"device":"rpi-9a2f6ea2e358535b","event":"MQTT_PUBLISH_FAILED","level":"ERROR","seq":664,"sig":"d43dcc08aa86d244","ts":"2026-04-22T22:03:09.918914+00:00"}
{"category":"NETWORK","details":{"error":"name 'client' is not defined","sample_ts":1776895389.6983,"topic":"sensors/adxl345/raw"},"device":"rpi-9a2f6ea2e358535b","event":"MQTT_PUBLISH_FAILED","level":"ERROR","seq":665,"sig":"1cdc74d0371d4c31","ts":"2026-04-22T22:03:09.919061+00:00"}
{"category":"NETWORK","details":{"error":"name 'client' is not defined","sample_ts":1776895389.7083,"topic":"sensors/adxl345/raw"},"device":"rpi-9a2f6ea2e358535b","event":"MQTT_PUBLISH_FAILED","level":"ERROR","seq":666,"sig":"3d6452d2e9e498be","ts":"2026-04-22T22:03:09.919200+00:00"}
{"category":"NETWORK","details":{"error":"name 'client' is not defined","sample_ts":1776895389.7183,"topic":"sensors/adxl345/raw"},"device":"rpi-9a2f6ea2e358535b","event":"MQTT_PUBLISH_FAILED","level":"ERROR","seq":667,"sig":"8cdc5bb365445d0b","ts":"2026-04-22T22:03:09.919334+00:00"}
{"category":"NETWORK","details":{"error":"name 'client' is not defined","sample_ts":1776895389.7283,"topic":"sensors/adxl345/raw"},"device":"rpi-9a2f6ea2e358535b","event":"MQTT_PUBLISH_FAILED","level":"ERROR","seq":668,"sig":"f6e1e250a6491701","ts":"2026-04-22T22:03:09.919467+00:00"}
{"category":"NETWORK","details":{"error":"name 'client' is not defined","sample_ts":1776895389.7383,"topic":"sensors/adxl345/raw"},"device":"rpi-9a2f6ea2e358535b","event":"MQTT_PUBLISH_FAILED","level":"ERROR","seq":669,"sig":"f87732cdfb3885c8","ts":"2026-04-22T22:03:09.919601+00:00"}
{"category":"NETWORK","details":{"error":"name 'client' is not defined","sample_ts":1776895389.7483,"topic":"sensors/adxl345/raw"},"device":"rpi-9a2f6ea2e358535b","event":"MQTT_PUBLISH_FAILED","level":"ERROR","seq":670,"sig":"d87b1fd3ba4e873d","ts":"2026-04-22T22:03:09.919732+00:00"}
{"category":"NETWORK","details":{"error":"name 'client' is not defined","sample_ts":1776895389.7583,"topic":"sensors/adxl345/raw"},"device":"rpi-9a2f6ea2e358535b","event":"MQTT_PUBLISH_FAILED","level":"ERROR","seq":671,"sig":"63e52a193fd29611","ts":"2026-04-22T22:03:09.919868+00:00"}
{"category":"NETWORK","details":{"error":"name 'client' is not defined","sample_ts":1776895389.7683,"topic":"sensors/adxl345/raw"},"device":"rpi-9a2f6ea2e358535b","event":"MQTT_PUBLISH_FAILED","level":"ERROR","seq":672,"sig":"5355b53bb336e2a5","ts":"2026-04-22T22:03:09.919998+00:00"}
{"category":"NETWORK","details":{"error":"name 'client' is not defined","sample_ts":1776895389.7783,"topic":"sensors/adxl345/raw"},"device":"rpi-9a2f6ea2e358535b","event":"MQTT_PUBLISH_FAILED","level":"ERROR","seq":673,"sig":"56e7dd652a6c470b","ts":"2026-04-22T22:03:09.920128+00:00"}
{"category":"NETWORK","details":{"error":"name 'client' is not defined","sample_ts":1776895389.7883,"topic":"sensors/adxl345/raw"},"device":"rpi-9a2f6ea2e358535b","event":"MQTT_PUBLISH_FAILED","level":"ERROR","seq":674,"sig":"11bd384b7b142e66","ts":"2026-04-22T22:03:09.920258+00:00"}
{"category":"NETWORK","details":{"error":"name 'client' is not defined","sample_ts":1776895389.7983,"topic":"sensors/adxl345/raw"},"device":"rpi-9a2f6ea2e358535b","event":"MQTT_PUBLISH_FAILED","level":"ERROR","seq":675,"sig":"47ee256c1c94128c","ts":"2026-04-22T22:03:09.920387+00:00"}
{"category":"NETWORK","details":{"error":"name 'client' is not defined","sample_ts":1776895389.8083,"topic":"sensors/adxl345/raw"},"device":"rpi-9a2f6ea2e358535b","event":"MQTT_PUBLISH_FAILED","level":"ERROR","seq":676,"sig":"33a801f12e91f25c","ts":"2026-04-22T22:03:09.920515+00:00"}
{"category":"NETWORK","details":{"error":"name 'client' is not defined","sample_ts":1776895389.8183,"topic":"sensors/adxl345/raw"},"device":"rpi-9a2f6ea2e358535b","event":"MQTT_PUBLISH_FAILED","level":"ERROR","seq":677,"sig":"e1b71410423879d1","ts":"2026-04-22T22:03:09.920660+00:00"}
{"category":"NETWORK","details":{"error":"name 'client' is not defined","sample_ts":1776895389.8283,"topic":"sensors/adxl345/raw"},"device":"rpi-9a2f6ea2e358535b","event":"MQTT_PUBLISH_FAILED","level":"ERROR","seq":678,"sig":"15f8e81029b64302","ts":"2026-04-22T22:03:09.920808+00:00"}
{"category":"NETWORK","details":{"error":"name 'client' is not defined","sample_ts":1776895389.8383,"topic":"sensors/adxl345/raw"},"device":"rpi-9a2f6ea2e358535b","event":"MQTT_PUBLISH_FAILED","level":"ERROR","seq":679,"sig":"7feb7ef3261e053d","ts":"2026-04-22T22:03:09.920941+00:00"}
{"category":"NETWORK","details":{"error":"name 'client' is not defined","sample_ts":1776895389.8483,"topic":"sensors/adxl345/raw"},"device":"rpi-9a2f6ea2e358535b","event":"MQTT_PUBLISH_FAILED","level":"ERROR","seq":680,"sig":"b2081550de5208bb","ts":"2026-04-22T22:03:09.921071+00:00"}
{"category":"NETWORK","details":{"error":"name 'client' is not defined","sample_ts":1776895389.8583,"topic":"sensors/adxl345/raw"},"device":"rpi-9a2f6ea2e358535b","event":"MQTT_PUBLISH_FAILED","level":"ERROR","seq":681,"sig":"966e8e7aee5466ab","ts":"2026-04-22T22:03:09.921201+00:00"}
{"category":"NETWORK","details":{"error":"name 'client' is not defined","sample_ts":1776895389.8683,"topic":"sensors/adxl345/raw"},"device":"rpi-9a2f6ea2e358535b","event":"MQTT_PUBLISH_FAILED","level":"ERROR","seq":682,"sig":"dbfa5833e3fb65af","ts":"2026-04-22T22:03:09.921329+00:00"}
{"category":"NETWORK","details":{"error":"name 'client' is not defined","sample_ts":1776895389.8783,"topic":"sensors/adxl345/raw"},"device":"rpi-9a2f6ea2e358535b","event":"MQTT_PUBLISH_FAILED","level":"ERROR","seq":683,"sig":"2667f7649711f83d","ts":"2026-04-22T22:03:09.921458+00:00"}
{"category":"NETWORK","details":{"error":"name 'client' is not defined","sample_ts":1776895389.8883,"topic":"sensors/adxl345/raw"},"device":"rpi-9a2f6ea2e358535b","event":"MQTT_PUBLISH_FAILED","level":"ERROR","seq":684,"sig":"512f765452b67004","ts":"2026-04-22T22:03:09.921585+00:00"}
{"category":"NETWORK","details":{"error":"name 'client' is not defined","sample_ts":1776895389.8983,"topic":"sensors/adxl345/raw"},"device":"rpi-9a2f6ea2e358535b","event":"MQTT_PUBLISH_FAILED","level":"ERROR","seq":685,"sig":"6aac9120ab8920d4","ts":"2026-04-22T22:03:09.921746+00:00"}
{"category":"NETWORK","details":{"error":"name 'client' is not defined","sample_ts":1776895389.9083,"topic":"sensors/adxl345/raw"},"device":"rpi-9a2f6ea2e358535b","event":"MQTT_PUBLISH_FAILED","level":"ERROR","seq":686,"sig":"a1bbe5330e6d029c","ts":"2026-04-22T22:03:09.921899+00:00"}
{"category":"DATA","details":{"band_hz":[4.0,7.0],"batch_ts":1776895389.9183,"x_peak_g":0.002331,"x_peak_hz":6.0,"y_peak_g":0.001436,"y_peak_hz":5.0,"z_peak_g":0.00222,"z_peak_hz":5.0},"device":"rpi-9a2f6ea2e358535b","event":"FFT_RESULT","level":"INFO","seq":687,"sig":"d82a64fe7dae53e3","ts":"2026-04-22T22:03:09.922418+00:00"}
{"category":"NETWORK","details":{"batch_ts":1776895389.9183,"error":"name 'client' is not defined","topic":"sensors/adxl345/fft"},"device":"rpi-9a2f6ea2e358535b","event":"MQTT_PUBLISH_FAILED","level":"ERROR","seq":688,"sig":"a220750ea7c44fda","ts":"2026-04-22T22:03:09.922578+00:00"}
{"category":"SENSOR","details":{"batch_ts":1776895390.1683,"sample_count":25},"device":"rpi-9a2f6ea2e358535b","event":"FIFO_READ","level":"INFO","seq":689,"sig":"be5995e05e3be0cb","ts":"2026-04-22T22:03:10.168348+00:00"}
{"category":"NETWORK","details":{"error":"name 'client' is not defined","sample_ts":1776895389.9183,"topic":"sensors/adxl345/raw"},"device":"rpi-9a2f6ea2e358535b","event":"MQTT_PUBLISH_FAILED","level":"ERROR","seq":690,"sig":"4bd73e2f7a35f46d","ts":"2026-04-22T22:03:10.168582+00:00"}
{"category":"NETWORK","details":{"error":"name 'client' is not defined","sample_ts":1776895389.9283,"topic":"sensors/adxl345/raw"},"device":"rpi-9a2f6ea2e358535b","event":"MQTT_PUBLISH_FAILED","level":"ERROR","seq":691,"sig":"c62df1b715a881e0","ts":"2026-04-22T22:03:10.171989+00:00"}
{"category":"NETWORK","details":{"error":"name 'client' is not defined","sample_ts":1776895389.9383,"topic":"sensors/adxl345/raw"},"device":"rpi-9a2f6ea2e358535b","event":"MQTT_PUBLISH_FAILED","level":"ERROR","seq":692,"sig":"81dcfd381f676544","ts":"2026-04-22T22:03:10.172197+00:00"}
{"category":"NETWORK","details":{"error":"name 'client' is not defined","sample_ts":1776895389.9483,"topic":"sensors/adxl345/raw"},"device":"rpi-9a2f6ea2e358535b","event":"MQTT_PUBLISH_FAILED","level":"ERROR","seq":693,"sig":"7505f97f9f38600b","ts":"2026-04-22T22:03:10.172375+00:00"}
{"category":"NETWORK","details":{"error":"name 'client' is not defined","sample_ts":1776895389.9583,"topic":"sensors/adxl345/raw"},"device":"rpi-9a2f6ea2e358535b","event":"MQTT_PUBLISH_FAILED","level":"ERROR","seq":694,"sig":"9c2cfbbec9ce27bc","ts":"2026-04-22T22:03:10.172542+00:00"}
{"category":"NETWORK","details":{"error":"name 'client' is not defined","sample_ts":1776895389.9683,"topic":"sensors/adxl345/raw"},"device":"rpi-9a2f6ea2e358535b","event":"MQTT_PUBLISH_FAILED","level":"ERROR","seq":695,"sig":"256ee79c67489a84","ts":"2026-04-22T22:03:10.172719+00:00"}
{"category":"NETWORK","details":{"error":"name 'client' is not defined","sample_ts":1776895389.9783,"topic":"sensors/adxl345/raw"},"device":"rpi-9a2f6ea2e358535b","event":"MQTT_PUBLISH_FAILED","level":"ERROR","seq":696,"sig":"4211d81ceea4b612","ts":"2026-04-22T22:03:10.172881+00:00"}
{"category":"NETWORK","details":{"error":"name 'client' is not defined","sample_ts":1776895389.9883,"topic":"sensors/adxl345/raw"},"device":"rpi-9a2f6ea2e358535b","event":"MQTT_PUBLISH_FAILED","level":"ERROR","seq":697,"sig":"27769e2210730bc8","ts":"2026-04-22T22:03:10.173032+00:00"}
{"category":"NETWORK","details":{"error":"name 'client' is not defined","sample_ts":1776895389.9983,"topic":"sensors/adxl345/raw"},"device":"rpi-9a2f6ea2e358535b","event":"MQTT_PUBLISH_FAILED","level":"ERROR","seq":698,"sig":"c18f9bd2319c1e1f","ts":"2026-04-22T22:03:10.173179+00:00"}
{"category":"NETWORK","details":{"error":"name 'client' is not defined","sample_ts":1776895390.0083,"topic":"sensors/adxl345/raw"},"device":"rpi-9a2f6ea2e358535b","event":"MQTT_PUBLISH_FAILED","level":"ERROR","seq":699,"sig":"8f4f2ed8163557f5","ts":"2026-04-22T22:03:10.173334+00:00"}
{"category":"NETWORK","details":{"error":"name 'client' is not defined","sample_ts":1776895390.0183,"topic":"sensors/adxl345/raw"},"device":"rpi-9a2f6ea2e358535b","event":"MQTT_PUBLISH_FAILED","level":"ERROR","seq":700,"sig":"24e12e80659a7320","ts":"2026-04-22T22:03:10.173480+00:00"}
{"category":"NETWORK","details":{"error":"name 'client' is not defined","sample_ts":1776895390.0283,"topic":"sensors/adxl345/raw"},"device":"rpi-9a2f6ea2e358535b","event":"MQTT_PUBLISH_FAILED","level":"ERROR","seq":701,"sig":"14b067e7407c2b19","ts":"2026-04-22T22:03:10.173624+00:00"}
{"category":"NETWORK","details":{"error":"name 'client' is not defined","sample_ts":1776895390.0383,"topic":"sensors/adxl345/raw"},"device":"rpi-9a2f6ea2e358535b","event":"MQTT_PUBLISH_FAILED","level":"ERROR","seq":702,"sig":"13d457b3818860e3","ts":"2026-04-22T22:03:10.173760+00:00"}
{"category":"NETWORK","details":{"error":"name 'client' is not defined","sample_ts":1776895390.0483,"topic":"sensors/adxl345/raw"},"device":"rpi-9a2f6ea2e358535b","event":"MQTT_PUBLISH_FAILED","level":"ERROR","seq":703,"sig":"8fcb191f93907c78","ts":"2026-04-22T22:03:10.173894+00:00"}
{"category":"NETWORK","details":{"error":"name 'client' is not defined","sample_ts":1776895390.0583,"topic":"sensors/adxl345/raw"},"device":"rpi-9a2f6ea2e358535b","event":"MQTT_PUBLISH_FAILED","level":"ERROR","seq":704,"sig":"a4ff18ce18058164","ts":"2026-04-22T22:03:10.174024+00:00"}
{"category":"NETWORK","details":{"error":"name 'client' is not defined","sample_ts":1776895390.0683,"topic":"sensors/adxl345/raw"},"device":"rpi-9a2f6ea2e358535b","event":"MQTT_PUBLISH_FAILED","level":"ERROR","seq":705,"sig":"98065d5ebf40c45a","ts":"2026-04-22T22:03:10.174155+00:00"}
{"category":"NETWORK","details":{"error":"name 'client' is not defined","sample_ts":1776895390.0783,"topic":"sensors/adxl345/raw"},"device":"rpi-9a2f6ea2e358535b","event":"MQTT_PUBLISH_FAILED","level":"ERROR","seq":706,"sig":"b760ea30183e73b8","ts":"2026-04-22T22:03:10.174284+00:00"}
{"category":"NETWORK","details":{"error":"name 'client' is not defined","sample_ts":1776895390.0883,"topic":"sensors/adxl345/raw"},"device":"rpi-9a2f6ea2e358535b","event":"MQTT_PUBLISH_FAILED","level":"ERROR","seq":707,"sig":"e7ee123fde28ca38","ts":"2026-04-22T22:03:10.174414+00:00"}
{"category":"NETWORK","details":{"error":"name 'client' is not defined","sample_ts":1776895390.0983,"topic":"sensors/adxl345/raw"},"device":"rpi-9a2f6ea2e358535b","event":"MQTT_PUBLISH_FAILED","level":"ERROR","seq":708,"sig":"c5f22633a8099042","ts":"2026-04-22T22:03:10.174545+00:00"}
{"category":"NETWORK","details":{"error":"name 'client' is not defined","sample_ts":1776895390.1083,"topic":"sensors/adxl345/raw"},"device":"rpi-9a2f6ea2e358535b","event":"MQTT_PUBLISH_FAILED","level":"ERROR","seq":709,"sig":"c46eb07415decf1b","ts":"2026-04-22T22:03:10.174678+00:00"}
{"category":"NETWORK","details":{"error":"name 'client' is not defined","sample_ts":1776895390.1183,"topic":"sensors/adxl345/raw"},"device":"rpi-9a2f6ea2e358535b","event":"MQTT_PUBLISH_FAILED","level":"ERROR","seq":710,"sig":"e3205c239a98d78d","ts":"2026-04-22T22:03:10.174807+00:00"}
{"category":"NETWORK","details":{"error":"name 'client' is not defined","sample_ts":1776895390.1283,"topic":"sensors/adxl345/raw"},"device":"rpi-9a2f6ea2e358535b","event":"MQTT_PUBLISH_FAILED","level":"ERROR","seq":711,"sig":"7e2174219acc5b99","ts":"2026-04-22T22:03:10.174936+00:00"}
{"category":"NETWORK","details":{"error":"name 'client' is not defined","sample_ts":1776895390.1383,"topic":"sensors/adxl345/raw"},"device":"rpi-9a2f6ea2e358535b","event":"MQTT_PUBLISH_FAILED","level":"ERROR","seq":712,"sig":"bfa2c1deff94a64b","ts":"2026-04-22T22:03:10.175062+00:00"}
{"category":"NETWORK","details":{"error":"name 'client' is not defined","sample_ts":1776895390.1483,"topic":"sensors/adxl345/raw"},"device":"rpi-9a2f6ea2e358535b","event":"MQTT_PUBLISH_FAILED","level":"ERROR","seq":713,"sig":"56e10d9177f3c59b","ts":"2026-04-22T22:03:10.175173+00:00"}
{"category":"NETWORK","details":{"error":"name 'client' is not defined","sample_ts":1776895390.1583,"topic":"sensors/adxl345/raw"},"device":"rpi-9a2f6ea2e358535b","event":"MQTT_PUBLISH_FAILED","level":"ERROR","seq":714,"sig":"0b6230827849ff3a","ts":"2026-04-22T22:03:10.175286+00:00"}
{"category":"SENSOR","details":{"batch_ts":1776895390.4184,"sample_count":25},"device":"rpi-9a2f6ea2e358535b","event":"FIFO_READ","level":"INFO","seq":715,"sig":"08ff53414bca70bd","ts":"2026-04-22T22:03:10.418381+00:00"}
{"category":"NETWORK","details":{"error":"name 'client' is not defined","sample_ts":1776895390.1684,"topic":"sensors/adxl345/raw"},"device":"rpi-9a2f6ea2e358535b","event":"MQTT_PUBLISH_FAILED","level":"ERROR","seq":716,"sig":"ee7f466a7fb05819","ts":"2026-04-22T22:03:10.418663+00:00"}
{"category":"NETWORK","details":{"error":"name 'client' is not defined","sample_ts":1776895390.1784,"topic":"sensors/adxl345/raw"},"device":"rpi-9a2f6ea2e358535b","event":"MQTT_PUBLISH_FAILED","level":"ERROR","seq":717,"sig":"f426dd517a4ff790","ts":"2026-04-22T22:03:10.418918+00:00"}
{"category":"NETWORK","details":{"error":"name 'client' is not defined","sample_ts":1776895390.1884,"topic":"sensors/adxl345/raw"},"device":"rpi-9a2f6ea2e358535b","event":"MQTT_PUBLISH_FAILED","level":"ERROR","seq":718,"sig":"7005cd67db809550","ts":"2026-04-22T22:03:10.419212+00:00"}
{"category":"NETWORK","details":{"error":"name 'client' is not defined","sample_ts":1776895390.1984,"topic":"sensors/adxl345/raw"},"device":"rpi-9a2f6ea2e358535b","event":"MQTT_PUBLISH_FAILED","level":"ERROR","seq":719,"sig":"f90e63af4c13723c","ts":"2026-04-22T22:03:10.419421+00:00"}
{"category":"NETWORK","details":{"error":"name 'client' is not defined","sample_ts":1776895390.2084,"topic":"sensors/adxl345/raw"},"device":"rpi-9a2f6ea2e358535b","event":"MQTT_PUBLISH_FAILED","level":"ERROR","seq":720,"sig":"94a31777d391d94a","ts":"2026-04-22T22:03:10.419605+00:00"}
{"category":"NETWORK","details":{"error":"name 'client' is not defined","sample_ts":1776895390.2184,"topic":"sensors/adxl345/raw"},"device":"rpi-9a2f6ea2e358535b","event":"MQTT_PUBLISH_FAILED","level":"ERROR","seq":721,"sig":"74b3b520e2671466","ts":"2026-04-22T22:03:10.419839+00:00"}
{"category":"NETWORK","details":{"error":"name 'client' is not defined","sample_ts":1776895390.2284,"topic":"sensors/adxl345/raw"},"device":"rpi-9a2f6ea2e358535b","event":"MQTT_PUBLISH_FAILED","level":"ERROR","seq":722,"sig":"a7ccc25dcba2746d","ts":"2026-04-22T22:03:10.420026+00:00"}
{"category":"NETWORK","details":{"error":"name 'client' is not defined","sample_ts":1776895390.2384,"topic":"sensors/adxl345/raw"},"device":"rpi-9a2f6ea2e358535b","event":"MQTT_PUBLISH_FAILED","level":"ERROR","seq":723,"sig":"c6b30066d3f9a3fc","ts":"2026-04-22T22:03:10.420220+00:00"}
{"category":"NETWORK","details":{"error":"name 'client' is not defined","sample_ts":1776895390.2484,"topic":"sensors/adxl345/raw"},"device":"rpi-9a2f6ea2e358535b","event":"MQTT_PUBLISH_FAILED","level":"ERROR","seq":724,"sig":"3ac0d2c562851240","ts":"2026-04-22T22:03:10.420447+00:00"}
{"category":"NETWORK","details":{"error":"name 'client' is not defined","sample_ts":1776895390.2584,"topic":"sensors/adxl345/raw"},"device":"rpi-9a2f6ea2e358535b","event":"MQTT_PUBLISH_FAILED","level":"ERROR","seq":725,"sig":"ad72a07939a18035","ts":"2026-04-22T22:03:10.420640+00:00"}
{"category":"NETWORK","details":{"error":"name 'client' is not defined","sample_ts":1776895390.2684,"topic":"sensors/adxl345/raw"},"device":"rpi-9a2f6ea2e358535b","event":"MQTT_PUBLISH_FAILED","level":"ERROR","seq":726,"sig":"dff08e1d3c6cc2a6","ts":"2026-04-22T22:03:10.420898+00:00"}
{"category":"NETWORK","details":{"error":"name 'client' is not defined","sample_ts":1776895390.2784,"topic":"sensors/adxl345/raw"},"device":"rpi-9a2f6ea2e358535b","event":"MQTT_PUBLISH_FAILED","level":"ERROR","seq":727,"sig":"0f347ea2b9f379a7","ts":"2026-04-22T22:03:10.421065+00:00"}
{"category":"NETWORK","details":{"error":"name 'client' is not defined","sample_ts":1776895390.2884,"topic":"sensors/adxl345/raw"},"device":"rpi-9a2f6ea2e358535b","event":"MQTT_PUBLISH_FAILED","level":"ERROR","seq":728,"sig":"f68ac97298453607","ts":"2026-04-22T22:03:10.421248+00:00"}
{"category":"NETWORK","details":{"error":"name 'client' is not defined","sample_ts":1776895390.2984,"topic":"sensors/adxl345/raw"},"device":"rpi-9a2f6ea2e358535b","event":"MQTT_PUBLISH_FAILED","level":"ERROR","seq":729,"sig":"fcb2d743ac265012","ts":"2026-04-22T22:03:10.421390+00:00"}
{"category":"NETWORK","details":{"error":"name 'client' is not defined","sample_ts":1776895390.3084,"topic":"sensors/adxl345/raw"},"device":"rpi-9a2f6ea2e358535b","event":"MQTT_PUBLISH_FAILED","level":"ERROR","seq":730,"sig":"ad7703172efb9b52","ts":"2026-04-22T22:03:10.421523+00:00"}
{"category":"NETWORK","details":{"error":"name 'client' is not defined","sample_ts":1776895390.3184,"topic":"sensors/adxl345/raw"},"device":"rpi-9a2f6ea2e358535b","event":"MQTT_PUBLISH_FAILED","level":"ERROR","seq":731,"sig":"329b4ed15a78d156","ts":"2026-04-22T22:03:10.421649+00:00"}
{"category":"NETWORK","details":{"error":"name 'client' is not defined","sample_ts":1776895390.3284,"topic":"sensors/adxl345/raw"},"device":"rpi-9a2f6ea2e358535b","event":"MQTT_PUBLISH_FAILED","level":"ERROR","seq":732,"sig":"354f8072c74fdb0f","ts":"2026-04-22T22:03:10.421764+00:00"}
{"category":"NETWORK","details":{"error":"name 'client' is not defined","sample_ts":1776895390.3384,"topic":"sensors/adxl345/raw"},"device":"rpi-9a2f6ea2e358535b","event":"MQTT_PUBLISH_FAILED","level":"ERROR","seq":733,"sig":"85a62d9b37f5a450","ts":"2026-04-22T22:03:10.421873+00:00"}
{"category":"NETWORK","details":{"error":"name 'client' is not defined","sample_ts":1776895390.3484,"topic":"sensors/adxl345/raw"},"device":"rpi-9a2f6ea2e358535b","event":"MQTT_PUBLISH_FAILED","level":"ERROR","seq":734,"sig":"6a30a474f248ac1f","ts":"2026-04-22T22:03:10.421980+00:00"}
{"category":"NETWORK","details":{"error":"name 'client' is not defined","sample_ts":1776895390.3584,"topic":"sensors/adxl345/raw"},"device":"rpi-9a2f6ea2e358535b","event":"MQTT_PUBLISH_FAILED","level":"ERROR","seq":735,"sig":"a2697b317f7891e6","ts":"2026-04-22T22:03:10.422086+00:00"}
{"category":"NETWORK","details":{"error":"name 'client' is not defined","sample_ts":1776895390.3684,"topic":"sensors/adxl345/raw"},"device":"rpi-9a2f6ea2e358535b","event":"MQTT_PUBLISH_FAILED","level":"ERROR","seq":736,"sig":"9e1e552a3681195a","ts":"2026-04-22T22:03:10.422191+00:00"}
{"category":"NETWORK","details":{"error":"name 'client' is not defined","sample_ts":1776895390.3784,"topic":"sensors/adxl345/raw"},"device":"rpi-9a2f6ea2e358535b","event":"MQTT_PUBLISH_FAILED","level":"ERROR","seq":737,"sig":"943749150a4074a3","ts":"2026-04-22T22:03:10.422298+00:00"}
{"category":"NETWORK","details":{"error":"name 'client' is not defined","sample_ts":1776895390.3884,"topic":"sensors/adxl345/raw"},"device":"rpi-9a2f6ea2e358535b","event":"MQTT_PUBLISH_FAILED","level":"ERROR","seq":738,"sig":"a625850059b01f52","ts":"2026-04-22T22:03:10.422422+00:00"}
{"category":"NETWORK","details":{"error":"name 'client' is not defined","sample_ts":1776895390.3984,"topic":"sensors/adxl345/raw"},"device":"rpi-9a2f6ea2e358535b","event":"MQTT_PUBLISH_FAILED","level":"ERROR","seq":739,"sig":"5b8f7500e96ca9e8","ts":"2026-04-22T22:03:10.422554+00:00"}
{"category":"NETWORK","details":{"error":"name 'client' is not defined","sample_ts":1776895390.4084,"topic":"sensors/adxl345/raw"},"device":"rpi-9a2f6ea2e358535b","event":"MQTT_PUBLISH_FAILED","level":"ERROR","seq":740,"sig":"65c61ebfe7c81ceb","ts":"2026-04-22T22:03:10.422685+00:00"}
{"category":"SENSOR","details":{"batch_ts":1776895390.6684,"sample_count":25},"device":"rpi-9a2f6ea2e358535b","event":"FIFO_READ","level":"INFO","seq":741,"sig":"aa4b10fe3de166d8","ts":"2026-04-22T22:03:10.668388+00:00"}
{"category":"NETWORK","details":{"error":"name 'client' is not defined","sample_ts":1776895390.4184,"topic":"sensors/adxl345/raw"},"device":"rpi-9a2f6ea2e358535b","event":"MQTT_PUBLISH_FAILED","level":"ERROR","seq":742,"sig":"9603e91b4960fda3","ts":"2026-04-22T22:03:10.668639+00:00"}
{"category":"NETWORK","details":{"error":"name 'client' is not defined","sample_ts":1776895390.4284,"topic":"sensors/adxl345/raw"},"device":"rpi-9a2f6ea2e358535b","event":"MQTT_PUBLISH_FAILED","level":"ERROR","seq":743,"sig":"f3dee705634668c7","ts":"2026-04-22T22:03:10.668848+00:00"}
{"category":"NETWORK","details":{"error":"name 'client' is not defined","sample_ts":1776895390.4384,"topic":"sensors/adxl345/raw"},"device":"rpi-9a2f6ea2e358535b","event":"MQTT_PUBLISH_FAILED","level":"ERROR","seq":744,"sig":"6801a18cb20bd4a6","ts":"2026-04-22T22:03:10.668988+00:00"}
{"category":"NETWORK","details":{"error":"name 'client' is not defined","sample_ts":1776895390.4484,"topic":"sensors/adxl345/raw"},"device":"rpi-9a2f6ea2e358535b","event":"MQTT_PUBLISH_FAILED","level":"ERROR","seq":745,"sig":"6d83f859ec13eb20","ts":"2026-04-22T22:03:10.669105+00:00"}
{"category":"NETWORK","details":{"error":"name 'client' is not defined","sample_ts":1776895390.4584,"topic":"sensors/adxl345/raw"},"device":"rpi-9a2f6ea2e358535b","event":"MQTT_PUBLISH_FAILED","level":"ERROR","seq":746,"sig":"466a23edf2da55e4","ts":"2026-04-22T22:03:10.669242+00:00"}
{"category":"NETWORK","details":{"error":"name 'client' is not defined","sample_ts":1776895390.4684,"topic":"sensors/adxl345/raw"},"device":"rpi-9a2f6ea2e358535b","event":"MQTT_PUBLISH_FAILED","level":"ERROR","seq":747,"sig":"9cc39ddd8c01e0dc","ts":"2026-04-22T22:03:10.669370+00:00"}
{"category":"NETWORK","details":{"error":"name 'client' is not defined","sample_ts":1776895390.4784,"topic":"sensors/adxl345/raw"},"device":"rpi-9a2f6ea2e358535b","event":"MQTT_PUBLISH_FAILED","level":"ERROR","seq":748,"sig":"7aee24c82ffb112a","ts":"2026-04-22T22:03:10.669484+00:00"}
{"category":"NETWORK","details":{"error":"name 'client' is not defined","sample_ts":1776895390.4884,"topic":"sensors/adxl345/raw"},"device":"rpi-9a2f6ea2e358535b","event":"MQTT_PUBLISH_FAILED","level":"ERROR","seq":749,"sig":"985e058b69235005","ts":"2026-04-22T22:03:10.669613+00:00"}
{"category":"NETWORK","details":{"error":"name 'client' is not defined","sample_ts":1776895390.4984,"topic":"sensors/adxl345/raw"},"device":"rpi-9a2f6ea2e358535b","event":"MQTT_PUBLISH_FAILED","level":"ERROR","seq":750,"sig":"72f43880aa67ddb0","ts":"2026-04-22T22:03:10.669727+00:00"}
{"category":"NETWORK","details":{"error":"name 'client' is not defined","sample_ts":1776895390.5084,"topic":"sensors/adxl345/raw"},"device":"rpi-9a2f6ea2e358535b","event":"MQTT_PUBLISH_FAILED","level":"ERROR","seq":751,"sig":"38e7f321524a2ef2","ts":"2026-04-22T22:03:10.669857+00:00"}
{"category":"NETWORK","details":{"error":"name 'client' is not defined","sample_ts":1776895390.5184,"topic":"sensors/adxl345/raw"},"device":"rpi-9a2f6ea2e358535b","event":"MQTT_PUBLISH_FAILED","level":"ERROR","seq":752,"sig":"aff35e2349ffc1f4","ts":"2026-04-22T22:03:10.669971+00:00"}
{"category":"NETWORK","details":{"error":"name 'client' is not defined","sample_ts":1776895390.5284,"topic":"sensors/adxl345/raw"},"device":"rpi-9a2f6ea2e358535b","event":"MQTT_PUBLISH_FAILED","level":"ERROR","seq":753,"sig":"5fdb000c265d2e91","ts":"2026-04-22T22:03:10.670094+00:00"}
{"category":"NETWORK","details":{"error":"name 'client' is not defined","sample_ts":1776895390.5384,"topic":"sensors/adxl345/raw"},"device":"rpi-9a2f6ea2e358535b","event":"MQTT_PUBLISH_FAILED","level":"ERROR","seq":754,"sig":"d3f9267a50386d7a","ts":"2026-04-22T22:03:10.670204+00:00"}
{"category":"NETWORK","details":{"error":"name 'client' is not defined","sample_ts":1776895390.5484,"topic":"sensors/adxl345/raw"},"device":"rpi-9a2f6ea2e358535b","event":"MQTT_PUBLISH_FAILED","level":"ERROR","seq":755,"sig":"3878708468245122","ts":"2026-04-22T22:03:10.670332+00:00"}
{"category":"NETWORK","details":{"error":"name 'client' is not defined","sample_ts":1776895390.5584,"topic":"sensors/adxl345/raw"},"device":"rpi-9a2f6ea2e358535b","event":"MQTT_PUBLISH_FAILED","level":"ERROR","seq":756,"sig":"f6b1ef3dc593395a","ts":"2026-04-22T22:03:10.670454+00:00"}
{"category":"NETWORK","details":{"error":"name 'client' is not defined","sample_ts":1776895390.5684,"topic":"sensors/adxl345/raw"},"device":"rpi-9a2f6ea2e358535b","event":"MQTT_PUBLISH_FAILED","level":"ERROR","seq":757,"sig":"128cd3137ad94990","ts":"2026-04-22T22:03:10.670582+00:00"}
{"category":"NETWORK","details":{"error":"name 'client' is not defined","sample_ts":1776895390.5784,"topic":"sensors/adxl345/raw"},"device":"rpi-9a2f6ea2e358535b","event":"MQTT_PUBLISH_FAILED","level":"ERROR","seq":758,"sig":"a8cc3c876d13cfba","ts":"2026-04-22T22:03:10.670696+00:00"}
{"category":"NETWORK","details":{"error":"name 'client' is not defined","sample_ts":1776895390.5884,"topic":"sensors/adxl345/raw"},"device":"rpi-9a2f6ea2e358535b","event":"MQTT_PUBLISH_FAILED","level":"ERROR","seq":759,"sig":"91aa59b546ed18ad","ts":"2026-04-22T22:03:10.670805+00:00"}
{"category":"NETWORK","details":{"error":"name 'client' is not defined","sample_ts":1776895390.5984,"topic":"sensors/adxl345/raw"},"device":"rpi-9a2f6ea2e358535b","event":"MQTT_PUBLISH_FAILED","level":"ERROR","seq":760,"sig":"26621b3d2044b558","ts":"2026-04-22T22:03:10.670916+00:00"}
{"category":"NETWORK","details":{"error":"name 'client' is not defined","sample_ts":1776895390.6084,"topic":"sensors/adxl345/raw"},"device":"rpi-9a2f6ea2e358535b","event":"MQTT_PUBLISH_FAILED","level":"ERROR","seq":761,"sig":"3097d960cbfeeb5b","ts":"2026-04-22T22:03:10.671023+00:00"}
{"category":"NETWORK","details":{"error":"name 'client' is not defined","sample_ts":1776895390.6184,"topic":"sensors/adxl345/raw"},"device":"rpi-9a2f6ea2e358535b","event":"MQTT_PUBLISH_FAILED","level":"ERROR","seq":762,"sig":"1c79cf60d71c948c","ts":"2026-04-22T22:03:10.671130+00:00"}
{"category":"NETWORK","details":{"error":"name 'client' is not defined","sample_ts":1776895390.6284,"topic":"sensors/adxl345/raw"},"device":"rpi-9a2f6ea2e358535b","event":"MQTT_PUBLISH_FAILED","level":"ERROR","seq":763,"sig":"314c8adc48e72362","ts":"2026-04-22T22:03:10.671236+00:00"}
{"category":"NETWORK","details":{"error":"name 'client' is not defined","sample_ts":1776895390.6384,"topic":"sensors/adxl345/raw"},"device":"rpi-9a2f6ea2e358535b","event":"MQTT_PUBLISH_FAILED","level":"ERROR","seq":764,"sig":"9d743a30a067813a","ts":"2026-04-22T22:03:10.671342+00:00"}
{"category":"NETWORK","details":{"error":"name 'client' is not defined","sample_ts":1776895390.6484,"topic":"sensors/adxl345/raw"},"device":"rpi-9a2f6ea2e358535b","event":"MQTT_PUBLISH_FAILED","level":"ERROR","seq":765,"sig":"6769c64aa43c71f8","ts":"2026-04-22T22:03:10.671449+00:00"}
{"category":"NETWORK","details":{"error":"name 'client' is not defined","sample_ts":1776895390.6584,"topic":"sensors/adxl345/raw"},"device":"rpi-9a2f6ea2e358535b","event":"MQTT_PUBLISH_FAILED","level":"ERROR","seq":766,"sig":"dee87e3d68b41164","ts":"2026-04-22T22:03:10.671553+00:00"}
{"category":"SENSOR","details":{"batch_ts":1776895390.9184,"sample_count":25},"device":"rpi-9a2f6ea2e358535b","event":"FIFO_READ","level":"INFO","seq":767,"sig":"aa243daf73993ddd","ts":"2026-04-22T22:03:10.918387+00:00"}
{"category":"NETWORK","details":{"error":"name 'client' is not defined","sample_ts":1776895390.6684,"topic":"sensors/adxl345/raw"},"device":"rpi-9a2f6ea2e358535b","event":"MQTT_PUBLISH_FAILED","level":"ERROR","seq":768,"sig":"be8522d2578be966","ts":"2026-04-22T22:03:10.918604+00:00"}
{"category":"NETWORK","details":{"error":"name 'client' is not defined","sample_ts":1776895390.6784,"topic":"sensors/adxl345/raw"},"device":"rpi-9a2f6ea2e358535b","event":"MQTT_PUBLISH_FAILED","level":"ERROR","seq":769,"sig":"8a9e0cc7064be9d5","ts":"2026-04-22T22:03:10.918794+00:00"}
{"category":"NETWORK","details":{"error":"name 'client' is not defined","sample_ts":1776895390.6884,"topic":"sensors/adxl345/raw"},"device":"rpi-9a2f6ea2e358535b","event":"MQTT_PUBLISH_FAILED","level":"ERROR","seq":770,"sig":"72f145a6fcb80ea4","ts":"2026-04-22T22:03:10.918956+00:00"}
{"category":"NETWORK","details":{"error":"name 'client' is not defined","sample_ts":1776895390.6984,"topic":"sensors/adxl345/raw"},"device":"rpi-9a2f6ea2e358535b","event":"MQTT_PUBLISH_FAILED","level":"ERROR","seq":771,"sig":"ae62dd427eef0e9d","ts":"2026-04-22T22:03:10.919099+00:00"}
{"category":"NETWORK","details":{"error":"name 'client' is not defined","sample_ts":1776895390.7084,"topic":"sensors/adxl345/raw"},"device":"rpi-9a2f6ea2e358535b","event":"MQTT_PUBLISH_FAILED","level":"ERROR","seq":772,"sig":"2a7d824fdee58039","ts":"2026-04-22T22:03:10.919245+00:00"}
{"category":"NETWORK","details":{"error":"name 'client' is not defined","sample_ts":1776895390.7184,"topic":"sensors/adxl345/raw"},"device":"rpi-9a2f6ea2e358535b","event":"MQTT_PUBLISH_FAILED","level":"ERROR","seq":773,"sig":"4c1dac6fa28e7601","ts":"2026-04-22T22:03:10.919386+00:00"}
{"category":"NETWORK","details":{"error":"name 'client' is not defined","sample_ts":1776895390.7284,"topic":"sensors/adxl345/raw"},"device":"rpi-9a2f6ea2e358535b","event":"MQTT_PUBLISH_FAILED","level":"ERROR","seq":774,"sig":"db2efce38c93e69c","ts":"2026-04-22T22:03:10.919521+00:00"}
{"category":"NETWORK","details":{"error":"name 'client' is not defined","sample_ts":1776895390.7384,"topic":"sensors/adxl345/raw"},"device":"rpi-9a2f6ea2e358535b","event":"MQTT_PUBLISH_FAILED","level":"ERROR","seq":775,"sig":"71a49988211b50b8","ts":"2026-04-22T22:03:10.919658+00:00"}
{"category":"NETWORK","details":{"error":"name 'client' is not defined","sample_ts":1776895390.7484,"topic":"sensors/adxl345/raw"},"device":"rpi-9a2f6ea2e358535b","event":"MQTT_PUBLISH_FAILED","level":"ERROR","seq":776,"sig":"2d59e59e61524890","ts":"2026-04-22T22:03:10.919794+00:00"}
{"category":"NETWORK","details":{"error":"name 'client' is not defined","sample_ts":1776895390.7584,"topic":"sensors/adxl345/raw"},"device":"rpi-9a2f6ea2e358535b","event":"MQTT_PUBLISH_FAILED","level":"ERROR","seq":777,"sig":"40209d44c67086bb","ts":"2026-04-22T22:03:10.919928+00:00"}
{"category":"NETWORK","details":{"error":"name 'client' is not defined","sample_ts":1776895390.7684,"topic":"sensors/adxl345/raw"},"device":"rpi-9a2f6ea2e358535b","event":"MQTT_PUBLISH_FAILED","level":"ERROR","seq":778,"sig":"b2be87fb1ce6c5b6","ts":"2026-04-22T22:03:10.920059+00:00"}
{"category":"NETWORK","details":{"error":"name 'client' is not defined","sample_ts":1776895390.7784,"topic":"sensors/adxl345/raw"},"device":"rpi-9a2f6ea2e358535b","event":"MQTT_PUBLISH_FAILED","level":"ERROR","seq":779,"sig":"cc7accab7e19918d","ts":"2026-04-22T22:03:10.920191+00:00"}
{"category":"NETWORK","details":{"error":"name 'client' is not defined","sample_ts":1776895390.7884,"topic":"sensors/adxl345/raw"},"device":"rpi-9a2f6ea2e358535b","event":"MQTT_PUBLISH_FAILED","level":"ERROR","seq":780,"sig":"070649085a8d2185","ts":"2026-04-22T22:03:10.920323+00:00"}
{"category":"NETWORK","details":{"error":"name 'client' is not defined","sample_ts":1776895390.7984,"topic":"sensors/adxl345/raw"},"device":"rpi-9a2f6ea2e358535b","event":"MQTT_PUBLISH_FAILED","level":"ERROR","seq":781,"sig":"6abdd66648a8d18c","ts":"2026-04-22T22:03:10.920451+00:00"}
{"category":"NETWORK","details":{"error":"name 'client' is not defined","sample_ts":1776895390.8084,"topic":"sensors/adxl345/raw"},"device":"rpi-9a2f6ea2e358535b","event":"MQTT_PUBLISH_FAILED","level":"ERROR","seq":782,"sig":"138223f7613b8f4e","ts":"2026-04-22T22:03:10.920580+00:00"}
{"category":"NETWORK","details":{"error":"name 'client' is not defined","sample_ts":1776895390.8184,"topic":"sensors/adxl345/raw"},"device":"rpi-9a2f6ea2e358535b","event":"MQTT_PUBLISH_FAILED","level":"ERROR","seq":783,"sig":"a777ddf9594b79dc","ts":"2026-04-22T22:03:10.920737+00:00"}
{"category":"NETWORK","details":{"error":"name 'client' is not defined","sample_ts":1776895390.8284,"topic":"sensors/adxl345/raw"},"device":"rpi-9a2f6ea2e358535b","event":"MQTT_PUBLISH_FAILED","level":"ERROR","seq":784,"sig":"a2318c04a2b94896","ts":"2026-04-22T22:03:10.920873+00:00"}
{"category":"NETWORK","details":{"error":"name 'client' is not defined","sample_ts":1776895390.8384,"topic":"sensors/adxl345/raw"},"device":"rpi-9a2f6ea2e358535b","event":"MQTT_PUBLISH_FAILED","level":"ERROR","seq":785,"sig":"2b4ae56fe8e3720f","ts":"2026-04-22T22:03:10.921003+00:00"}
{"category":"NETWORK","details":{"error":"name 'client' is not defined","sample_ts":1776895390.8484,"topic":"sensors/adxl345/raw"},"device":"rpi-9a2f6ea2e358535b","event":"MQTT_PUBLISH_FAILED","level":"ERROR","seq":786,"sig":"3524a6a890b86933","ts":"2026-04-22T22:03:10.921139+00:00"}
{"category":"NETWORK","details":{"error":"name 'client' is not defined","sample_ts":1776895390.8584,"topic":"sensors/adxl345/raw"},"device":"rpi-9a2f6ea2e358535b","event":"MQTT_PUBLISH_FAILED","level":"ERROR","seq":787,"sig":"a19ea770a89df9b7","ts":"2026-04-22T22:03:10.921269+00:00"}
{"category":"NETWORK","details":{"error":"name 'client' is not defined","sample_ts":1776895390.8684,"topic":"sensors/adxl345/raw"},"device":"rpi-9a2f6ea2e358535b","event":"MQTT_PUBLISH_FAILED","level":"ERROR","seq":788,"sig":"55af9f251ff3a79e","ts":"2026-04-22T22:03:10.921397+00:00"}
{"category":"NETWORK","details":{"error":"name 'client' is not defined","sample_ts":1776895390.8784,"topic":"sensors/adxl345/raw"},"device":"rpi-9a2f6ea2e358535b","event":"MQTT_PUBLISH_FAILED","level":"ERROR","seq":789,"sig":"d06a353e0411f7ed","ts":"2026-04-22T22:03:10.921524+00:00"}
{"category":"NETWORK","details":{"error":"name 'client' is not defined","sample_ts":1776895390.8884,"topic":"sensors/adxl345/raw"},"device":"rpi-9a2f6ea2e358535b","event":"MQTT_PUBLISH_FAILED","level":"ERROR","seq":790,"sig":"e6d8cb8e8560289f","ts":"2026-04-22T22:03:10.921656+00:00"}
{"category":"NETWORK","details":{"error":"name 'client' is not defined","sample_ts":1776895390.8984,"topic":"sensors/adxl345/raw"},"device":"rpi-9a2f6ea2e358535b","event":"MQTT_PUBLISH_FAILED","level":"ERROR","seq":791,"sig":"44b6155eb4897eba","ts":"2026-04-22T22:03:10.921796+00:00"}
{"category":"NETWORK","details":{"error":"name 'client' is not defined","sample_ts":1776895390.9084,"topic":"sensors/adxl345/raw"},"device":"rpi-9a2f6ea2e358535b","event":"MQTT_PUBLISH_FAILED","level":"ERROR","seq":792,"sig":"00e8210dcbcf5219","ts":"2026-04-22T22:03:10.921943+00:00"}
{"category":"DATA","details":{"band_hz":[4.0,7.0],"batch_ts":1776895390.9184,"x_peak_g":0.003229,"x_peak_hz":7.0,"y_peak_g":0.00279,"y_peak_hz":4.0,"z_peak_g":0.001815,"z_peak_hz":6.0},"device":"rpi-9a2f6ea2e358535b","event":"FFT_RESULT","level":"INFO","seq":793,"sig":"dae889ef439fb6da","ts":"2026-04-22T22:03:10.922458+00:00"}
{"category":"NETWORK","details":{"batch_ts":1776895390.9184,"error":"name 'client' is not defined","topic":"sensors/adxl345/fft"},"device":"rpi-9a2f6ea2e358535b","event":"MQTT_PUBLISH_FAILED","level":"ERROR","seq":794,"sig":"c3bfde7044ec34c7","ts":"2026-04-22T22:03:10.922619+00:00"}
{"category":"SENSOR","details":{"batch_ts":1776895391.1684,"sample_count":25},"device":"rpi-9a2f6ea2e358535b","event":"FIFO_READ","level":"INFO","seq":795,"sig":"a5cd90ad72e9bad8","ts":"2026-04-22T22:03:11.168368+00:00"}
{"category":"NETWORK","details":{"error":"name 'client' is not defined","sample_ts":1776895390.9184,"topic":"sensors/adxl345/raw"},"device":"rpi-9a2f6ea2e358535b","event":"MQTT_PUBLISH_FAILED","level":"ERROR","seq":796,"sig":"82f6d645821379d7","ts":"2026-04-22T22:03:11.168604+00:00"}
{"category":"NETWORK","details":{"error":"name 'client' is not defined","sample_ts":1776895390.9284,"topic":"sensors/adxl345/raw"},"device":"rpi-9a2f6ea2e358535b","event":"MQTT_PUBLISH_FAILED","level":"ERROR","seq":797,"sig":"4e29417b359db42d","ts":"2026-04-22T22:03:11.168835+00:00"}
{"category":"NETWORK","details":{"error":"name 'client' is not defined","sample_ts":1776895390.9384,"topic":"sensors/adxl345/raw"},"device":"rpi-9a2f6ea2e358535b","event":"MQTT_PUBLISH_FAILED","level":"ERROR","seq":798,"sig":"4550cddb0a669736","ts":"2026-04-22T22:03:11.169024+00:00"}
{"category":"NETWORK","details":{"error":"name 'client' is not defined","sample_ts":1776895390.9484,"topic":"sensors/adxl345/raw"},"device":"rpi-9a2f6ea2e358535b","event":"MQTT_PUBLISH_FAILED","level":"ERROR","seq":799,"sig":"57230127e1bde040","ts":"2026-04-22T22:03:11.169191+00:00"}
{"category":"NETWORK","details":{"error":"name 'client' is not defined","sample_ts":1776895390.9584,"topic":"sensors/adxl345/raw"},"device":"rpi-9a2f6ea2e358535b","event":"MQTT_PUBLISH_FAILED","level":"ERROR","seq":800,"sig":"bde45eab349d09ff","ts":"2026-04-22T22:03:11.169351+00:00"}
{"category":"NETWORK","details":{"error":"name 'client' is not defined","sample_ts":1776895390.9684,"topic":"sensors/adxl345/raw"},"device":"rpi-9a2f6ea2e358535b","event":"MQTT_PUBLISH_FAILED","level":"ERROR","seq":801,"sig":"4f185f29f090c53a","ts":"2026-04-22T22:03:11.169535+00:00"}
{"category":"NETWORK","details":{"error":"name 'client' is not defined","sample_ts":1776895390.9784,"topic":"sensors/adxl345/raw"},"device":"rpi-9a2f6ea2e358535b","event":"MQTT_PUBLISH_FAILED","level":"ERROR","seq":802,"sig":"700872727cc9ad00","ts":"2026-04-22T22:03:11.169695+00:00"}
{"category":"NETWORK","details":{"error":"name 'client' is not defined","sample_ts":1776895390.9884,"topic":"sensors/adxl345/raw"},"device":"rpi-9a2f6ea2e358535b","event":"MQTT_PUBLISH_FAILED","level":"ERROR","seq":803,"sig":"92f2712b0ba05823","ts":"2026-04-22T22:03:11.169847+00:00"}
{"category":"NETWORK","details":{"error":"name 'client' is not defined","sample_ts":1776895390.9984,"topic":"sensors/adxl345/raw"},"device":"rpi-9a2f6ea2e358535b","event":"MQTT_PUBLISH_FAILED","level":"ERROR","seq":804,"sig":"339dc2edbca11b60","ts":"2026-04-22T22:03:11.170016+00:00"}
{"category":"NETWORK","details":{"error":"name 'client' is not defined","sample_ts":1776895391.0084,"topic":"sensors/adxl345/raw"},"device":"rpi-9a2f6ea2e358535b","event":"MQTT_PUBLISH_FAILED","level":"ERROR","seq":805,"sig":"d767cf6d0b391941","ts":"2026-04-22T22:03:11.170178+00:00"}
{"category":"NETWORK","details":{"error":"name 'client' is not defined","sample_ts":1776895391.0184,"topic":"sensors/adxl345/raw"},"device":"rpi-9a2f6ea2e358535b","event":"MQTT_PUBLISH_FAILED","level":"ERROR","seq":806,"sig":"ba0ef625b627c775","ts":"2026-04-22T22:03:11.170333+00:00"}
{"category":"NETWORK","details":{"error":"name 'client' is not defined","sample_ts":1776895391.0284,"topic":"sensors/adxl345/raw"},"device":"rpi-9a2f6ea2e358535b","event":"MQTT_PUBLISH_FAILED","level":"ERROR","seq":807,"sig":"e88611d9a16e1249","ts":"2026-04-22T22:03:11.170472+00:00"}
{"category":"NETWORK","details":{"error":"name 'client' is not defined","sample_ts":1776895391.0384,"topic":"sensors/adxl345/raw"},"device":"rpi-9a2f6ea2e358535b","event":"MQTT_PUBLISH_FAILED","level":"ERROR","seq":808,"sig":"d5705f9f058b9a37","ts":"2026-04-22T22:03:11.170606+00:00"}
{"category":"NETWORK","details":{"error":"name 'client' is not defined","sample_ts":1776895391.0484,"topic":"sensors/adxl345/raw"},"device":"rpi-9a2f6ea2e358535b","event":"MQTT_PUBLISH_FAILED","level":"ERROR","seq":809,"sig":"a84ca71b570755a3","ts":"2026-04-22T22:03:11.170738+00:00"}
{"category":"NETWORK","details":{"error":"name 'client' is not defined","sample_ts":1776895391.0584,"topic":"sensors/adxl345/raw"},"device":"rpi-9a2f6ea2e358535b","event":"MQTT_PUBLISH_FAILED","level":"ERROR","seq":810,"sig":"1a5a1e9bdcd24d98","ts":"2026-04-22T22:03:11.170872+00:00"}
{"category":"NETWORK","details":{"error":"name 'client' is not defined","sample_ts":1776895391.0684,"topic":"sensors/adxl345/raw"},"device":"rpi-9a2f6ea2e358535b","event":"MQTT_PUBLISH_FAILED","level":"ERROR","seq":811,"sig":"642d1c6aaf0975db","ts":"2026-04-22T22:03:11.171004+00:00"}
{"category":"NETWORK","details":{"error":"name 'client' is not defined","sample_ts":1776895391.0784,"topic":"sensors/adxl345/raw"},"device":"rpi-9a2f6ea2e358535b","event":"MQTT_PUBLISH_FAILED","level":"ERROR","seq":812,"sig":"19beaf55363d0e18","ts":"2026-04-22T22:03:11.171138+00:00"}
{"category":"NETWORK","details":{"error":"name 'client' is not defined","sample_ts":1776895391.0884,"topic":"sensors/adxl345/raw"},"device":"rpi-9a2f6ea2e358535b","event":"MQTT_PUBLISH_FAILED","level":"ERROR","seq":813,"sig":"fbf7b0f01258c953","ts":"2026-04-22T22:03:11.171271+00:00"}
{"category":"NETWORK","details":{"error":"name 'client' is not defined","sample_ts":1776895391.0984,"topic":"sensors/adxl345/raw"},"device":"rpi-9a2f6ea2e358535b","event":"MQTT_PUBLISH_FAILED","level":"ERROR","seq":814,"sig":"231b2b08b19f538d","ts":"2026-04-22T22:03:11.171405+00:00"}
{"category":"NETWORK","details":{"error":"name 'client' is not defined","sample_ts":1776895391.1084,"topic":"sensors/adxl345/raw"},"device":"rpi-9a2f6ea2e358535b","event":"MQTT_PUBLISH_FAILED","level":"ERROR","seq":815,"sig":"c9ffe18dd84ced34","ts":"2026-04-22T22:03:11.171545+00:00"}
{"category":"NETWORK","details":{"error":"name 'client' is not defined","sample_ts":1776895391.1184,"topic":"sensors/adxl345/raw"},"device":"rpi-9a2f6ea2e358535b","event":"MQTT_PUBLISH_FAILED","level":"ERROR","seq":816,"sig":"c22cec81207eca0d","ts":"2026-04-22T22:03:11.171683+00:00"}
{"category":"NETWORK","details":{"error":"name 'client' is not defined","sample_ts":1776895391.1284,"topic":"sensors/adxl345/raw"},"device":"rpi-9a2f6ea2e358535b","event":"MQTT_PUBLISH_FAILED","level":"ERROR","seq":817,"sig":"3a26f3f9b0bae028","ts":"2026-04-22T22:03:11.171818+00:00"}
{"category":"NETWORK","details":{"error":"name 'client' is not defined","sample_ts":1776895391.1384,"topic":"sensors/adxl345/raw"},"device":"rpi-9a2f6ea2e358535b","event":"MQTT_PUBLISH_FAILED","level":"ERROR","seq":818,"sig":"e42920ba88053607","ts":"2026-04-22T22:03:11.171950+00:00"}
{"category":"NETWORK","details":{"error":"name 'client' is not defined","sample_ts":1776895391.1484,"topic":"sensors/adxl345/raw"},"device":"rpi-9a2f6ea2e358535b","event":"MQTT_PUBLISH_FAILED","level":"ERROR","seq":819,"sig":"3cab503de0b6ef0b","ts":"2026-04-22T22:03:11.172081+00:00"}
{"category":"NETWORK","details":{"error":"name 'client' is not defined","sample_ts":1776895391.1584,"topic":"sensors/adxl345/raw"},"device":"rpi-9a2f6ea2e358535b","event":"MQTT_PUBLISH_FAILED","level":"ERROR","seq":820,"sig":"0e24fdb46b59081b","ts":"2026-04-22T22:03:11.172211+00:00"}
{"category":"SYSTEM","details":{"reason":"KeyboardInterrupt","total_polls":32},"device":"rpi-9a2f6ea2e358535b","event":"DEVICE_SHUTDOWN","level":"INFO","seq":821,"sig":"3d88aa4c5c045e00","ts":"2026-04-22T22:03:11.370057+00:00"}
{"category":"SYSTEM","details":{"fft_buffer_size":100,"poll_interval_s":0.25},"device":"rpi-9a2f6ea2e358535b","event":"DEVICE_BOOT","level":"INFO","seq":1,"sig":"efd1a5253e15a706","ts":"2026-04-22T22:22:18.509197+00:00"}
{"category":"SENSOR","details":{"addr_hex":"0x53","fifo_mode":"stream","odr_hz":100,"range_g":16,"scale_g_lsb":0.004,"watermark":25},"device":"rpi-9a2f6ea2e358535b","event":"SENSOR_INIT","level":"INFO","seq":2,"sig":"dd282bfd2a0fb8bd","ts":"2026-04-22T22:22:18.511118+00:00"}
{"category":"SENSOR","details":{"batch_ts":1776896538.7836,"sample_count":25},"device":"rpi-9a2f6ea2e358535b","event":"FIFO_READ","level":"INFO","seq":3,"sig":"8bde1dca2ed56403","ts":"2026-04-22T22:22:18.783608+00:00"}
{"category":"NETWORK","details":{"error":"name 'client' is not defined","raw_payload":"{\"x\": -0.008, \"y\": -0.152, \"z\": 1.04, \"ts\": 1776896538.5335999}","sample_ts":1776896538.5336,"topic":"sensors/adxl345/raw"},"device":"rpi-9a2f6ea2e358535b","event":"MQTT_PUBLISH_FAILED","level":"ERROR","seq":4,"sig":"b4e9b86e3880f7e0","ts":"2026-04-22T22:22:18.783781+00:00"}
{"category":"NETWORK","details":{"error":"name 'client' is not defined","raw_payload":"{\"x\": -0.012, \"y\": -0.144, \"z\": 1.004, \"ts\": 1776896538.5435998}","sample_ts":1776896538.5436,"topic":"sensors/adxl345/raw"},"device":"rpi-9a2f6ea2e358535b","event":"MQTT_PUBLISH_FAILED","level":"ERROR","seq":5,"sig":"f3d00981a2384ceb","ts":"2026-04-22T22:22:18.783946+00:00"}
{"category":"NETWORK","details":{"error":"name 'client' is not defined","raw_payload":"{\"x\": -0.016, \"y\": -0.148, \"z\": 1.036, \"ts\": 1776896538.5535998}","sample_ts":1776896538.5536,"topic":"sensors/adxl345/raw"},"device":"rpi-9a2f6ea2e358535b","event":"MQTT_PUBLISH_FAILED","level":"ERROR","seq":6,"sig":"f55d36e6c2fbcd87","ts":"2026-04-22T22:22:18.784081+00:00"}
{"category":"NETWORK","details":{"error":"name 'client' is not defined","raw_payload":"{\"x\": -0.012, \"y\": -0.156, \"z\": 1.044, \"ts\": 1776896538.5635998}","sample_ts":1776896538.5636,"topic":"sensors/adxl345/raw"},"device":"rpi-9a2f6ea2e358535b","event":"MQTT_PUBLISH_FAILED","level":"ERROR","seq":7,"sig":"82df799dead55398","ts":"2026-04-22T22:22:18.784202+00:00"}
{"category":"NETWORK","details":{"error":"name 'client' is not defined","raw_payload":"{\"x\": -0.02, \"y\": -0.164, \"z\": 1.048, \"ts\": 1776896538.5735998}","sample_ts":1776896538.5736,"topic":"sensors/adxl345/raw"},"device":"rpi-9a2f6ea2e358535b","event":"MQTT_PUBLISH_FAILED","level":"ERROR","seq":8,"sig":"82fcd659c14ee0a9","ts":"2026-04-22T22:22:18.784312+00:00"}
{"category":"NETWORK","details":{"error":"name 'client' is not defined","raw_payload":"{\"x\": -0.008, \"y\": -0.172, \"z\": 1.048, \"ts\": 1776896538.5835998}","sample_ts":1776896538.5836,"topic":"sensors/adxl345/raw"},"device":"rpi-9a2f6ea2e358535b","event":"MQTT_PUBLISH_FAILED","level":"ERROR","seq":9,"sig":"6dc4ce38a348b8f1","ts":"2026-04-22T22:22:18.784414+00:00"}
{"category":"NETWORK","details":{"error":"name 'client' is not defined","raw_payload":"{\"x\": -0.004, \"y\": -0.164, \"z\": 1.064, \"ts\": 1776896538.5935998}","sample_ts":1776896538.5936,"topic":"sensors/adxl345/raw"},"device":"rpi-9a2f6ea2e358535b","event":"MQTT_PUBLISH_FAILED","level":"ERROR","seq":10,"sig":"e22bf3afa417699a","ts":"2026-04-22T22:22:18.784512+00:00"}
{"category":"NETWORK","details":{"error":"name 'client' is not defined","raw_payload":"{\"x\": -0.02, \"y\": -0.184, \"z\": 1.076, \"ts\": 1776896538.6035998}","sample_ts":1776896538.6036,"topic":"sensors/adxl345/raw"},"device":"rpi-9a2f6ea2e358535b","event":"MQTT_PUBLISH_FAILED","level":"ERROR","seq":11,"sig":"793deccf078c5431","ts":"2026-04-22T22:22:18.784606+00:00"}
{"category":"NETWORK","details":{"error":"name 'client' is not defined","raw_payload":"{\"x\": -0.004, \"y\": -0.156, \"z\": 1.06, \"ts\": 1776896538.6135998}","sample_ts":1776896538.6136,"topic":"sensors/adxl345/raw"},"device":"rpi-9a2f6ea2e358535b","event":"MQTT_PUBLISH_FAILED","level":"ERROR","seq":12,"sig":"af8e72af08a138d0","ts":"2026-04-22T22:22:18.784717+00:00"}
{"category":"NETWORK","details":{"error":"name 'client' is not defined","raw_payload":"{\"x\": -0.02, \"y\": -0.148, \"z\": 1.052, \"ts\": 1776896538.6235998}","sample_ts":1776896538.6236,"topic":"sensors/adxl345/raw"},"device":"rpi-9a2f6ea2e358535b","event":"MQTT_PUBLISH_FAILED","level":"ERROR","seq":13,"sig":"21153cfbffad76c8","ts":"2026-04-22T22:22:18.784813+00:00"}
{"category":"NETWORK","details":{"error":"name 'client' is not defined","raw_payload":"{\"x\": -0.02, \"y\": -0.156, \"z\": 1.056, \"ts\": 1776896538.6335998}","sample_ts":1776896538.6336,"topic":"sensors/adxl345/raw"},"device":"rpi-9a2f6ea2e358535b","event":"MQTT_PUBLISH_FAILED","level":"ERROR","seq":14,"sig":"d7182b89758bcda1","ts":"2026-04-22T22:22:18.784905+00:00"}
{"category":"NETWORK","details":{"error":"name 'client' is not defined","raw_payload":"{\"x\": -0.024, \"y\": -0.152, \"z\": 1.064, \"ts\": 1776896538.6435997}","sample_ts":1776896538.6436,"topic":"sensors/adxl345/raw"},"device":"rpi-9a2f6ea2e358535b","event":"MQTT_PUBLISH_FAILED","level":"ERROR","seq":15,"sig":"9a1cd43ae85bdb9d","ts":"2026-04-22T22:22:18.784996+00:00"}
{"category":"NETWORK","details":{"error":"name 'client' is not defined","raw_payload":"{\"x\": -0.024, \"y\": -0.172, \"z\": 1.08, \"ts\": 1776896538.6535997}","sample_ts":1776896538.6536,"topic":"sensors/adxl345/raw"},"device":"rpi-9a2f6ea2e358535b","event":"MQTT_PUBLISH_FAILED","level":"ERROR","seq":16,"sig":"0723f8ec6fbe47df","ts":"2026-04-22T22:22:18.785087+00:00"}
{"category":"NETWORK","details":{"error":"name 'client' is not defined","raw_payload":"{\"x\": -0.008, \"y\": -0.144, \"z\": 1.052, \"ts\": 1776896538.6636}","sample_ts":1776896538.6636,"topic":"sensors/adxl345/raw"},"device":"rpi-9a2f6ea2e358535b","event":"MQTT_PUBLISH_FAILED","level":"ERROR","seq":17,"sig":"5fed13c3c90a9bf1","ts":"2026-04-22T22:22:18.785178+00:00"}
{"category":"NETWORK","details":{"error":"name 'client' is not defined","raw_payload":"{\"x\": -0.02, \"y\": -0.156, \"z\": 1.04, \"ts\": 1776896538.6736}","sample_ts":1776896538.6736,"topic":"sensors/adxl345/raw"},"device":"rpi-9a2f6ea2e358535b","event":"MQTT_PUBLISH_FAILED","level":"ERROR","seq":18,"sig":"30d7ef415d0e7e21","ts":"2026-04-22T22:22:18.785267+00:00"}
{"category":"NETWORK","details":{"error":"name 'client' is not defined","raw_payload":"{\"x\": -0.02, \"y\": -0.168, \"z\": 1.056, \"ts\": 1776896538.6836}","sample_ts":1776896538.6836,"topic":"sensors/adxl345/raw"},"device":"rpi-9a2f6ea2e358535b","event":"MQTT_PUBLISH_FAILED","level":"ERROR","seq":19,"sig":"923ac765916ed68f","ts":"2026-04-22T22:22:18.785361+00:00"}
{"category":"NETWORK","details":{"error":"name 'client' is not defined","raw_payload":"{\"x\": -0.008, \"y\": -0.156, \"z\": 1.06, \"ts\": 1776896538.6936}","sample_ts":1776896538.6936,"topic":"sensors/adxl345/raw"},"device":"rpi-9a2f6ea2e358535b","event":"MQTT_PUBLISH_FAILED","level":"ERROR","seq":20,"sig":"1ebdf743ee40412d","ts":"2026-04-22T22:22:18.785449+00:00"}
{"category":"NETWORK","details":{"error":"name 'client' is not defined","raw_payload":"{\"x\": -0.004, \"y\": -0.164, \"z\": 1.04, \"ts\": 1776896538.7036}","sample_ts":1776896538.7036,"topic":"sensors/adxl345/raw"},"device":"rpi-9a2f6ea2e358535b","event":"MQTT_PUBLISH_FAILED","level":"ERROR","seq":21,"sig":"bd3b2a3017942ee7","ts":"2026-04-22T22:22:18.785538+00:00"}
{"category":"NETWORK","details":{"error":"name 'client' is not defined","raw_payload":"{\"x\": -0.016, \"y\": -0.168, \"z\": 1.048, \"ts\": 1776896538.7136}","sample_ts":1776896538.7136,"topic":"sensors/adxl345/raw"},"device":"rpi-9a2f6ea2e358535b","event":"MQTT_PUBLISH_FAILED","level":"ERROR","seq":22,"sig":"009a902b4e0a5545","ts":"2026-04-22T22:22:18.785625+00:00"}
{"category":"NETWORK","details":{"error":"name 'client' is not defined","raw_payload":"{\"x\": -0.02, \"y\": -0.164, \"z\": 1.036, \"ts\": 1776896538.7236}","sample_ts":1776896538.7236,"topic":"sensors/adxl345/raw"},"device":"rpi-9a2f6ea2e358535b","event":"MQTT_PUBLISH_FAILED","level":"ERROR","seq":23,"sig":"d8f7094ed29bdeaf","ts":"2026-04-22T22:22:18.785711+00:00"}
{"category":"NETWORK","details":{"error":"name 'client' is not defined","raw_payload":"{\"x\": -0.016, \"y\": -0.168, \"z\": 1.056, \"ts\": 1776896538.7336}","sample_ts":1776896538.7336,"topic":"sensors/adxl345/raw"},"device":"rpi-9a2f6ea2e358535b","event":"MQTT_PUBLISH_FAILED","level":"ERROR","seq":24,"sig":"14d7db03802ea11c","ts":"2026-04-22T22:22:18.785799+00:00"}
{"category":"NETWORK","details":{"error":"name 'client' is not defined","raw_payload":"{\"x\": -0.028, \"y\": -0.16, \"z\": 1.056, \"ts\": 1776896538.7436}","sample_ts":1776896538.7436,"topic":"sensors/adxl345/raw"},"device":"rpi-9a2f6ea2e358535b","event":"MQTT_PUBLISH_FAILED","level":"ERROR","seq":25,"sig":"05e83c360e29f157","ts":"2026-04-22T22:22:18.785887+00:00"}
{"category":"NETWORK","details":{"error":"name 'client' is not defined","raw_payload":"{\"x\": -0.012, \"y\": -0.152, \"z\": 1.06, \"ts\": 1776896538.7536}","sample_ts":1776896538.7536,"topic":"sensors/adxl345/raw"},"device":"rpi-9a2f6ea2e358535b","event":"MQTT_PUBLISH_FAILED","level":"ERROR","seq":26,"sig":"5c064cba817eafd8","ts":"2026-04-22T22:22:18.785976+00:00"}
{"category":"NETWORK","details":{"error":"name 'client' is not defined","raw_payload":"{\"x\": -0.008, \"y\": -0.164, \"z\": 1.044, \"ts\": 1776896538.7635999}","sample_ts":1776896538.7636,"topic":"sensors/adxl345/raw"},"device":"rpi-9a2f6ea2e358535b","event":"MQTT_PUBLISH_FAILED","level":"ERROR","seq":27,"sig":"35cdae38e71e72a5","ts":"2026-04-22T22:22:18.786064+00:00"}
{"category":"NETWORK","details":{"error":"name 'client' is not defined","raw_payload":"{\"x\": -0.02, \"y\": -0.156, \"z\": 1.032, \"ts\": 1776896538.7735999}","sample_ts":1776896538.7736,"topic":"sensors/adxl345/raw"},"device":"rpi-9a2f6ea2e358535b","event":"MQTT_PUBLISH_FAILED","level":"ERROR","seq":28,"sig":"e27794573f2ff784","ts":"2026-04-22T22:22:18.786153+00:00"}
{"category":"SENSOR","details":{"batch_ts":1776896539.0327,"sample_count":24},"device":"rpi-9a2f6ea2e358535b","event":"FIFO_READ","level":"INFO","seq":29,"sig":"7079ae79646d53b4","ts":"2026-04-22T22:22:19.032733+00:00"}
{"category":"NETWORK","details":{"error":"name 'client' is not defined","raw_payload":"{\"x\": -0.024, \"y\": -0.148, \"z\": 1.04, \"ts\": 1776896538.7927268}","sample_ts":1776896538.7927,"topic":"sensors/adxl345/raw"},"device":"rpi-9a2f6ea2e358535b","event":"MQTT_PUBLISH_FAILED","level":"ERROR","seq":30,"sig":"84193e55a6d45f4b","ts":"2026-04-22T22:22:19.032873+00:00"}
{"category":"NETWORK","details":{"error":"name 'client' is not defined","raw_payload":"{\"x\": -0.004, \"y\": -0.132, \"z\": 1.048, \"ts\": 1776896538.8027267}","sample_ts":1776896538.8027,"topic":"sensors/adxl345/raw"},"device":"rpi-9a2f6ea2e358535b","event":"MQTT_PUBLISH_FAILED","level":"ERROR","seq":31,"sig":"bd3c57c8a1276942","ts":"2026-04-22T22:22:19.033012+00:00"}
{"category":"NETWORK","details":{"error":"name 'client' is not defined","raw_payload":"{\"x\": -0.028, \"y\": -0.152, \"z\": 1.076, \"ts\": 1776896538.8127267}","sample_ts":1776896538.8127,"topic":"sensors/adxl345/raw"},"device":"rpi-9a2f6ea2e358535b","event":"MQTT_PUBLISH_FAILED","level":"ERROR","seq":32,"sig":"c76e499b56b96ed0","ts":"2026-04-22T22:22:19.033112+00:00"}
{"category":"NETWORK","details":{"error":"name 'client' is not defined","raw_payload":"{\"x\": -0.028, \"y\": -0.14, \"z\": 1.064, \"ts\": 1776896538.8227267}","sample_ts":1776896538.8227,"topic":"sensors/adxl345/raw"},"device":"rpi-9a2f6ea2e358535b","event":"MQTT_PUBLISH_FAILED","level":"ERROR","seq":33,"sig":"cc6bf60a3152b5e1","ts":"2026-04-22T22:22:19.033205+00:00"}
{"category":"NETWORK","details":{"error":"name 'client' is not defined","raw_payload":"{\"x\": -0.012, \"y\": -0.148, \"z\": 1.048, \"ts\": 1776896538.8327267}","sample_ts":1776896538.8327,"topic":"sensors/adxl345/raw"},"device":"rpi-9a2f6ea2e358535b","event":"MQTT_PUBLISH_FAILED","level":"ERROR","seq":34,"sig":"734ee043a41bb3c3","ts":"2026-04-22T22:22:19.033295+00:00"}
{"category":"NETWORK","details":{"error":"name 'client' is not defined","raw_payload":"{\"x\": -0.008, \"y\": -0.164, \"z\": 1.044, \"ts\": 1776896538.8427267}","sample_ts":1776896538.8427,"topic":"sensors/adxl345/raw"},"device":"rpi-9a2f6ea2e358535b","event":"MQTT_PUBLISH_FAILED","level":"ERROR","seq":35,"sig":"c546d9332ea50822","ts":"2026-04-22T22:22:19.033385+00:00"}
{"category":"NETWORK","details":{"error":"name 'client' is not defined","raw_payload":"{\"x\": -0.02, \"y\": -0.156, \"z\": 1.06, \"ts\": 1776896538.8527267}","sample_ts":1776896538.8527,"topic":"sensors/adxl345/raw"},"device":"rpi-9a2f6ea2e358535b","event":"MQTT_PUBLISH_FAILED","level":"ERROR","seq":36,"sig":"f9bf64a599361661","ts":"2026-04-22T22:22:19.033475+00:00"}
{"category":"NETWORK","details":{"error":"name 'client' is not defined","raw_payload":"{\"x\": -0.008, \"y\": -0.164, \"z\": 1.048, \"ts\": 1776896538.8627267}","sample_ts":1776896538.8627,"topic":"sensors/adxl345/raw"},"device":"rpi-9a2f6ea2e358535b","event":"MQTT_PUBLISH_FAILED","level":"ERROR","seq":37,"sig":"8ce72c2ce7d1a76d","ts":"2026-04-22T22:22:19.033562+00:00"}
{"category":"NETWORK","details":{"error":"name 'client' is not defined","raw_payload":"{\"x\": -0.004, \"y\": -0.16, \"z\": 1.06, \"ts\": 1776896538.8727267}","sample_ts":1776896538.8727,"topic":"sensors/adxl345/raw"},"device":"rpi-9a2f6ea2e358535b","event":"MQTT_PUBLISH_FAILED","level":"ERROR","seq":38,"sig":"34b3957604b5bc11","ts":"2026-04-22T22:22:19.033651+00:00"}
{"category":"NETWORK","details":{"error":"name 'client' is not defined","raw_payload":"{\"x\": 0.004, \"y\": -0.164, \"z\": 1.044, \"ts\": 1776896538.8827267}","sample_ts":1776896538.8827,"topic":"sensors/adxl345/raw"},"device":"rpi-9a2f6ea2e358535b","event":"MQTT_PUBLISH_FAILED","level":"ERROR","seq":39,"sig":"c6477049e208d1af","ts":"2026-04-22T22:22:19.033737+00:00"}
{"category":"NETWORK","details":{"error":"name 'client' is not defined","raw_payload":"{\"x\": -0.024, \"y\": -0.156, \"z\": 1.048, \"ts\": 1776896538.8927267}","sample_ts":1776896538.8927,"topic":"sensors/adxl345/raw"},"device":"rpi-9a2f6ea2e358535b","event":"MQTT_PUBLISH_FAILED","level":"ERROR","seq":40,"sig":"4b217cdfc78dfcf5","ts":"2026-04-22T22:22:19.033825+00:00"}
{"category":"NETWORK","details":{"error":"name 'client' is not defined","raw_payload":"{\"x\": -0.028, \"y\": -0.144, \"z\": 1.044, \"ts\": 1776896538.9027267}","sample_ts":1776896538.9027,"topic":"sensors/adxl345/raw"},"device":"rpi-9a2f6ea2e358535b","event":"MQTT_PUBLISH_FAILED","level":"ERROR","seq":41,"sig":"0e1ba2565a2d4bc5","ts":"2026-04-22T22:22:19.033921+00:00"}
{"category":"NETWORK","details":{"error":"name 'client' is not defined","raw_payload":"{\"x\": -0.012, \"y\": -0.164, \"z\": 1.044, \"ts\": 1776896538.9127269}","sample_ts":1776896538.9127,"topic":"sensors/adxl345/raw"},"device":"rpi-9a2f6ea2e358535b","event":"MQTT_PUBLISH_FAILED","level":"ERROR","seq":42,"sig":"adefcbea434fb4cf","ts":"2026-04-22T22:22:19.034014+00:00"}
{"category":"NETWORK","details":{"error":"name 'client' is not defined","raw_payload":"{\"x\": -0.012, \"y\": -0.156, \"z\": 1.056, \"ts\": 1776896538.9227269}","sample_ts":1776896538.9227,"topic":"sensors/adxl345/raw"},"device":"rpi-9a2f6ea2e358535b","event":"MQTT_PUBLISH_FAILED","level":"ERROR","seq":43,"sig":"9c8fa2ec58fa9e4f","ts":"2026-04-22T22:22:19.034106+00:00"}
{"category":"NETWORK","details":{"error":"name 'client' is not defined","raw_payload":"{\"x\": -0.008, \"y\": -0.164, \"z\": 1.048, \"ts\": 1776896538.9327269}","sample_ts":1776896538.9327,"topic":"sensors/adxl345/raw"},"device":"rpi-9a2f6ea2e358535b","event":"MQTT_PUBLISH_FAILED","level":"ERROR","seq":44,"sig":"9bb0d3ef9b687173","ts":"2026-04-22T22:22:19.034194+00:00"}
{"category":"NETWORK","details":{"error":"name 'client' is not defined","raw_payload":"{\"x\": -0.016, \"y\": -0.144, \"z\": 1.044, \"ts\": 1776896538.9427269}","sample_ts":1776896538.9427,"topic":"sensors/adxl345/raw"},"device":"rpi-9a2f6ea2e358535b","event":"MQTT_PUBLISH_FAILED","level":"ERROR","seq":45,"sig":"b74af1ef3448ffc1","ts":"2026-04-22T22:22:19.034283+00:00"}
{"category":"NETWORK","details":{"error":"name 'client' is not defined","raw_payload":"{\"x\": -0.024, \"y\": -0.148, \"z\": 1.052, \"ts\": 1776896538.9527268}","sample_ts":1776896538.9527,"topic":"sensors/adxl345/raw"},"device":"rpi-9a2f6ea2e358535b","event":"MQTT_PUBLISH_FAILED","level":"ERROR","seq":46,"sig":"ec0f3ac5f16a3b7c","ts":"2026-04-22T22:22:19.034374+00:00"}
{"category":"NETWORK","details":{"error":"name 'client' is not defined","raw_payload":"{\"x\": -0.016, \"y\": -0.164, \"z\": 1.064, \"ts\": 1776896538.9627268}","sample_ts":1776896538.9627,"topic":"sensors/adxl345/raw"},"device":"rpi-9a2f6ea2e358535b","event":"MQTT_PUBLISH_FAILED","level":"ERROR","seq":47,"sig":"802daf38368a868b","ts":"2026-04-22T22:22:19.034464+00:00"}
{"category":"NETWORK","details":{"error":"name 'client' is not defined","raw_payload":"{\"x\": -0.02, \"y\": -0.16, \"z\": 1.068, \"ts\": 1776896538.9727268}","sample_ts":1776896538.9727,"topic":"sensors/adxl345/raw"},"device":"rpi-9a2f6ea2e358535b","event":"MQTT_PUBLISH_FAILED","level":"ERROR","seq":48,"sig":"139da2c8faaa2b87","ts":"2026-04-22T22:22:19.034552+00:00"}
{"category":"NETWORK","details":{"error":"name 'client' is not defined","raw_payload":"{\"x\": -0.004, \"y\": -0.16, \"z\": 1.052, \"ts\": 1776896538.9827268}","sample_ts":1776896538.9827,"topic":"sensors/adxl345/raw"},"device":"rpi-9a2f6ea2e358535b","event":"MQTT_PUBLISH_FAILED","level":"ERROR","seq":49,"sig":"7fe2b78d481009b2","ts":"2026-04-22T22:22:19.034627+00:00"}
{"category":"NETWORK","details":{"error":"name 'client' is not defined","raw_payload":"{\"x\": -0.012, \"y\": -0.172, \"z\": 1.06, \"ts\": 1776896538.9927268}","sample_ts":1776896538.9927,"topic":"sensors/adxl345/raw"},"device":"rpi-9a2f6ea2e358535b","event":"MQTT_PUBLISH_FAILED","level":"ERROR","seq":50,"sig":"33f80158a05744a2","ts":"2026-04-22T22:22:19.034698+00:00"}
{"category":"NETWORK","details":{"error":"name 'client' is not defined","raw_payload":"{\"x\": -0.02, \"y\": -0.152, \"z\": 1.052, \"ts\": 1776896539.0027268}","sample_ts":1776896539.0027,"topic":"sensors/adxl345/raw"},"device":"rpi-9a2f6ea2e358535b","event":"MQTT_PUBLISH_FAILED","level":"ERROR","seq":51,"sig":"46fd7bc0447dd593","ts":"2026-04-22T22:22:19.034768+00:00"}
{"category":"NETWORK","details":{"error":"name 'client' is not defined","raw_payload":"{\"x\": -0.016, \"y\": -0.16, \"z\": 1.06, \"ts\": 1776896539.0127268}","sample_ts":1776896539.0127,"topic":"sensors/adxl345/raw"},"device":"rpi-9a2f6ea2e358535b","event":"MQTT_PUBLISH_FAILED","level":"ERROR","seq":52,"sig":"02466385716600e3","ts":"2026-04-22T22:22:19.034837+00:00"}
{"category":"NETWORK","details":{"error":"name 'client' is not defined","raw_payload":"{\"x\": -0.016, \"y\": -0.156, \"z\": 1.048, \"ts\": 1776896539.0227268}","sample_ts":1776896539.0227,"topic":"sensors/adxl345/raw"},"device":"rpi-9a2f6ea2e358535b","event":"MQTT_PUBLISH_FAILED","level":"ERROR","seq":53,"sig":"f49b190e9e3c3a52","ts":"2026-04-22T22:22:19.034909+00:00"}
{"category":"SENSOR","details":{"batch_ts":1776896539.2836,"sample_count":25},"device":"rpi-9a2f6ea2e358535b","event":"FIFO_READ","level":"INFO","seq":54,"sig":"3d8f165732416abd","ts":"2026-04-22T22:22:19.283621+00:00"}
{"category":"NETWORK","details":{"error":"name 'client' is not defined","raw_payload":"{\"x\": -0.02, \"y\": -0.156, \"z\": 1.06, \"ts\": 1776896539.0336134}","sample_ts":1776896539.0336,"topic":"sensors/adxl345/raw"},"device":"rpi-9a2f6ea2e358535b","event":"MQTT_PUBLISH_FAILED","level":"ERROR","seq":55,"sig":"68aa28f2da11a8ef","ts":"2026-04-22T22:22:19.283808+00:00"}
{"category":"NETWORK","details":{"error":"name 'client' is not defined","raw_payload":"{\"x\": -0.008, \"y\": -0.168, \"z\": 1.08, \"ts\": 1776896539.0436134}","sample_ts":1776896539.0436,"topic":"sensors/adxl345/raw"},"device":"rpi-9a2f6ea2e358535b","event":"MQTT_PUBLISH_FAILED","level":"ERROR","seq":56,"sig":"79f9c3ee6c711f29","ts":"2026-04-22T22:22:19.283947+00:00"}
{"category":"NETWORK","details":{"error":"name 'client' is not defined","raw_payload":"{\"x\": -0.02, \"y\": -0.14, \"z\": 1.068, \"ts\": 1776896539.0536134}","sample_ts":1776896539.0536,"topic":"sensors/adxl345/raw"},"device":"rpi-9a2f6ea2e358535b","event":"MQTT_PUBLISH_FAILED","level":"ERROR","seq":57,"sig":"6f86094fa0e8c566","ts":"2026-04-22T22:22:19.284063+00:00"}
{"category":"NETWORK","details":{"error":"name 'client' is not defined","raw_payload":"{\"x\": -0.008, \"y\": -0.148, \"z\": 1.088, \"ts\": 1776896539.0636134}","sample_ts":1776896539.0636,"topic":"sensors/adxl345/raw"},"device":"rpi-9a2f6ea2e358535b","event":"MQTT_PUBLISH_FAILED","level":"ERROR","seq":58,"sig":"7647dee65ffad53f","ts":"2026-04-22T22:22:19.284165+00:00"}
{"category":"NETWORK","details":{"error":"name 'client' is not defined","raw_payload":"{\"x\": -0.024, \"y\": -0.16, \"z\": 1.032, \"ts\": 1776896539.0736134}","sample_ts":1776896539.0736,"topic":"sensors/adxl345/raw"},"device":"rpi-9a2f6ea2e358535b","event":"MQTT_PUBLISH_FAILED","level":"ERROR","seq":59,"sig":"a9d130f17f736eba","ts":"2026-04-22T22:22:19.284275+00:00"}
{"category":"NETWORK","details":{"error":"name 'client' is not defined","raw_payload":"{\"x\": 0.0, \"y\": -0.152, \"z\": 1.06, \"ts\": 1776896539.0836134}","sample_ts":1776896539.0836,"topic":"sensors/adxl345/raw"},"device":"rpi-9a2f6ea2e358535b","event":"MQTT_PUBLISH_FAILED","level":"ERROR","seq":60,"sig":"2eb4daa59a944567","ts":"2026-04-22T22:22:19.284376+00:00"}
{"category":"NETWORK","details":{"error":"name 'client' is not defined","raw_payload":"{\"x\": -0.016, \"y\": -0.156, \"z\": 1.032, \"ts\": 1776896539.0936134}","sample_ts":1776896539.0936,"topic":"sensors/adxl345/raw"},"device":"rpi-9a2f6ea2e358535b","event":"MQTT_PUBLISH_FAILED","level":"ERROR","seq":61,"sig":"90145c5cf4593fd7","ts":"2026-04-22T22:22:19.284474+00:00"}
{"category":"NETWORK","details":{"error":"name 'client' is not defined","raw_payload":"{\"x\": -0.012, \"y\": -0.156, \"z\": 1.068, \"ts\": 1776896539.1036134}","sample_ts":1776896539.1036,"topic":"sensors/adxl345/raw"},"device":"rpi-9a2f6ea2e358535b","event":"MQTT_PUBLISH_FAILED","level":"ERROR","seq":62,"sig":"ee8b47c71fd1f0ef","ts":"2026-04-22T22:22:19.284570+00:00"}
{"category":"NETWORK","details":{"error":"name 'client' is not defined","raw_payload":"{\"x\": 0.0, \"y\": -0.152, \"z\": 1.08, \"ts\": 1776896539.1136134}","sample_ts":1776896539.1136,"topic":"sensors/adxl345/raw"},"device":"rpi-9a2f6ea2e358535b","event":"MQTT_PUBLISH_FAILED","level":"ERROR","seq":63,"sig":"2ccad0b914729d3d","ts":"2026-04-22T22:22:19.284682+00:00"}
{"category":"NETWORK","details":{"error":"name 'client' is not defined","raw_payload":"{\"x\": -0.008, \"y\": -0.164, \"z\": 1.044, \"ts\": 1776896539.1236134}","sample_ts":1776896539.1236,"topic":"sensors/adxl345/raw"},"device":"rpi-9a2f6ea2e358535b","event":"MQTT_PUBLISH_FAILED","level":"ERROR","seq":64,"sig":"f84c71d3f8edb422","ts":"2026-04-22T22:22:19.284782+00:00"}
{"category":"NETWORK","details":{"error":"name 'client' is not defined","raw_payload":"{\"x\": -0.008, \"y\": -0.16, \"z\": 1.064, \"ts\": 1776896539.1336133}","sample_ts":1776896539.1336,"topic":"sensors/adxl345/raw"},"device":"rpi-9a2f6ea2e358535b","event":"MQTT_PUBLISH_FAILED","level":"ERROR","seq":65,"sig":"63b1161c722fa149","ts":"2026-04-22T22:22:19.284873+00:00"}
{"category":"NETWORK","details":{"error":"name 'client' is not defined","raw_payload":"{\"x\": -0.012, \"y\": -0.164, \"z\": 1.056, \"ts\": 1776896539.1436133}","sample_ts":1776896539.1436,"topic":"sensors/adxl345/raw"},"device":"rpi-9a2f6ea2e358535b","event":"MQTT_PUBLISH_FAILED","level":"ERROR","seq":66,"sig":"0af3941f6d74c493","ts":"2026-04-22T22:22:19.284962+00:00"}
{"category":"NETWORK","details":{"error":"name 'client' is not defined","raw_payload":"{\"x\": -0.008, \"y\": -0.164, \"z\": 1.044, \"ts\": 1776896539.1536133}","sample_ts":1776896539.1536,"topic":"sensors/adxl345/raw"},"device":"rpi-9a2f6ea2e358535b","event":"MQTT_PUBLISH_FAILED","level":"ERROR","seq":67,"sig":"02f1ffa60ee50e8b","ts":"2026-04-22T22:22:19.285049+00:00"}
{"category":"NETWORK","details":{"error":"name 'client' is not defined","raw_payload":"{\"x\": -0.016, \"y\": -0.16, \"z\": 1.036, \"ts\": 1776896539.1636136}","sample_ts":1776896539.1636,"topic":"sensors/adxl345/raw"},"device":"rpi-9a2f6ea2e358535b","event":"MQTT_PUBLISH_FAILED","level":"ERROR","seq":68,"sig":"d8094e984454ea2d","ts":"2026-04-22T22:22:19.285137+00:00"}
{"category":"NETWORK","details":{"error":"name 'client' is not defined","raw_payload":"{\"x\": -0.016, \"y\": -0.16, \"z\": 1.048, \"ts\": 1776896539.1736135}","sample_ts":1776896539.1736,"topic":"sensors/adxl345/raw"},"device":"rpi-9a2f6ea2e358535b","event":"MQTT_PUBLISH_FAILED","level":"ERROR","seq":69,"sig":"7b7ae7401e70d3b7","ts":"2026-04-22T22:22:19.285223+00:00"}
{"category":"NETWORK","details":{"error":"name 'client' is not defined","raw_payload":"{\"x\": -0.012, \"y\": -0.176, \"z\": 1.044, \"ts\": 1776896539.1836135}","sample_ts":1776896539.1836,"topic":"sensors/adxl345/raw"},"device":"rpi-9a2f6ea2e358535b","event":"MQTT_PUBLISH_FAILED","level":"ERROR","seq":70,"sig":"6a6df636edc2da47","ts":"2026-04-22T22:22:19.285311+00:00"}
{"category":"NETWORK","details":{"error":"name 'client' is not defined","raw_payload":"{\"x\": 0.0, \"y\": -0.184, \"z\": 1.06, \"ts\": 1776896539.1936135}","sample_ts":1776896539.1936,"topic":"sensors/adxl345/raw"},"device":"rpi-9a2f6ea2e358535b","event":"MQTT_PUBLISH_FAILED","level":"ERROR","seq":71,"sig":"16eb343960d3f087","ts":"2026-04-22T22:22:19.285397+00:00"}
{"category":"NETWORK","details":{"error":"name 'client' is not defined","raw_payload":"{\"x\": -0.028, \"y\": -0.148, \"z\": 1.056, \"ts\": 1776896539.2036135}","sample_ts":1776896539.2036,"topic":"sensors/adxl345/raw"},"device":"rpi-9a2f6ea2e358535b","event":"MQTT_PUBLISH_FAILED","level":"ERROR","seq":72,"sig":"7a485c5ba2d89c22","ts":"2026-04-22T22:22:19.285483+00:00"}
{"category":"NETWORK","details":{"error":"name 'client' is not defined","raw_payload":"{\"x\": -0.008, \"y\": -0.164, \"z\": 1.064, \"ts\": 1776896539.2136135}","sample_ts":1776896539.2136,"topic":"sensors/adxl345/raw"},"device":"rpi-9a2f6ea2e358535b","event":"MQTT_PUBLISH_FAILED","level":"ERROR","seq":73,"sig":"79dca2d78fa61842","ts":"2026-04-22T22:22:19.285568+00:00"}
{"category":"NETWORK","details":{"error":"name 'client' is not defined","raw_payload":"{\"x\": -0.016, \"y\": -0.164, \"z\": 1.044, \"ts\": 1776896539.2236135}","sample_ts":1776896539.2236,"topic":"sensors/adxl345/raw"},"device":"rpi-9a2f6ea2e358535b","event":"MQTT_PUBLISH_FAILED","level":"ERROR","seq":74,"sig":"34246eb189fe75c4","ts":"2026-04-22T22:22:19.285654+00:00"}
{"category":"NETWORK","details":{"error":"name 'client' is not defined","raw_payload":"{\"x\": -0.004, \"y\": -0.164, \"z\": 1.04, \"ts\": 1776896539.2336135}","sample_ts":1776896539.2336,"topic":"sensors/adxl345/raw"},"device":"rpi-9a2f6ea2e358535b","event":"MQTT_PUBLISH_FAILED","level":"ERROR","seq":75,"sig":"0f14f891d1a59db9","ts":"2026-04-22T22:22:19.285753+00:00"}
{"category":"NETWORK","details":{"error":"name 'client' is not defined","raw_payload":"{\"x\": 0.0, \"y\": -0.164, \"z\": 1.04, \"ts\": 1776896539.2436135}","sample_ts":1776896539.2436,"topic":"sensors/adxl345/raw"},"device":"rpi-9a2f6ea2e358535b","event":"MQTT_PUBLISH_FAILED","level":"ERROR","seq":76,"sig":"1462fbcf03f55436","ts":"2026-04-22T22:22:19.285844+00:00"}
{"category":"NETWORK","details":{"error":"name 'client' is not defined","raw_payload":"{\"x\": -0.016, \"y\": -0.168, \"z\": 1.044, \"ts\": 1776896539.2536135}","sample_ts":1776896539.2536,"topic":"sensors/adxl345/raw"},"device":"rpi-9a2f6ea2e358535b","event":"MQTT_PUBLISH_FAILED","level":"ERROR","seq":77,"sig":"4133e3057d188d8a","ts":"2026-04-22T22:22:19.285933+00:00"}
{"category":"NETWORK","details":{"error":"name 'client' is not defined","raw_payload":"{\"x\": -0.016, \"y\": -0.16, \"z\": 1.044, \"ts\": 1776896539.2636135}","sample_ts":1776896539.2636,"topic":"sensors/adxl345/raw"},"device":"rpi-9a2f6ea2e358535b","event":"MQTT_PUBLISH_FAILED","level":"ERROR","seq":78,"sig":"4eb6d1b944396b04","ts":"2026-04-22T22:22:19.286020+00:00"}
{"category":"NETWORK","details":{"error":"name 'client' is not defined","raw_payload":"{\"x\": -0.016, \"y\": -0.168, \"z\": 1.036, \"ts\": 1776896539.2736135}","sample_ts":1776896539.2736,"topic":"sensors/adxl345/raw"},"device":"rpi-9a2f6ea2e358535b","event":"MQTT_PUBLISH_FAILED","level":"ERROR","seq":79,"sig":"356ce43b69d5c6fd","ts":"2026-04-22T22:22:19.286106+00:00"}
{"category":"SENSOR","details":{"batch_ts":1776896539.5336,"sample_count":25},"device":"rpi-9a2f6ea2e358535b","event":"FIFO_READ","level":"INFO","seq":80,"sig":"e142e45f5b2644a0","ts":"2026-04-22T22:22:19.533637+00:00"}
{"category":"NETWORK","details":{"error":"name 'client' is not defined","raw_payload":"{\"x\": -0.032, \"y\": -0.148, \"z\": 1.06, \"ts\": 1776896539.2836266}","sample_ts":1776896539.2836,"topic":"sensors/adxl345/raw"},"device":"rpi-9a2f6ea2e358535b","event":"MQTT_PUBLISH_FAILED","level":"ERROR","seq":81,"sig":"8bbebd3e0f7cc0e1","ts":"2026-04-22T22:22:19.533884+00:00"}
{"category":"NETWORK","details":{"error":"name 'client' is not defined","raw_payload":"{\"x\": -0.004, \"y\": -0.148, \"z\": 1.06, \"ts\": 1776896539.2936265}","sample_ts":1776896539.2936,"topic":"sensors/adxl345/raw"},"device":"rpi-9a2f6ea2e358535b","event":"MQTT_PUBLISH_FAILED","level":"ERROR","seq":82,"sig":"2514552fb7330403","ts":"2026-04-22T22:22:19.534008+00:00"}
{"category":"NETWORK","details":{"error":"name 'client' is not defined","raw_payload":"{\"x\": -0.024, \"y\": -0.124, \"z\": 1.048, \"ts\": 1776896539.3036265}","sample_ts":1776896539.3036,"topic":"sensors/adxl345/raw"},"device":"rpi-9a2f6ea2e358535b","event":"MQTT_PUBLISH_FAILED","level":"ERROR","seq":83,"sig":"e62fe0a73059ae6c","ts":"2026-04-22T22:22:19.534108+00:00"}
{"category":"NETWORK","details":{"error":"name 'client' is not defined","raw_payload":"{\"x\": -0.004, \"y\": -0.152, \"z\": 1.072, \"ts\": 1776896539.3136265}","sample_ts":1776896539.3136,"topic":"sensors/adxl345/raw"},"device":"rpi-9a2f6ea2e358535b","event":"MQTT_PUBLISH_FAILED","level":"ERROR","seq":84,"sig":"a9887a756eeec040","ts":"2026-04-22T22:22:19.534202+00:00"}
{"category":"NETWORK","details":{"error":"name 'client' is not defined","raw_payload":"{\"x\": -0.012, \"y\": -0.156, \"z\": 1.032, \"ts\": 1776896539.3236265}","sample_ts":1776896539.3236,"topic":"sensors/adxl345/raw"},"device":"rpi-9a2f6ea2e358535b","event":"MQTT_PUBLISH_FAILED","level":"ERROR","seq":85,"sig":"e16cc4f7d19920e9","ts":"2026-04-22T22:22:19.534293+00:00"}
{"category":"NETWORK","details":{"error":"name 'client' is not defined","raw_payload":"{\"x\": -0.016, \"y\": -0.164, \"z\": 1.044, \"ts\": 1776896539.3336265}","sample_ts":1776896539.3336,"topic":"sensors/adxl345/raw"},"device":"rpi-9a2f6ea2e358535b","event":"MQTT_PUBLISH_FAILED","level":"ERROR","seq":86,"sig":"136aa19d3e14367a","ts":"2026-04-22T22:22:19.534391+00:00"}
{"category":"NETWORK","details":{"error":"name 'client' is not defined","raw_payload":"{\"x\": -0.012, \"y\": -0.168, \"z\": 1.072, \"ts\": 1776896539.3436265}","sample_ts":1776896539.3436,"topic":"sensors/adxl345/raw"},"device":"rpi-9a2f6ea2e358535b","event":"MQTT_PUBLISH_FAILED","level":"ERROR","seq":87,"sig":"1404c49b49c7f239","ts":"2026-04-22T22:22:19.534481+00:00"}
{"category":"NETWORK","details":{"error":"name 'client' is not defined","raw_payload":"{\"x\": -0.008, \"y\": -0.156, \"z\": 1.064, \"ts\": 1776896539.3536265}","sample_ts":1776896539.3536,"topic":"sensors/adxl345/raw"},"device":"rpi-9a2f6ea2e358535b","event":"MQTT_PUBLISH_FAILED","level":"ERROR","seq":88,"sig":"ed752a0b5a626bc1","ts":"2026-04-22T22:22:19.534571+00:00"}
{"category":"NETWORK","details":{"error":"name 'client' is not defined","raw_payload":"{\"x\": -0.02, \"y\": -0.168, \"z\": 1.048, \"ts\": 1776896539.3636265}","sample_ts":1776896539.3636,"topic":"sensors/adxl345/raw"},"device":"rpi-9a2f6ea2e358535b","event":"MQTT_PUBLISH_FAILED","level":"ERROR","seq":89,"sig":"ad1bbc2a1e3553fa","ts":"2026-04-22T22:22:19.534660+00:00"}
{"category":"NETWORK","details":{"error":"name 'client' is not defined","raw_payload":"{\"x\": -0.016, \"y\": -0.148, \"z\": 1.04, \"ts\": 1776896539.3736265}","sample_ts":1776896539.3736,"topic":"sensors/adxl345/raw"},"device":"rpi-9a2f6ea2e358535b","event":"MQTT_PUBLISH_FAILED","level":"ERROR","seq":90,"sig":"bc8ecc4c7efafebb","ts":"2026-04-22T22:22:19.534749+00:00"}
{"category":"NETWORK","details":{"error":"name 'client' is not defined","raw_payload":"{\"x\": -0.02, \"y\": -0.152, \"z\": 1.06, \"ts\": 1776896539.3836265}","sample_ts":1776896539.3836,"topic":"sensors/adxl345/raw"},"device":"rpi-9a2f6ea2e358535b","event":"MQTT_PUBLISH_FAILED","level":"ERROR","seq":91,"sig":"4da3a02d8a20b3fa","ts":"2026-04-22T22:22:19.534836+00:00"}
{"category":"NETWORK","details":{"error":"name 'client' is not defined","raw_payload":"{\"x\": -0.016, \"y\": -0.168, \"z\": 1.04, \"ts\": 1776896539.3936265}","sample_ts":1776896539.3936,"topic":"sensors/adxl345/raw"},"device":"rpi-9a2f6ea2e358535b","event":"MQTT_PUBLISH_FAILED","level":"ERROR","seq":92,"sig":"3cd82b5af59f4a1e","ts":"2026-04-22T22:22:19.534924+00:00"}
{"category":"NETWORK","details":{"error":"name 'client' is not defined","raw_payload":"{\"x\": -0.004, \"y\": -0.152, \"z\": 1.036, \"ts\": 1776896539.4036264}","sample_ts":1776896539.4036,"topic":"sensors/adxl345/raw"},"device":"rpi-9a2f6ea2e358535b","event":"MQTT_PUBLISH_FAILED","level":"ERROR","seq":93,"sig":"b01d1b25b994715a","ts":"2026-04-22T22:22:19.535012+00:00"}
{"category":"NETWORK","details":{"error":"name 'client' is not defined","raw_payload":"{\"x\": -0.016, \"y\": -0.164, \"z\": 1.072, \"ts\": 1776896539.4136267}","sample_ts":1776896539.4136,"topic":"sensors/adxl345/raw"},"device":"rpi-9a2f6ea2e358535b","event":"MQTT_PUBLISH_FAILED","level":"ERROR","seq":94,"sig":"e9ac4e8e365af861","ts":"2026-04-22T22:22:19.535099+00:00"}
{"category":"NETWORK","details":{"error":"name 'client' is not defined","raw_payload":"{\"x\": -0.016, \"y\": -0.164, \"z\": 1.056, \"ts\": 1776896539.4236267}","sample_ts":1776896539.4236,"topic":"sensors/adxl345/raw"},"device":"rpi-9a2f6ea2e358535b","event":"MQTT_PUBLISH_FAILED","level":"ERROR","seq":95,"sig":"3e5a6ca356078d34","ts":"2026-04-22T22:22:19.535188+00:00"}
{"category":"NETWORK","details":{"error":"name 'client' is not defined","raw_payload":"{\"x\": -0.04, \"y\": -0.148, \"z\": 1.06, \"ts\": 1776896539.4336267}","sample_ts":1776896539.4336,"topic":"sensors/adxl345/raw"},"device":"rpi-9a2f6ea2e358535b","event":"MQTT_PUBLISH_FAILED","level":"ERROR","seq":96,"sig":"4b2e7e65826655f3","ts":"2026-04-22T22:22:19.535276+00:00"}
{"category":"NETWORK","details":{"error":"name 'client' is not defined","raw_payload":"{\"x\": -0.008, \"y\": -0.156, \"z\": 1.064, \"ts\": 1776896539.4436266}","sample_ts":1776896539.4436,"topic":"sensors/adxl345/raw"},"device":"rpi-9a2f6ea2e358535b","event":"MQTT_PUBLISH_FAILED","level":"ERROR","seq":97,"sig":"07ad2d1fc9a90735","ts":"2026-04-22T22:22:19.535367+00:00"}
{"category":"NETWORK","details":{"error":"name 'client' is not defined","raw_payload":"{\"x\": -0.004, \"y\": -0.172, \"z\": 1.06, \"ts\": 1776896539.4536266}","sample_ts":1776896539.4536,"topic":"sensors/adxl345/raw"},"device":"rpi-9a2f6ea2e358535b","event":"MQTT_PUBLISH_FAILED","level":"ERROR","seq":98,"sig":"091d719fbb21b733","ts":"2026-04-22T22:22:19.535454+00:00"}
{"category":"NETWORK","details":{"error":"name 'client' is not defined","raw_payload":"{\"x\": -0.024, \"y\": -0.164, \"z\": 1.048, \"ts\": 1776896539.4636266}","sample_ts":1776896539.4636,"topic":"sensors/adxl345/raw"},"device":"rpi-9a2f6ea2e358535b","event":"MQTT_PUBLISH_FAILED","level":"ERROR","seq":99,"sig":"de3658adc0e9ab96","ts":"2026-04-22T22:22:19.535541+00:00"}
{"category":"NETWORK","details":{"error":"name 'client' is not defined","raw_payload":"{\"x\": -0.012, \"y\": -0.156, \"z\": 1.056, \"ts\": 1776896539.4736266}","sample_ts":1776896539.4736,"topic":"sensors/adxl345/raw"},"device":"rpi-9a2f6ea2e358535b","event":"MQTT_PUBLISH_FAILED","level":"ERROR","seq":100,"sig":"dd8f9221d48c7eac","ts":"2026-04-22T22:22:19.535629+00:00"}
{"category":"NETWORK","details":{"error":"name 'client' is not defined","raw_payload":"{\"x\": 0.004, \"y\": -0.164, \"z\": 1.052, \"ts\": 1776896539.4836266}","sample_ts":1776896539.4836,"topic":"sensors/adxl345/raw"},"device":"rpi-9a2f6ea2e358535b","event":"MQTT_PUBLISH_FAILED","level":"ERROR","seq":101,"sig":"c19acf934b2031d6","ts":"2026-04-22T22:22:19.535716+00:00"}
{"category":"NETWORK","details":{"error":"name 'client' is not defined","raw_payload":"{\"x\": -0.02, \"y\": -0.152, \"z\": 1.068, \"ts\": 1776896539.4936266}","sample_ts":1776896539.4936,"topic":"sensors/adxl345/raw"},"device":"rpi-9a2f6ea2e358535b","event":"MQTT_PUBLISH_FAILED","level":"ERROR","seq":102,"sig":"219d4cf208955544","ts":"2026-04-22T22:22:19.535802+00:00"}
{"category":"NETWORK","details":{"error":"name 'client' is not defined","raw_payload":"{\"x\": -0.008, \"y\": -0.152, \"z\": 1.068, \"ts\": 1776896539.5036266}","sample_ts":1776896539.5036,"topic":"sensors/adxl345/raw"},"device":"rpi-9a2f6ea2e358535b","event":"MQTT_PUBLISH_FAILED","level":"ERROR","seq":103,"sig":"0e1e2c5647de05ef","ts":"2026-04-22T22:22:19.535889+00:00"}
{"category":"NETWORK","details":{"error":"name 'client' is not defined","raw_payload":"{\"x\": 0.0, \"y\": -0.152, \"z\": 1.056, \"ts\": 1776896539.5136266}","sample_ts":1776896539.5136,"topic":"sensors/adxl345/raw"},"device":"rpi-9a2f6ea2e358535b","event":"MQTT_PUBLISH_FAILED","level":"ERROR","seq":104,"sig":"399119db2141baf9","ts":"2026-04-22T22:22:19.535979+00:00"}
{"category":"NETWORK","details":{"error":"name 'client' is not defined","raw_payload":"{\"x\": -0.016, \"y\": -0.156, \"z\": 1.044, \"ts\": 1776896539.5236266}","sample_ts":1776896539.5236,"topic":"sensors/adxl345/raw"},"device":"rpi-9a2f6ea2e358535b","event":"MQTT_PUBLISH_FAILED","level":"ERROR","seq":105,"sig":"8165dadc346fc80b","ts":"2026-04-22T22:22:19.536061+00:00"}
{"category":"SENSOR","details":{"batch_ts":1776896539.7836,"sample_count":25},"device":"rpi-9a2f6ea2e358535b","event":"FIFO_READ","level":"INFO","seq":106,"sig":"3e24e793b3c006b7","ts":"2026-04-22T22:22:19.783637+00:00"}
{"category":"NETWORK","details":{"error":"name 'client' is not defined","raw_payload":"{\"x\": -0.024, \"y\": -0.152, \"z\": 1.056, \"ts\": 1776896539.5336308}","sample_ts":1776896539.5336,"topic":"sensors/adxl345/raw"},"device":"rpi-9a2f6ea2e358535b","event":"MQTT_PUBLISH_FAILED","level":"ERROR","seq":107,"sig":"f2bbabd6a5fc49b3","ts":"2026-04-22T22:22:19.783801+00:00"}
{"category":"NETWORK","details":{"error":"name 'client' is not defined","raw_payload":"{\"x\": 0.0, \"y\": -0.164, \"z\": 1.044, \"ts\": 1776896539.5436308}","sample_ts":1776896539.5436,"topic":"sensors/adxl345/raw"},"device":"rpi-9a2f6ea2e358535b","event":"MQTT_PUBLISH_FAILED","level":"ERROR","seq":108,"sig":"4b01b0d1223d0fde","ts":"2026-04-22T22:22:19.783915+00:00"}
{"category":"NETWORK","details":{"error":"name 'client' is not defined","raw_payload":"{\"x\": 0.004, \"y\": -0.172, \"z\": 1.064, \"ts\": 1776896539.5536308}","sample_ts":1776896539.5536,"topic":"sensors/adxl345/raw"},"device":"rpi-9a2f6ea2e358535b","event":"MQTT_PUBLISH_FAILED","level":"ERROR","seq":109,"sig":"93192c492d31fe19","ts":"2026-04-22T22:22:19.784016+00:00"}
{"category":"NETWORK","details":{"error":"name 'client' is not defined","raw_payload":"{\"x\": 0.0, \"y\": -0.148, \"z\": 1.084, \"ts\": 1776896539.5636308}","sample_ts":1776896539.5636,"topic":"sensors/adxl345/raw"},"device":"rpi-9a2f6ea2e358535b","event":"MQTT_PUBLISH_FAILED","level":"ERROR","seq":110,"sig":"944d55c52bf0e203","ts":"2026-04-22T22:22:19.784110+00:00"}
{"category":"NETWORK","details":{"error":"name 'client' is not defined","raw_payload":"{\"x\": -0.004, \"y\": -0.156, \"z\": 1.064, \"ts\": 1776896539.5736308}","sample_ts":1776896539.5736,"topic":"sensors/adxl345/raw"},"device":"rpi-9a2f6ea2e358535b","event":"MQTT_PUBLISH_FAILED","level":"ERROR","seq":111,"sig":"091ee4a7c02327bf","ts":"2026-04-22T22:22:19.784201+00:00"}
{"category":"NETWORK","details":{"error":"name 'client' is not defined","raw_payload":"{\"x\": 0.0, \"y\": -0.176, \"z\": 1.044, \"ts\": 1776896539.5836308}","sample_ts":1776896539.5836,"topic":"sensors/adxl345/raw"},"device":"rpi-9a2f6ea2e358535b","event":"MQTT_PUBLISH_FAILED","level":"ERROR","seq":112,"sig":"c9735c32790de500","ts":"2026-04-22T22:22:19.784295+00:00"}
{"category":"NETWORK","details":{"error":"name 'client' is not defined","raw_payload":"{\"x\": -0.008, \"y\": -0.156, \"z\": 1.028, \"ts\": 1776896539.5936308}","sample_ts":1776896539.5936,"topic":"sensors/adxl345/raw"},"device":"rpi-9a2f6ea2e358535b","event":"MQTT_PUBLISH_FAILED","level":"ERROR","seq":113,"sig":"ee1dea6eb96b42c1","ts":"2026-04-22T22:22:19.784383+00:00"}
{"category":"NETWORK","details":{"error":"name 'client' is not defined","raw_payload":"{\"x\": -0.032, \"y\": -0.148, \"z\": 1.044, \"ts\": 1776896539.6036308}","sample_ts":1776896539.6036,"topic":"sensors/adxl345/raw"},"device":"rpi-9a2f6ea2e358535b","event":"MQTT_PUBLISH_FAILED","level":"ERROR","seq":114,"sig":"bde6c4cbdf6acb4c","ts":"2026-04-22T22:22:19.784472+00:00"}
{"category":"NETWORK","details":{"error":"name 'client' is not defined","raw_payload":"{\"x\": -0.008, \"y\": -0.164, \"z\": 1.044, \"ts\": 1776896539.6136308}","sample_ts":1776896539.6136,"topic":"sensors/adxl345/raw"},"device":"rpi-9a2f6ea2e358535b","event":"MQTT_PUBLISH_FAILED","level":"ERROR","seq":115,"sig":"f78eac7e7850b4a5","ts":"2026-04-22T22:22:19.784560+00:00"}
{"category":"NETWORK","details":{"error":"name 'client' is not defined","raw_payload":"{\"x\": 0.0, \"y\": -0.148, \"z\": 1.056, \"ts\": 1776896539.6236308}","sample_ts":1776896539.6236,"topic":"sensors/adxl345/raw"},"device":"rpi-9a2f6ea2e358535b","event":"MQTT_PUBLISH_FAILED","level":"ERROR","seq":116,"sig":"9ef468334b7ac65e","ts":"2026-04-22T22:22:19.784652+00:00"}
{"category":"NETWORK","details":{"error":"name 'client' is not defined","raw_payload":"{\"x\": -0.028, \"y\": -0.156, \"z\": 1.048, \"ts\": 1776896539.6336308}","sample_ts":1776896539.6336,"topic":"sensors/adxl345/raw"},"device":"rpi-9a2f6ea2e358535b","event":"MQTT_PUBLISH_FAILED","level":"ERROR","seq":117,"sig":"862625b201b2438f","ts":"2026-04-22T22:22:19.784737+00:00"}
{"category":"NETWORK","details":{"error":"name 'client' is not defined","raw_payload":"{\"x\": -0.016, \"y\": -0.152, \"z\": 1.068, \"ts\": 1776896539.6436307}","sample_ts":1776896539.6436,"topic":"sensors/adxl345/raw"},"device":"rpi-9a2f6ea2e358535b","event":"MQTT_PUBLISH_FAILED","level":"ERROR","seq":118,"sig":"819752ab35697413","ts":"2026-04-22T22:22:19.784812+00:00"}
{"category":"NETWORK","details":{"error":"name 'client' is not defined","raw_payload":"{\"x\": -0.012, \"y\": -0.152, \"z\": 1.044, \"ts\": 1776896539.6536307}","sample_ts":1776896539.6536,"topic":"sensors/adxl345/raw"},"device":"rpi-9a2f6ea2e358535b","event":"MQTT_PUBLISH_FAILED","level":"ERROR","seq":119,"sig":"915171bc53032eed","ts":"2026-04-22T22:22:19.784885+00:00"}
{"category":"NETWORK","details":{"error":"name 'client' is not defined","raw_payload":"{\"x\": -0.028, \"y\": -0.156, \"z\": 1.04, \"ts\": 1776896539.663631}","sample_ts":1776896539.6636,"topic":"sensors/adxl345/raw"},"device":"rpi-9a2f6ea2e358535b","event":"MQTT_PUBLISH_FAILED","level":"ERROR","seq":120,"sig":"c56b080c79da5705","ts":"2026-04-22T22:22:19.784967+00:00"}
{"category":"NETWORK","details":{"error":"name 'client' is not defined","raw_payload":"{\"x\": -0.02, \"y\": -0.152, \"z\": 1.056, \"ts\": 1776896539.673631}","sample_ts":1776896539.6736,"topic":"sensors/adxl345/raw"},"device":"rpi-9a2f6ea2e358535b","event":"MQTT_PUBLISH_FAILED","level":"ERROR","seq":121,"sig":"bff3073ffe084d21","ts":"2026-04-22T22:22:19.785042+00:00"}
{"category":"NETWORK","details":{"error":"name 'client' is not defined","raw_payload":"{\"x\": -0.004, \"y\": -0.16, \"z\": 1.028, \"ts\": 1776896539.683631}","sample_ts":1776896539.6836,"topic":"sensors/adxl345/raw"},"device":"rpi-9a2f6ea2e358535b","event":"MQTT_PUBLISH_FAILED","level":"ERROR","seq":122,"sig":"20559fc6871e78df","ts":"2026-04-22T22:22:19.785117+00:00"}
{"category":"NETWORK","details":{"error":"name 'client' is not defined","raw_payload":"{\"x\": -0.028, \"y\": -0.156, \"z\": 1.044, \"ts\": 1776896539.693631}","sample_ts":1776896539.6936,"topic":"sensors/adxl345/raw"},"device":"rpi-9a2f6ea2e358535b","event":"MQTT_PUBLISH_FAILED","level":"ERROR","seq":123,"sig":"3aa782d41dbdf645","ts":"2026-04-22T22:22:19.785188+00:00"}
{"category":"NETWORK","details":{"error":"name 'client' is not defined","raw_payload":"{\"x\": -0.016, \"y\": -0.168, \"z\": 1.06, \"ts\": 1776896539.703631}","sample_ts":1776896539.7036,"topic":"sensors/adxl345/raw"},"device":"rpi-9a2f6ea2e358535b","event":"MQTT_PUBLISH_FAILED","level":"ERROR","seq":124,"sig":"cf46685d05ae053e","ts":"2026-04-22T22:22:19.785259+00:00"}
{"category":"NETWORK","details":{"error":"name 'client' is not defined","raw_payload":"{\"x\": -0.016, \"y\": -0.152, \"z\": 1.06, \"ts\": 1776896539.713631}","sample_ts":1776896539.7136,"topic":"sensors/adxl345/raw"},"device":"rpi-9a2f6ea2e358535b","event":"MQTT_PUBLISH_FAILED","level":"ERROR","seq":125,"sig":"9d89167c450460ae","ts":"2026-04-22T22:22:19.785329+00:00"}
{"category":"NETWORK","details":{"error":"name 'client' is not defined","raw_payload":"{\"x\": -0.004, \"y\": -0.16, \"z\": 1.044, \"ts\": 1776896539.723631}","sample_ts":1776896539.7236,"topic":"sensors/adxl345/raw"},"device":"rpi-9a2f6ea2e358535b","event":"MQTT_PUBLISH_FAILED","level":"ERROR","seq":126,"sig":"74f5b55626e73baa","ts":"2026-04-22T22:22:19.785398+00:00"}
{"category":"NETWORK","details":{"error":"name 'client' is not defined","raw_payload":"{\"x\": -0.012, \"y\": -0.168, \"z\": 1.072, \"ts\": 1776896539.733631}","sample_ts":1776896539.7336,"topic":"sensors/adxl345/raw"},"device":"rpi-9a2f6ea2e358535b","event":"MQTT_PUBLISH_FAILED","level":"ERROR","seq":127,"sig":"e0a7dbd3282050b9","ts":"2026-04-22T22:22:19.785467+00:00"}
{"category":"NETWORK","details":{"error":"name 'client' is not defined","raw_payload":"{\"x\": -0.024, \"y\": -0.168, \"z\": 1.044, \"ts\": 1776896539.743631}","sample_ts":1776896539.7436,"topic":"sensors/adxl345/raw"},"device":"rpi-9a2f6ea2e358535b","event":"MQTT_PUBLISH_FAILED","level":"ERROR","seq":128,"sig":"b8b3802666401cf9","ts":"2026-04-22T22:22:19.785536+00:00"}
{"category":"NETWORK","details":{"error":"name 'client' is not defined","raw_payload":"{\"x\": -0.012, \"y\": -0.152, \"z\": 1.048, \"ts\": 1776896539.7536309}","sample_ts":1776896539.7536,"topic":"sensors/adxl345/raw"},"device":"rpi-9a2f6ea2e358535b","event":"MQTT_PUBLISH_FAILED","level":"ERROR","seq":129,"sig":"c278d3007176bc66","ts":"2026-04-22T22:22:19.785604+00:00"}
{"category":"NETWORK","details":{"error":"name 'client' is not defined","raw_payload":"{\"x\": -0.008, \"y\": -0.148, \"z\": 1.044, \"ts\": 1776896539.7636309}","sample_ts":1776896539.7636,"topic":"sensors/adxl345/raw"},"device":"rpi-9a2f6ea2e358535b","event":"MQTT_PUBLISH_FAILED","level":"ERROR","seq":130,"sig":"c8d99e0b35dd4ca5","ts":"2026-04-22T22:22:19.785673+00:00"}
{"category":"NETWORK","details":{"error":"name 'client' is not defined","raw_payload":"{\"x\": 0.0, \"y\": -0.156, \"z\": 1.06, \"ts\": 1776896539.7736309}","sample_ts":1776896539.7736,"topic":"sensors/adxl345/raw"},"device":"rpi-9a2f6ea2e358535b","event":"MQTT_PUBLISH_FAILED","level":"ERROR","seq":131,"sig":"d93e2a9b683b28f8","ts":"2026-04-22T22:22:19.785744+00:00"}
{"category":"DATA","details":{"band_hz":[4.0,7.0],"batch_ts":1776896539.7836,"x_peak_g":0.002048,"x_peak_hz":5.0,"y_peak_g":0.003605,"y_peak_hz":4.0,"z_peak_g":0.002527,"z_peak_hz":4.0},"device":"rpi-9a2f6ea2e358535b","event":"FFT_RESULT","level":"INFO","seq":132,"sig":"fd92d38ff7f8eff0","ts":"2026-04-22T22:22:19.787389+00:00"}
{"category":"NETWORK","details":{"batch_ts":1776896539.7836,"error":"name 'client' is not defined","fft_payload":"{\"fft\": {\"band_hz\": [4.0, 7.0], \"x\": {\"peak_hz\": 5.0, \"peak_amp_g\": 0.002048, \"mean_amp_g\": 0.001447}, \"y\": {\"peak_hz\": 4.0, \"peak_amp_g\": 0.003605, \"mean_amp_g\": 0.002632}, \"z\": {\"peak_hz\": 4.0, \"peak_amp_g\": 0.002527, \"mean_amp_g\": 0.001405}}, \"ts\": 1776896539.7836308}","topic":"sensors/adxl345/fft"},"device":"rpi-9a2f6ea2e358535b","event":"MQTT_PUBLISH_FAILED","level":"ERROR","seq":133,"sig":"d0c64245080c9867","ts":"2026-04-22T22:22:19.787549+00:00"}
{"category":"SENSOR","details":{"batch_ts":1776896540.0336,"sample_count":25},"device":"rpi-9a2f6ea2e358535b","event":"FIFO_READ","level":"INFO","seq":134,"sig":"84f2dddea9d248b5","ts":"2026-04-22T22:22:20.033628+00:00"}
{"category":"NETWORK","details":{"error":"name 'client' is not defined","raw_payload":"{\"x\": -0.016, \"y\": -0.152, \"z\": 1.048, \"ts\": 1776896539.7836192}","sample_ts":1776896539.7836,"topic":"sensors/adxl345/raw"},"device":"rpi-9a2f6ea2e358535b","event":"MQTT_PUBLISH_FAILED","level":"ERROR","seq":135,"sig":"53960f29b246b2bc","ts":"2026-04-22T22:22:20.033854+00:00"}
{"category":"NETWORK","details":{"error":"name 'client' is not defined","raw_payload":"{\"x\": -0.008, \"y\": -0.14, \"z\": 1.048, \"ts\": 1776896539.7936192}","sample_ts":1776896539.7936,"topic":"sensors/adxl345/raw"},"device":"rpi-9a2f6ea2e358535b","event":"MQTT_PUBLISH_FAILED","level":"ERROR","seq":136,"sig":"9b8534c25abe685e","ts":"2026-04-22T22:22:20.034000+00:00"}
{"category":"NETWORK","details":{"error":"name 'client' is not defined","raw_payload":"{\"x\": -0.008, \"y\": -0.152, \"z\": 1.044, \"ts\": 1776896539.8036191}","sample_ts":1776896539.8036,"topic":"sensors/adxl345/raw"},"device":"rpi-9a2f6ea2e358535b","event":"MQTT_PUBLISH_FAILED","level":"ERROR","seq":137,"sig":"57f683682d588885","ts":"2026-04-22T22:22:20.034115+00:00"}
{"category":"NETWORK","details":{"error":"name 'client' is not defined","raw_payload":"{\"x\": -0.016, \"y\": -0.144, \"z\": 1.068, \"ts\": 1776896539.8136191}","sample_ts":1776896539.8136,"topic":"sensors/adxl345/raw"},"device":"rpi-9a2f6ea2e358535b","event":"MQTT_PUBLISH_FAILED","level":"ERROR","seq":138,"sig":"cc797a43c0ea46a0","ts":"2026-04-22T22:22:20.034203+00:00"}
{"category":"NETWORK","details":{"error":"name 'client' is not defined","raw_payload":"{\"x\": -0.02, \"y\": -0.164, \"z\": 1.04, \"ts\": 1776896539.8236191}","sample_ts":1776896539.8236,"topic":"sensors/adxl345/raw"},"device":"rpi-9a2f6ea2e358535b","event":"MQTT_PUBLISH_FAILED","level":"ERROR","seq":139,"sig":"9b6a33fc1fe84ed4","ts":"2026-04-22T22:22:20.034278+00:00"}
{"category":"NETWORK","details":{"error":"name 'client' is not defined","raw_payload":"{\"x\": -0.024, \"y\": -0.16, \"z\": 1.08, \"ts\": 1776896539.833619}","sample_ts":1776896539.8336,"topic":"sensors/adxl345/raw"},"device":"rpi-9a2f6ea2e358535b","event":"MQTT_PUBLISH_FAILED","level":"ERROR","seq":140,"sig":"86fad5da3b09c71a","ts":"2026-04-22T22:22:20.034351+00:00"}
{"category":"NETWORK","details":{"error":"name 'client' is not defined","raw_payload":"{\"x\": -0.016, \"y\": -0.16, \"z\": 1.04, \"ts\": 1776896539.843619}","sample_ts":1776896539.8436,"topic":"sensors/adxl345/raw"},"device":"rpi-9a2f6ea2e358535b","event":"MQTT_PUBLISH_FAILED","level":"ERROR","seq":141,"sig":"2663c76a1c2e3dd8","ts":"2026-04-22T22:22:20.034423+00:00"}
{"category":"NETWORK","details":{"error":"name 'client' is not defined","raw_payload":"{\"x\": 0.008, \"y\": -0.164, \"z\": 1.056, \"ts\": 1776896539.853619}","sample_ts":1776896539.8536,"topic":"sensors/adxl345/raw"},"device":"rpi-9a2f6ea2e358535b","event":"MQTT_PUBLISH_FAILED","level":"ERROR","seq":142,"sig":"22e789e833d06e40","ts":"2026-04-22T22:22:20.034500+00:00"}
{"category":"NETWORK","details":{"error":"name 'client' is not defined","raw_payload":"{\"x\": -0.02, \"y\": -0.168, \"z\": 1.048, \"ts\": 1776896539.863619}","sample_ts":1776896539.8636,"topic":"sensors/adxl345/raw"},"device":"rpi-9a2f6ea2e358535b","event":"MQTT_PUBLISH_FAILED","level":"ERROR","seq":143,"sig":"9399b4c3f64ab325","ts":"2026-04-22T22:22:20.034572+00:00"}
{"category":"NETWORK","details":{"error":"name 'client' is not defined","raw_payload":"{\"x\": -0.008, \"y\": -0.164, \"z\": 1.048, \"ts\": 1776896539.873619}","sample_ts":1776896539.8736,"topic":"sensors/adxl345/raw"},"device":"rpi-9a2f6ea2e358535b","event":"MQTT_PUBLISH_FAILED","level":"ERROR","seq":144,"sig":"114c8b2ef75aa5e5","ts":"2026-04-22T22:22:20.034642+00:00"}
{"category":"NETWORK","details":{"error":"name 'client' is not defined","raw_payload":"{\"x\": -0.008, \"y\": -0.148, \"z\": 1.044, \"ts\": 1776896539.883619}","sample_ts":1776896539.8836,"topic":"sensors/adxl345/raw"},"device":"rpi-9a2f6ea2e358535b","event":"MQTT_PUBLISH_FAILED","level":"ERROR","seq":145,"sig":"dd84be64df0c676a","ts":"2026-04-22T22:22:20.034712+00:00"}
{"category":"NETWORK","details":{"error":"name 'client' is not defined","raw_payload":"{\"x\": -0.004, \"y\": -0.176, \"z\": 1.06, \"ts\": 1776896539.893619}","sample_ts":1776896539.8936,"topic":"sensors/adxl345/raw"},"device":"rpi-9a2f6ea2e358535b","event":"MQTT_PUBLISH_FAILED","level":"ERROR","seq":146,"sig":"182f1504a457be6a","ts":"2026-04-22T22:22:20.034782+00:00"}
{"category":"NETWORK","details":{"error":"name 'client' is not defined","raw_payload":"{\"x\": -0.02, \"y\": -0.168, \"z\": 1.036, \"ts\": 1776896539.903619}","sample_ts":1776896539.9036,"topic":"sensors/adxl345/raw"},"device":"rpi-9a2f6ea2e358535b","event":"MQTT_PUBLISH_FAILED","level":"ERROR","seq":147,"sig":"0f1a2e8681f6a427","ts":"2026-04-22T22:22:20.034851+00:00"}
{"category":"NETWORK","details":{"error":"name 'client' is not defined","raw_payload":"{\"x\": -0.008, \"y\": -0.16, \"z\": 1.052, \"ts\": 1776896539.9136193}","sample_ts":1776896539.9136,"topic":"sensors/adxl345/raw"},"device":"rpi-9a2f6ea2e358535b","event":"MQTT_PUBLISH_FAILED","level":"ERROR","seq":148,"sig":"25d76467bdd6afbb","ts":"2026-04-22T22:22:20.034921+00:00"}
{"category":"NETWORK","details":{"error":"name 'client' is not defined","raw_payload":"{\"x\": -0.004, \"y\": -0.168, \"z\": 1.052, \"ts\": 1776896539.9236193}","sample_ts":1776896539.9236,"topic":"sensors/adxl345/raw"},"device":"rpi-9a2f6ea2e358535b","event":"MQTT_PUBLISH_FAILED","level":"ERROR","seq":149,"sig":"508245285575a787","ts":"2026-04-22T22:22:20.035003+00:00"}
{"category":"NETWORK","details":{"error":"name 'client' is not defined","raw_payload":"{\"x\": -0.012, \"y\": -0.164, \"z\": 1.056, \"ts\": 1776896539.9336193}","sample_ts":1776896539.9336,"topic":"sensors/adxl345/raw"},"device":"rpi-9a2f6ea2e358535b","event":"MQTT_PUBLISH_FAILED","level":"ERROR","seq":150,"sig":"6bdf3dd62149b5ea","ts":"2026-04-22T22:22:20.035091+00:00"}
{"category":"NETWORK","details":{"error":"name 'client' is not defined","raw_payload":"{\"x\": -0.024, \"y\": -0.156, \"z\": 1.044, \"ts\": 1776896539.9436193}","sample_ts":1776896539.9436,"topic":"sensors/adxl345/raw"},"device":"rpi-9a2f6ea2e358535b","event":"MQTT_PUBLISH_FAILED","level":"ERROR","seq":151,"sig":"572e6b00af0e5d08","ts":"2026-04-22T22:22:20.035168+00:00"}
{"category":"NETWORK","details":{"error":"name 'client' is not defined","raw_payload":"{\"x\": -0.016, \"y\": -0.152, \"z\": 1.056, \"ts\": 1776896539.9536192}","sample_ts":1776896539.9536,"topic":"sensors/adxl345/raw"},"device":"rpi-9a2f6ea2e358535b","event":"MQTT_PUBLISH_FAILED","level":"ERROR","seq":152,"sig":"6707959236716caf","ts":"2026-04-22T22:22:20.035243+00:00"}
{"category":"NETWORK","details":{"error":"name 'client' is not defined","raw_payload":"{\"x\": -0.024, \"y\": -0.144, \"z\": 1.036, \"ts\": 1776896539.9636192}","sample_ts":1776896539.9636,"topic":"sensors/adxl345/raw"},"device":"rpi-9a2f6ea2e358535b","event":"MQTT_PUBLISH_FAILED","level":"ERROR","seq":153,"sig":"a418aa89f02903e1","ts":"2026-04-22T22:22:20.035321+00:00"}
{"category":"NETWORK","details":{"error":"name 'client' is not defined","raw_payload":"{\"x\": -0.012, \"y\": -0.16, \"z\": 1.06, \"ts\": 1776896539.9736192}","sample_ts":1776896539.9736,"topic":"sensors/adxl345/raw"},"device":"rpi-9a2f6ea2e358535b","event":"MQTT_PUBLISH_FAILED","level":"ERROR","seq":154,"sig":"e5a9f4e50e2452e8","ts":"2026-04-22T22:22:20.035394+00:00"}
{"category":"NETWORK","details":{"error":"name 'client' is not defined","raw_payload":"{\"x\": -0.02, \"y\": -0.14, \"z\": 1.052, \"ts\": 1776896539.9836192}","sample_ts":1776896539.9836,"topic":"sensors/adxl345/raw"},"device":"rpi-9a2f6ea2e358535b","event":"MQTT_PUBLISH_FAILED","level":"ERROR","seq":155,"sig":"bdc15d29c984115f","ts":"2026-04-22T22:22:20.035465+00:00"}
{"category":"NETWORK","details":{"error":"name 'client' is not defined","raw_payload":"{\"x\": -0.02, \"y\": -0.16, \"z\": 1.056, \"ts\": 1776896539.9936192}","sample_ts":1776896539.9936,"topic":"sensors/adxl345/raw"},"device":"rpi-9a2f6ea2e358535b","event":"MQTT_PUBLISH_FAILED","level":"ERROR","seq":156,"sig":"a2cab8beb5a69ec4","ts":"2026-04-22T22:22:20.035535+00:00"}
{"category":"NETWORK","details":{"error":"name 'client' is not defined","raw_payload":"{\"x\": -0.028, \"y\": -0.16, \"z\": 1.048, \"ts\": 1776896540.0036192}","sample_ts":1776896540.0036,"topic":"sensors/adxl345/raw"},"device":"rpi-9a2f6ea2e358535b","event":"MQTT_PUBLISH_FAILED","level":"ERROR","seq":157,"sig":"cd71bb3a8763ac6f","ts":"2026-04-22T22:22:20.035606+00:00"}
{"category":"NETWORK","details":{"error":"name 'client' is not defined","raw_payload":"{\"x\": -0.012, \"y\": -0.168, \"z\": 1.06, \"ts\": 1776896540.0136192}","sample_ts":1776896540.0136,"topic":"sensors/adxl345/raw"},"device":"rpi-9a2f6ea2e358535b","event":"MQTT_PUBLISH_FAILED","level":"ERROR","seq":158,"sig":"6e09c5ec35fc9cbd","ts":"2026-04-22T22:22:20.035678+00:00"}
{"category":"NETWORK","details":{"error":"name 'client' is not defined","raw_payload":"{\"x\": -0.008, \"y\": -0.156, \"z\": 1.04, \"ts\": 1776896540.0236192}","sample_ts":1776896540.0236,"topic":"sensors/adxl345/raw"},"device":"rpi-9a2f6ea2e358535b","event":"MQTT_PUBLISH_FAILED","level":"ERROR","seq":159,"sig":"c648f8eccf58f883","ts":"2026-04-22T22:22:20.035748+00:00"}
{"category":"SENSOR","details":{"batch_ts":1776896540.2836,"sample_count":25},"device":"rpi-9a2f6ea2e358535b","event":"FIFO_READ","level":"INFO","seq":160,"sig":"df7bd84361d62810","ts":"2026-04-22T22:22:20.283633+00:00"}
{"category":"NETWORK","details":{"error":"name 'client' is not defined","raw_payload":"{\"x\": -0.008, \"y\": -0.16, \"z\": 1.048, \"ts\": 1776896540.0336244}","sample_ts":1776896540.0336,"topic":"sensors/adxl345/raw"},"device":"rpi-9a2f6ea2e358535b","event":"MQTT_PUBLISH_FAILED","level":"ERROR","seq":161,"sig":"90a3af950f68aa33","ts":"2026-04-22T22:22:20.283823+00:00"}
{"category":"NETWORK","details":{"error":"name 'client' is not defined","raw_payload":"{\"x\": -0.028, \"y\": -0.152, \"z\": 1.044, \"ts\": 1776896540.0436244}","sample_ts":1776896540.0436,"topic":"sensors/adxl345/raw"},"device":"rpi-9a2f6ea2e358535b","event":"MQTT_PUBLISH_FAILED","level":"ERROR","seq":162,"sig":"58b59d74c6fee18b","ts":"2026-04-22T22:22:20.283969+00:00"}
{"category":"NETWORK","details":{"error":"name 'client' is not defined","raw_payload":"{\"x\": -0.008, \"y\": -0.14, \"z\": 1.048, \"ts\": 1776896540.0536244}","sample_ts":1776896540.0536,"topic":"sensors/adxl345/raw"},"device":"rpi-9a2f6ea2e358535b","event":"MQTT_PUBLISH_FAILED","level":"ERROR","seq":163,"sig":"04b403137323c9f9","ts":"2026-04-22T22:22:20.284086+00:00"}
{"category":"NETWORK","details":{"error":"name 'client' is not defined","raw_payload":"{\"x\": -0.012, \"y\": -0.136, \"z\": 1.056, \"ts\": 1776896540.0636244}","sample_ts":1776896540.0636,"topic":"sensors/adxl345/raw"},"device":"rpi-9a2f6ea2e358535b","event":"MQTT_PUBLISH_FAILED","level":"ERROR","seq":164,"sig":"a07db51444989587","ts":"2026-04-22T22:22:20.284208+00:00"}
{"category":"NETWORK","details":{"error":"name 'client' is not defined","raw_payload":"{\"x\": -0.004, \"y\": -0.164, \"z\": 1.064, \"ts\": 1776896540.0736244}","sample_ts":1776896540.0736,"topic":"sensors/adxl345/raw"},"device":"rpi-9a2f6ea2e358535b","event":"MQTT_PUBLISH_FAILED","level":"ERROR","seq":165,"sig":"ef53a1051a4302c0","ts":"2026-04-22T22:22:20.284319+00:00"}
{"category":"NETWORK","details":{"error":"name 'client' is not defined","raw_payload":"{\"x\": -0.008, \"y\": -0.152, \"z\": 1.056, \"ts\": 1776896540.0836244}","sample_ts":1776896540.0836,"topic":"sensors/adxl345/raw"},"device":"rpi-9a2f6ea2e358535b","event":"MQTT_PUBLISH_FAILED","level":"ERROR","seq":166,"sig":"279bbab4463e9e75","ts":"2026-04-22T22:22:20.284417+00:00"}
{"category":"NETWORK","details":{"error":"name 'client' is not defined","raw_payload":"{\"x\": -0.016, \"y\": -0.152, \"z\": 1.056, \"ts\": 1776896540.0936244}","sample_ts":1776896540.0936,"topic":"sensors/adxl345/raw"},"device":"rpi-9a2f6ea2e358535b","event":"MQTT_PUBLISH_FAILED","level":"ERROR","seq":167,"sig":"333fafdc16227a3f","ts":"2026-04-22T22:22:20.284517+00:00"}
{"category":"NETWORK","details":{"error":"name 'client' is not defined","raw_payload":"{\"x\": -0.032, \"y\": -0.156, \"z\": 1.052, \"ts\": 1776896540.1036243}","sample_ts":1776896540.1036,"topic":"sensors/adxl345/raw"},"device":"rpi-9a2f6ea2e358535b","event":"MQTT_PUBLISH_FAILED","level":"ERROR","seq":168,"sig":"de2b20917e60cb6c","ts":"2026-04-22T22:22:20.284615+00:00"}
{"category":"NETWORK","details":{"error":"name 'client' is not defined","raw_payload":"{\"x\": -0.02, \"y\": -0.16, \"z\": 1.048, \"ts\": 1776896540.1136243}","sample_ts":1776896540.1136,"topic":"sensors/adxl345/raw"},"device":"rpi-9a2f6ea2e358535b","event":"MQTT_PUBLISH_FAILED","level":"ERROR","seq":169,"sig":"c9d975a65066ab2b","ts":"2026-04-22T22:22:20.284734+00:00"}
{"category":"NETWORK","details":{"error":"name 'client' is not defined","raw_payload":"{\"x\": -0.02, \"y\": -0.176, \"z\": 1.064, \"ts\": 1776896540.1236243}","sample_ts":1776896540.1236,"topic":"sensors/adxl345/raw"},"device":"rpi-9a2f6ea2e358535b","event":"MQTT_PUBLISH_FAILED","level":"ERROR","seq":170,"sig":"336d30a28c580bb2","ts":"2026-04-22T22:22:20.284833+00:00"}
{"category":"NETWORK","details":{"error":"name 'client' is not defined","raw_payload":"{\"x\": -0.012, \"y\": -0.168, \"z\": 1.056, \"ts\": 1776896540.1336243}","sample_ts":1776896540.1336,"topic":"sensors/adxl345/raw"},"device":"rpi-9a2f6ea2e358535b","event":"MQTT_PUBLISH_FAILED","level":"ERROR","seq":171,"sig":"de09be70e8dc4c0c","ts":"2026-04-22T22:22:20.284924+00:00"}
{"category":"NETWORK","details":{"error":"name 'client' is not defined","raw_payload":"{\"x\": -0.016, \"y\": -0.156, \"z\": 1.052, \"ts\": 1776896540.1436243}","sample_ts":1776896540.1436,"topic":"sensors/adxl345/raw"},"device":"rpi-9a2f6ea2e358535b","event":"MQTT_PUBLISH_FAILED","level":"ERROR","seq":172,"sig":"e325bb4b51b2c9eb","ts":"2026-04-22T22:22:20.285014+00:00"}
{"category":"NETWORK","details":{"error":"name 'client' is not defined","raw_payload":"{\"x\": -0.004, \"y\": -0.156, \"z\": 1.068, \"ts\": 1776896540.1536243}","sample_ts":1776896540.1536,"topic":"sensors/adxl345/raw"},"device":"rpi-9a2f6ea2e358535b","event":"MQTT_PUBLISH_FAILED","level":"ERROR","seq":173,"sig":"c2df81e6e9afc7b1","ts":"2026-04-22T22:22:20.285104+00:00"}
{"category":"NETWORK","details":{"error":"name 'client' is not defined","raw_payload":"{\"x\": -0.02, \"y\": -0.164, \"z\": 1.044, \"ts\": 1776896540.1636245}","sample_ts":1776896540.1636,"topic":"sensors/adxl345/raw"},"device":"rpi-9a2f6ea2e358535b","event":"MQTT_PUBLISH_FAILED","level":"ERROR","seq":174,"sig":"68befe2cefa7eb56","ts":"2026-04-22T22:22:20.285193+00:00"}
{"category":"NETWORK","details":{"error":"name 'client' is not defined","raw_payload":"{\"x\": -0.02, \"y\": -0.164, \"z\": 1.06, \"ts\": 1776896540.1736245}","sample_ts":1776896540.1736,"topic":"sensors/adxl345/raw"},"device":"rpi-9a2f6ea2e358535b","event":"MQTT_PUBLISH_FAILED","level":"ERROR","seq":175,"sig":"2d5edfb23244990b","ts":"2026-04-22T22:22:20.285287+00:00"}
{"category":"NETWORK","details":{"error":"name 'client' is not defined","raw_payload":"{\"x\": -0.012, \"y\": -0.164, \"z\": 1.068, \"ts\": 1776896540.1836245}","sample_ts":1776896540.1836,"topic":"sensors/adxl345/raw"},"device":"rpi-9a2f6ea2e358535b","event":"MQTT_PUBLISH_FAILED","level":"ERROR","seq":176,"sig":"52b3095fa6081dd5","ts":"2026-04-22T22:22:20.285379+00:00"}
{"category":"NETWORK","details":{"error":"name 'client' is not defined","raw_payload":"{\"x\": 0.004, \"y\": -0.164, \"z\": 1.064, \"ts\": 1776896540.1936245}","sample_ts":1776896540.1936,"topic":"sensors/adxl345/raw"},"device":"rpi-9a2f6ea2e358535b","event":"MQTT_PUBLISH_FAILED","level":"ERROR","seq":177,"sig":"6b1c99c7f93583e6","ts":"2026-04-22T22:22:20.285469+00:00"}
{"category":"NETWORK","details":{"error":"name 'client' is not defined","raw_payload":"{\"x\": -0.02, \"y\": -0.168, \"z\": 1.064, \"ts\": 1776896540.2036245}","sample_ts":1776896540.2036,"topic":"sensors/adxl345/raw"},"device":"rpi-9a2f6ea2e358535b","event":"MQTT_PUBLISH_FAILED","level":"ERROR","seq":178,"sig":"5f6f8eb672140691","ts":"2026-04-22T22:22:20.285558+00:00"}
{"category":"NETWORK","details":{"error":"name 'client' is not defined","raw_payload":"{\"x\": -0.008, \"y\": -0.168, \"z\": 1.052, \"ts\": 1776896540.2136245}","sample_ts":1776896540.2136,"topic":"sensors/adxl345/raw"},"device":"rpi-9a2f6ea2e358535b","event":"MQTT_PUBLISH_FAILED","level":"ERROR","seq":179,"sig":"99db5b02f9a5d0bc","ts":"2026-04-22T22:22:20.285647+00:00"}
{"category":"NETWORK","details":{"error":"name 'client' is not defined","raw_payload":"{\"x\": -0.012, \"y\": -0.156, \"z\": 1.064, \"ts\": 1776896540.2236245}","sample_ts":1776896540.2236,"topic":"sensors/adxl345/raw"},"device":"rpi-9a2f6ea2e358535b","event":"MQTT_PUBLISH_FAILED","level":"ERROR","seq":180,"sig":"5af72ebbd1847be3","ts":"2026-04-22T22:22:20.285734+00:00"}
{"category":"NETWORK","details":{"error":"name 'client' is not defined","raw_payload":"{\"x\": -0.008, \"y\": -0.16, \"z\": 1.064, \"ts\": 1776896540.2336245}","sample_ts":1776896540.2336,"topic":"sensors/adxl345/raw"},"device":"rpi-9a2f6ea2e358535b","event":"MQTT_PUBLISH_FAILED","level":"ERROR","seq":181,"sig":"e8f12bc65111f260","ts":"2026-04-22T22:22:20.285822+00:00"}
{"category":"NETWORK","details":{"error":"name 'client' is not defined","raw_payload":"{\"x\": -0.012, \"y\": -0.16, \"z\": 1.04, \"ts\": 1776896540.2436244}","sample_ts":1776896540.2436,"topic":"sensors/adxl345/raw"},"device":"rpi-9a2f6ea2e358535b","event":"MQTT_PUBLISH_FAILED","level":"ERROR","seq":182,"sig":"2c4065c0e3d755b2","ts":"2026-04-22T22:22:20.285909+00:00"}
{"category":"NETWORK","details":{"error":"name 'client' is not defined","raw_payload":"{\"x\": -0.02, \"y\": -0.156, \"z\": 1.048, \"ts\": 1776896540.2536244}","sample_ts":1776896540.2536,"topic":"sensors/adxl345/raw"},"device":"rpi-9a2f6ea2e358535b","event":"MQTT_PUBLISH_FAILED","level":"ERROR","seq":183,"sig":"c9424489dccb9b8b","ts":"2026-04-22T22:22:20.285996+00:00"}
{"category":"NETWORK","details":{"error":"name 'client' is not defined","raw_payload":"{\"x\": -0.02, \"y\": -0.176, \"z\": 1.06, \"ts\": 1776896540.2636244}","sample_ts":1776896540.2636,"topic":"sensors/adxl345/raw"},"device":"rpi-9a2f6ea2e358535b","event":"MQTT_PUBLISH_FAILED","level":"ERROR","seq":184,"sig":"35f70eb344a29c3d","ts":"2026-04-22T22:22:20.286083+00:00"}
{"category":"NETWORK","details":{"error":"name 'client' is not defined","raw_payload":"{\"x\": -0.012, \"y\": -0.156, \"z\": 1.076, \"ts\": 1776896540.2736244}","sample_ts":1776896540.2736,"topic":"sensors/adxl345/raw"},"device":"rpi-9a2f6ea2e358535b","event":"MQTT_PUBLISH_FAILED","level":"ERROR","seq":185,"sig":"9b59939a8a87172f","ts":"2026-04-22T22:22:20.286170+00:00"}
{"category":"SENSOR","details":{"batch_ts":1776896540.5336,"sample_count":25},"device":"rpi-9a2f6ea2e358535b","event":"FIFO_READ","level":"INFO","seq":186,"sig":"d257079082834021","ts":"2026-04-22T22:22:20.533604+00:00"}
{"category":"NETWORK","details":{"error":"name 'client' is not defined","raw_payload":"{\"x\": -0.008, \"y\": -0.144, \"z\": 1.064, \"ts\": 1776896540.283599}","sample_ts":1776896540.2836,"topic":"sensors/adxl345/raw"},"device":"rpi-9a2f6ea2e358535b","event":"MQTT_PUBLISH_FAILED","level":"ERROR","seq":187,"sig":"1f978c3b43c86676","ts":"2026-04-22T22:22:20.533742+00:00"}
{"category":"NETWORK","details":{"error":"name 'client' is not defined","raw_payload":"{\"x\": 0.004, \"y\": -0.164, \"z\": 1.052, \"ts\": 1776896540.293599}","sample_ts":1776896540.2936,"topic":"sensors/adxl345/raw"},"device":"rpi-9a2f6ea2e358535b","event":"MQTT_PUBLISH_FAILED","level":"ERROR","seq":188,"sig":"b9504df936245926","ts":"2026-04-22T22:22:20.533870+00:00"}
{"category":"NETWORK","details":{"error":"name 'client' is not defined","raw_payload":"{\"x\": -0.012, \"y\": -0.14, \"z\": 1.04, \"ts\": 1776896540.3035989}","sample_ts":1776896540.3036,"topic":"sensors/adxl345/raw"},"device":"rpi-9a2f6ea2e358535b","event":"MQTT_PUBLISH_FAILED","level":"ERROR","seq":189,"sig":"cfad4aed1a4fbc72","ts":"2026-04-22T22:22:20.533980+00:00"}
{"category":"NETWORK","details":{"error":"name 'client' is not defined","raw_payload":"{\"x\": -0.004, \"y\": -0.132, \"z\": 1.076, \"ts\": 1776896540.3135989}","sample_ts":1776896540.3136,"topic":"sensors/adxl345/raw"},"device":"rpi-9a2f6ea2e358535b","event":"MQTT_PUBLISH_FAILED","level":"ERROR","seq":190,"sig":"81010c8bc89ab201","ts":"2026-04-22T22:22:20.534078+00:00"}
{"category":"NETWORK","details":{"error":"name 'client' is not defined","raw_payload":"{\"x\": -0.012, \"y\": -0.152, \"z\": 1.076, \"ts\": 1776896540.3235989}","sample_ts":1776896540.3236,"topic":"sensors/adxl345/raw"},"device":"rpi-9a2f6ea2e358535b","event":"MQTT_PUBLISH_FAILED","level":"ERROR","seq":191,"sig":"382dc076d07b502c","ts":"2026-04-22T22:22:20.534174+00:00"}
{"category":"NETWORK","details":{"error":"name 'client' is not defined","raw_payload":"{\"x\": -0.004, \"y\": -0.16, \"z\": 1.056, \"ts\": 1776896540.3335989}","sample_ts":1776896540.3336,"topic":"sensors/adxl345/raw"},"device":"rpi-9a2f6ea2e358535b","event":"MQTT_PUBLISH_FAILED","level":"ERROR","seq":192,"sig":"efc860556e42d036","ts":"2026-04-22T22:22:20.534271+00:00"}
{"category":"NETWORK","details":{"error":"name 'client' is not defined","raw_payload":"{\"x\": -0.004, \"y\": -0.148, \"z\": 1.052, \"ts\": 1776896540.3435988}","sample_ts":1776896540.3436,"topic":"sensors/adxl345/raw"},"device":"rpi-9a2f6ea2e358535b","event":"MQTT_PUBLISH_FAILED","level":"ERROR","seq":193,"sig":"8f9571d225cc1755","ts":"2026-04-22T22:22:20.534364+00:00"}
{"category":"NETWORK","details":{"error":"name 'client' is not defined","raw_payload":"{\"x\": -0.012, \"y\": -0.148, \"z\": 1.044, \"ts\": 1776896540.3535988}","sample_ts":1776896540.3536,"topic":"sensors/adxl345/raw"},"device":"rpi-9a2f6ea2e358535b","event":"MQTT_PUBLISH_FAILED","level":"ERROR","seq":194,"sig":"ad4a6c0c78dc7aa2","ts":"2026-04-22T22:22:20.534453+00:00"}
{"category":"NETWORK","details":{"error":"name 'client' is not defined","raw_payload":"{\"x\": 0.0, \"y\": -0.16, \"z\": 1.056, \"ts\": 1776896540.3635988}","sample_ts":1776896540.3636,"topic":"sensors/adxl345/raw"},"device":"rpi-9a2f6ea2e358535b","event":"MQTT_PUBLISH_FAILED","level":"ERROR","seq":195,"sig":"256438025a6753c3","ts":"2026-04-22T22:22:20.534545+00:00"}
{"category":"NETWORK","details":{"error":"name 'client' is not defined","raw_payload":"{\"x\": 0.0, \"y\": -0.152, \"z\": 1.04, \"ts\": 1776896540.3735988}","sample_ts":1776896540.3736,"topic":"sensors/adxl345/raw"},"device":"rpi-9a2f6ea2e358535b","event":"MQTT_PUBLISH_FAILED","level":"ERROR","seq":196,"sig":"969e28515cf9825d","ts":"2026-04-22T22:22:20.534633+00:00"}
{"category":"NETWORK","details":{"error":"name 'client' is not defined","raw_payload":"{\"x\": 0.004, \"y\": -0.164, \"z\": 1.036, \"ts\": 1776896540.3835988}","sample_ts":1776896540.3836,"topic":"sensors/adxl345/raw"},"device":"rpi-9a2f6ea2e358535b","event":"MQTT_PUBLISH_FAILED","level":"ERROR","seq":197,"sig":"8942174083bbc763","ts":"2026-04-22T22:22:20.534727+00:00"}
{"category":"NETWORK","details":{"error":"name 'client' is not defined","raw_payload":"{\"x\": -0.008, \"y\": -0.172, \"z\": 1.048, \"ts\": 1776896540.3935988}","sample_ts":1776896540.3936,"topic":"sensors/adxl345/raw"},"device":"rpi-9a2f6ea2e358535b","event":"MQTT_PUBLISH_FAILED","level":"ERROR","seq":198,"sig":"d9c0f87b1787234d","ts":"2026-04-22T22:22:20.534817+00:00"}
{"category":"NETWORK","details":{"error":"name 'client' is not defined","raw_payload":"{\"x\": -0.012, \"y\": -0.164, \"z\": 1.052, \"ts\": 1776896540.4035988}","sample_ts":1776896540.4036,"topic":"sensors/adxl345/raw"},"device":"rpi-9a2f6ea2e358535b","event":"MQTT_PUBLISH_FAILED","level":"ERROR","seq":199,"sig":"b37a2df979417ac0","ts":"2026-04-22T22:22:20.534906+00:00"}
{"category":"NETWORK","details":{"error":"name 'client' is not defined","raw_payload":"{\"x\": -0.016, \"y\": -0.168, \"z\": 1.04, \"ts\": 1776896540.413599}","sample_ts":1776896540.4136,"topic":"sensors/adxl345/raw"},"device":"rpi-9a2f6ea2e358535b","event":"MQTT_PUBLISH_FAILED","level":"ERROR","seq":200,"sig":"6a5ea07c34876054","ts":"2026-04-22T22:22:20.534995+00:00"}
{"category":"NETWORK","details":{"error":"name 'client' is not defined","raw_payload":"{\"x\": -0.012, \"y\": -0.152, \"z\": 1.048, \"ts\": 1776896540.423599}","sample_ts":1776896540.4236,"topic":"sensors/adxl345/raw"},"device":"rpi-9a2f6ea2e358535b","event":"MQTT_PUBLISH_FAILED","level":"ERROR","seq":201,"sig":"8accae68966614c8","ts":"2026-04-22T22:22:20.535085+00:00"}
{"category":"NETWORK","details":{"error":"name 'client' is not defined","raw_payload":"{\"x\": -0.016, \"y\": -0.16, \"z\": 1.044, \"ts\": 1776896540.433599}","sample_ts":1776896540.4336,"topic":"sensors/adxl345/raw"},"device":"rpi-9a2f6ea2e358535b","event":"MQTT_PUBLISH_FAILED","level":"ERROR","seq":202,"sig":"e938e3d19464551c","ts":"2026-04-22T22:22:20.535173+00:00"}
{"category":"NETWORK","details":{"error":"name 'client' is not defined","raw_payload":"{\"x\": -0.028, \"y\": -0.148, \"z\": 1.036, \"ts\": 1776896540.443599}","sample_ts":1776896540.4436,"topic":"sensors/adxl345/raw"},"device":"rpi-9a2f6ea2e358535b","event":"MQTT_PUBLISH_FAILED","level":"ERROR","seq":203,"sig":"b9c66def032cd54f","ts":"2026-04-22T22:22:20.535260+00:00"}
{"category":"NETWORK","details":{"error":"name 'client' is not defined","raw_payload":"{\"x\": 0.02, \"y\": -0.136, \"z\": 1.064, \"ts\": 1776896540.453599}","sample_ts":1776896540.4536,"topic":"sensors/adxl345/raw"},"device":"rpi-9a2f6ea2e358535b","event":"MQTT_PUBLISH_FAILED","level":"ERROR","seq":204,"sig":"e58fe94d585a0ab5","ts":"2026-04-22T22:22:20.535347+00:00"}
{"category":"NETWORK","details":{"error":"name 'client' is not defined","raw_payload":"{\"x\": -0.024, \"y\": -0.164, \"z\": 1.056, \"ts\": 1776896540.463599}","sample_ts":1776896540.4636,"topic":"sensors/adxl345/raw"},"device":"rpi-9a2f6ea2e358535b","event":"MQTT_PUBLISH_FAILED","level":"ERROR","seq":205,"sig":"891dcaabe4f79991","ts":"2026-04-22T22:22:20.535435+00:00"}
{"category":"NETWORK","details":{"error":"name 'client' is not defined","raw_payload":"{\"x\": 0.0, \"y\": -0.156, \"z\": 1.064, \"ts\": 1776896540.473599}","sample_ts":1776896540.4736,"topic":"sensors/adxl345/raw"},"device":"rpi-9a2f6ea2e358535b","event":"MQTT_PUBLISH_FAILED","level":"ERROR","seq":206,"sig":"71b1dbe831e7a4d8","ts":"2026-04-22T22:22:20.535522+00:00"}
{"category":"NETWORK","details":{"error":"name 'client' is not defined","raw_payload":"{\"x\": -0.008, \"y\": -0.156, \"z\": 1.056, \"ts\": 1776896540.483599}","sample_ts":1776896540.4836,"topic":"sensors/adxl345/raw"},"device":"rpi-9a2f6ea2e358535b","event":"MQTT_PUBLISH_FAILED","level":"ERROR","seq":207,"sig":"97634cc603b6f7b5","ts":"2026-04-22T22:22:20.535610+00:00"}
{"category":"NETWORK","details":{"error":"name 'client' is not defined","raw_payload":"{\"x\": -0.004, \"y\": -0.16, \"z\": 1.06, \"ts\": 1776896540.493599}","sample_ts":1776896540.4936,"topic":"sensors/adxl345/raw"},"device":"rpi-9a2f6ea2e358535b","event":"MQTT_PUBLISH_FAILED","level":"ERROR","seq":208,"sig":"fffdd017a583e65b","ts":"2026-04-22T22:22:20.535706+00:00"}
{"category":"NETWORK","details":{"error":"name 'client' is not defined","raw_payload":"{\"x\": -0.016, \"y\": -0.148, \"z\": 1.06, \"ts\": 1776896540.503599}","sample_ts":1776896540.5036,"topic":"sensors/adxl345/raw"},"device":"rpi-9a2f6ea2e358535b","event":"MQTT_PUBLISH_FAILED","level":"ERROR","seq":209,"sig":"579cccc3b57ad1eb","ts":"2026-04-22T22:22:20.535795+00:00"}
{"category":"NETWORK","details":{"error":"name 'client' is not defined","raw_payload":"{\"x\": -0.024, \"y\": -0.148, \"z\": 1.048, \"ts\": 1776896540.513599}","sample_ts":1776896540.5136,"topic":"sensors/adxl345/raw"},"device":"rpi-9a2f6ea2e358535b","event":"MQTT_PUBLISH_FAILED","level":"ERROR","seq":210,"sig":"37eda4b734212bbb","ts":"2026-04-22T22:22:20.535881+00:00"}
{"category":"NETWORK","details":{"error":"name 'client' is not defined","raw_payload":"{\"x\": -0.012, \"y\": -0.16, \"z\": 1.044, \"ts\": 1776896540.523599}","sample_ts":1776896540.5236,"topic":"sensors/adxl345/raw"},"device":"rpi-9a2f6ea2e358535b","event":"MQTT_PUBLISH_FAILED","level":"ERROR","seq":211,"sig":"1baca6f7f6c92b65","ts":"2026-04-22T22:22:20.535968+00:00"}
{"category":"SENSOR","details":{"batch_ts":1776896540.7836,"sample_count":25},"device":"rpi-9a2f6ea2e358535b","event":"FIFO_READ","level":"INFO","seq":212,"sig":"8d661633fed7c8cf","ts":"2026-04-22T22:22:20.783607+00:00"}
{"category":"NETWORK","details":{"error":"name 'client' is not defined","raw_payload":"{\"x\": -0.016, \"y\": -0.152, \"z\": 1.052, \"ts\": 1776896540.5336003}","sample_ts":1776896540.5336,"topic":"sensors/adxl345/raw"},"device":"rpi-9a2f6ea2e358535b","event":"MQTT_PUBLISH_FAILED","level":"ERROR","seq":213,"sig":"d1e514d01e936205","ts":"2026-04-22T22:22:20.783758+00:00"}
{"category":"NETWORK","details":{"error":"name 'client' is not defined","raw_payload":"{\"x\": -0.008, \"y\": -0.136, \"z\": 1.064, \"ts\": 1776896540.5436003}","sample_ts":1776896540.5436,"topic":"sensors/adxl345/raw"},"device":"rpi-9a2f6ea2e358535b","event":"MQTT_PUBLISH_FAILED","level":"ERROR","seq":214,"sig":"13b7e0c2f1baf817","ts":"2026-04-22T22:22:20.783881+00:00"}
{"category":"NETWORK","details":{"error":"name 'client' is not defined","raw_payload":"{\"x\": 0.0, \"y\": -0.144, \"z\": 1.036, \"ts\": 1776896540.5536003}","sample_ts":1776896540.5536,"topic":"sensors/adxl345/raw"},"device":"rpi-9a2f6ea2e358535b","event":"MQTT_PUBLISH_FAILED","level":"ERROR","seq":215,"sig":"02f710dec8e79e23","ts":"2026-04-22T22:22:20.783983+00:00"}
{"category":"NETWORK","details":{"error":"name 'client' is not defined","raw_payload":"{\"x\": -0.012, \"y\": -0.148, \"z\": 1.068, \"ts\": 1776896540.5636003}","sample_ts":1776896540.5636,"topic":"sensors/adxl345/raw"},"device":"rpi-9a2f6ea2e358535b","event":"MQTT_PUBLISH_FAILED","level":"ERROR","seq":216,"sig":"339412f393004eec","ts":"2026-04-22T22:22:20.784080+00:00"}
{"category":"NETWORK","details":{"error":"name 'client' is not defined","raw_payload":"{\"x\": -0.008, \"y\": -0.168, \"z\": 1.044, \"ts\": 1776896540.5736003}","sample_ts":1776896540.5736,"topic":"sensors/adxl345/raw"},"device":"rpi-9a2f6ea2e358535b","event":"MQTT_PUBLISH_FAILED","level":"ERROR","seq":217,"sig":"100d6f53cd1c7b49","ts":"2026-04-22T22:22:20.784172+00:00"}
{"category":"NETWORK","details":{"error":"name 'client' is not defined","raw_payload":"{\"x\": -0.008, \"y\": -0.156, \"z\": 1.04, \"ts\": 1776896540.5836003}","sample_ts":1776896540.5836,"topic":"sensors/adxl345/raw"},"device":"rpi-9a2f6ea2e358535b","event":"MQTT_PUBLISH_FAILED","level":"ERROR","seq":218,"sig":"cbd86c32c5734ef7","ts":"2026-04-22T22:22:20.784263+00:00"}
{"category":"NETWORK","details":{"error":"name 'client' is not defined","raw_payload":"{\"x\": -0.012, \"y\": -0.148, \"z\": 1.044, \"ts\": 1776896540.5936003}","sample_ts":1776896540.5936,"topic":"sensors/adxl345/raw"},"device":"rpi-9a2f6ea2e358535b","event":"MQTT_PUBLISH_FAILED","level":"ERROR","seq":219,"sig":"63b5cc5ea5923b28","ts":"2026-04-22T22:22:20.784352+00:00"}
{"category":"NETWORK","details":{"error":"name 'client' is not defined","raw_payload":"{\"x\": 0.0, \"y\": -0.172, \"z\": 1.056, \"ts\": 1776896540.6036003}","sample_ts":1776896540.6036,"topic":"sensors/adxl345/raw"},"device":"rpi-9a2f6ea2e358535b","event":"MQTT_PUBLISH_FAILED","level":"ERROR","seq":220,"sig":"d98ab5dec9fcd89f","ts":"2026-04-22T22:22:20.784451+00:00"}
{"category":"NETWORK","details":{"error":"name 'client' is not defined","raw_payload":"{\"x\": -0.008, \"y\": -0.152, \"z\": 1.056, \"ts\": 1776896540.6136003}","sample_ts":1776896540.6136,"topic":"sensors/adxl345/raw"},"device":"rpi-9a2f6ea2e358535b","event":"MQTT_PUBLISH_FAILED","level":"ERROR","seq":221,"sig":"d03c64ee3b3c618f","ts":"2026-04-22T22:22:20.784544+00:00"}
{"category":"NETWORK","details":{"error":"name 'client' is not defined","raw_payload":"{\"x\": -0.016, \"y\": -0.164, \"z\": 1.056, \"ts\": 1776896540.6236002}","sample_ts":1776896540.6236,"topic":"sensors/adxl345/raw"},"device":"rpi-9a2f6ea2e358535b","event":"MQTT_PUBLISH_FAILED","level":"ERROR","seq":222,"sig":"82e5b182f2ee9b95","ts":"2026-04-22T22:22:20.784644+00:00"}
{"category":"NETWORK","details":{"error":"name 'client' is not defined","raw_payload":"{\"x\": -0.016, \"y\": -0.148, \"z\": 1.06, \"ts\": 1776896540.6336002}","sample_ts":1776896540.6336,"topic":"sensors/adxl345/raw"},"device":"rpi-9a2f6ea2e358535b","event":"MQTT_PUBLISH_FAILED","level":"ERROR","seq":223,"sig":"cc29334f23666107","ts":"2026-04-22T22:22:20.784743+00:00"}
{"category":"NETWORK","details":{"error":"name 'client' is not defined","raw_payload":"{\"x\": -0.028, \"y\": -0.136, \"z\": 1.048, \"ts\": 1776896540.6436002}","sample_ts":1776896540.6436,"topic":"sensors/adxl345/raw"},"device":"rpi-9a2f6ea2e358535b","event":"MQTT_PUBLISH_FAILED","level":"ERROR","seq":224,"sig":"98082961b8ff5f38","ts":"2026-04-22T22:22:20.784833+00:00"}
{"category":"NETWORK","details":{"error":"name 'client' is not defined","raw_payload":"{\"x\": -0.016, \"y\": -0.164, \"z\": 1.044, \"ts\": 1776896540.6536002}","sample_ts":1776896540.6536,"topic":"sensors/adxl345/raw"},"device":"rpi-9a2f6ea2e358535b","event":"MQTT_PUBLISH_FAILED","level":"ERROR","seq":225,"sig":"dbaa89cbe116a0d2","ts":"2026-04-22T22:22:20.784920+00:00"}
{"category":"NETWORK","details":{"error":"name 'client' is not defined","raw_payload":"{\"x\": -0.032, \"y\": -0.16, \"z\": 1.048, \"ts\": 1776896540.6636004}","sample_ts":1776896540.6636,"topic":"sensors/adxl345/raw"},"device":"rpi-9a2f6ea2e358535b","event":"MQTT_PUBLISH_FAILED","level":"ERROR","seq":226,"sig":"dfe98eaa1091168a","ts":"2026-04-22T22:22:20.785007+00:00"}
{"category":"NETWORK","details":{"error":"name 'client' is not defined","raw_payload":"{\"x\": 0.004, \"y\": -0.168, \"z\": 1.052, \"ts\": 1776896540.6736004}","sample_ts":1776896540.6736,"topic":"sensors/adxl345/raw"},"device":"rpi-9a2f6ea2e358535b","event":"MQTT_PUBLISH_FAILED","level":"ERROR","seq":227,"sig":"f7f4cd3caf83bb1d","ts":"2026-04-22T22:22:20.785094+00:00"}
{"category":"NETWORK","details":{"error":"name 'client' is not defined","raw_payload":"{\"x\": -0.024, \"y\": -0.148, \"z\": 1.048, \"ts\": 1776896540.6836004}","sample_ts":1776896540.6836,"topic":"sensors/adxl345/raw"},"device":"rpi-9a2f6ea2e358535b","event":"MQTT_PUBLISH_FAILED","level":"ERROR","seq":228,"sig":"ab1faa4f42e815ce","ts":"2026-04-22T22:22:20.785182+00:00"}
{"category":"NETWORK","details":{"error":"name 'client' is not defined","raw_payload":"{\"x\": -0.02, \"y\": -0.132, \"z\": 1.036, \"ts\": 1776896540.6936004}","sample_ts":1776896540.6936,"topic":"sensors/adxl345/raw"},"device":"rpi-9a2f6ea2e358535b","event":"MQTT_PUBLISH_FAILED","level":"ERROR","seq":229,"sig":"26c2bccab55958b0","ts":"2026-04-22T22:22:20.785268+00:00"}
{"category":"NETWORK","details":{"error":"name 'client' is not defined","raw_payload":"{\"x\": -0.02, \"y\": -0.164, \"z\": 1.056, \"ts\": 1776896540.7036004}","sample_ts":1776896540.7036,"topic":"sensors/adxl345/raw"},"device":"rpi-9a2f6ea2e358535b","event":"MQTT_PUBLISH_FAILED","level":"ERROR","seq":230,"sig":"cadc4ec11ff381a6","ts":"2026-04-22T22:22:20.785354+00:00"}
{"category":"NETWORK","details":{"error":"name 'client' is not defined","raw_payload":"{\"x\": -0.012, \"y\": -0.156, \"z\": 1.048, \"ts\": 1776896540.7136004}","sample_ts":1776896540.7136,"topic":"sensors/adxl345/raw"},"device":"rpi-9a2f6ea2e358535b","event":"MQTT_PUBLISH_FAILED","level":"ERROR","seq":231,"sig":"a7778ce6ee210984","ts":"2026-04-22T22:22:20.785443+00:00"}
{"category":"NETWORK","details":{"error":"name 'client' is not defined","raw_payload":"{\"x\": -0.004, \"y\": -0.156, \"z\": 1.06, \"ts\": 1776896540.7236004}","sample_ts":1776896540.7236,"topic":"sensors/adxl345/raw"},"device":"rpi-9a2f6ea2e358535b","event":"MQTT_PUBLISH_FAILED","level":"ERROR","seq":232,"sig":"66ba6ac1cfc9eaa4","ts":"2026-04-22T22:22:20.785532+00:00"}
{"category":"NETWORK","details":{"error":"name 'client' is not defined","raw_payload":"{\"x\": -0.008, \"y\": -0.16, \"z\": 1.04, \"ts\": 1776896540.7336004}","sample_ts":1776896540.7336,"topic":"sensors/adxl345/raw"},"device":"rpi-9a2f6ea2e358535b","event":"MQTT_PUBLISH_FAILED","level":"ERROR","seq":233,"sig":"f89a53c73af0ac6c","ts":"2026-04-22T22:22:20.785619+00:00"}
{"category":"NETWORK","details":{"error":"name 'client' is not defined","raw_payload":"{\"x\": -0.02, \"y\": -0.14, \"z\": 1.012, \"ts\": 1776896540.7436004}","sample_ts":1776896540.7436,"topic":"sensors/adxl345/raw"},"device":"rpi-9a2f6ea2e358535b","event":"MQTT_PUBLISH_FAILED","level":"ERROR","seq":234,"sig":"02ae3c72f7dc5910","ts":"2026-04-22T22:22:20.785706+00:00"}
{"category":"NETWORK","details":{"error":"name 'client' is not defined","raw_payload":"{\"x\": -0.008, \"y\": -0.16, \"z\": 1.068, \"ts\": 1776896540.7536004}","sample_ts":1776896540.7536,"topic":"sensors/adxl345/raw"},"device":"rpi-9a2f6ea2e358535b","event":"MQTT_PUBLISH_FAILED","level":"ERROR","seq":235,"sig":"0c9ae99c52bc6c44","ts":"2026-04-22T22:22:20.785791+00:00"}
{"category":"NETWORK","details":{"error":"name 'client' is not defined","raw_payload":"{\"x\": 0.0, \"y\": -0.152, \"z\": 1.06, \"ts\": 1776896540.7636003}","sample_ts":1776896540.7636,"topic":"sensors/adxl345/raw"},"device":"rpi-9a2f6ea2e358535b","event":"MQTT_PUBLISH_FAILED","level":"ERROR","seq":236,"sig":"18f103d6c0ccb222","ts":"2026-04-22T22:22:20.785878+00:00"}
{"category":"NETWORK","details":{"error":"name 'client' is not defined","raw_payload":"{\"x\": -0.024, \"y\": -0.144, \"z\": 1.06, \"ts\": 1776896540.7736003}","sample_ts":1776896540.7736,"topic":"sensors/adxl345/raw"},"device":"rpi-9a2f6ea2e358535b","event":"MQTT_PUBLISH_FAILED","level":"ERROR","seq":237,"sig":"55c291e24c0356e4","ts":"2026-04-22T22:22:20.785965+00:00"}
{"category":"DATA","details":{"band_hz":[4.0,7.0],"batch_ts":1776896540.7836,"x_peak_g":0.003111,"x_peak_hz":7.0,"y_peak_g":0.004829,"y_peak_hz":4.0,"z_peak_g":0.003469,"z_peak_hz":6.0},"device":"rpi-9a2f6ea2e358535b","event":"FFT_RESULT","level":"INFO","seq":238,"sig":"5ffbccb102abca24","ts":"2026-04-22T22:22:20.786340+00:00"}
{"category":"NETWORK","details":{"batch_ts":1776896540.7836,"error":"name 'client' is not defined","fft_payload":"{\"fft\": {\"band_hz\": [4.0, 7.0], \"x\": {\"peak_hz\": 7.0, \"peak_amp_g\": 0.003111, \"mean_amp_g\": 0.002053}, \"y\": {\"peak_hz\": 4.0, \"peak_amp_g\": 0.004829, \"mean_amp_g\": 0.002436}, \"z\": {\"peak_hz\": 6.0, \"peak_amp_g\": 0.003469, \"mean_amp_g\": 0.002013}}, \"ts\": 1776896540.7836003}","topic":"sensors/adxl345/fft"},"device":"rpi-9a2f6ea2e358535b","event":"MQTT_PUBLISH_FAILED","level":"ERROR","seq":239,"sig":"b8bea2c3909a804d","ts":"2026-04-22T22:22:20.786444+00:00"}
{"category":"SENSOR","details":{"batch_ts":1776896541.0336,"sample_count":25},"device":"rpi-9a2f6ea2e358535b","event":"FIFO_READ","level":"INFO","seq":240,"sig":"79d5d3a646340a85","ts":"2026-04-22T22:22:21.033608+00:00"}
{"category":"NETWORK","details":{"error":"name 'client' is not defined","raw_payload":"{\"x\": -0.028, \"y\": -0.156, \"z\": 1.06, \"ts\": 1776896540.783602}","sample_ts":1776896540.7836,"topic":"sensors/adxl345/raw"},"device":"rpi-9a2f6ea2e358535b","event":"MQTT_PUBLISH_FAILED","level":"ERROR","seq":241,"sig":"87dd29c86ecb049a","ts":"2026-04-22T22:22:21.033766+00:00"}
{"category":"NETWORK","details":{"error":"name 'client' is not defined","raw_payload":"{\"x\": -0.016, \"y\": -0.176, \"z\": 1.076, \"ts\": 1776896540.793602}","sample_ts":1776896540.7936,"topic":"sensors/adxl345/raw"},"device":"rpi-9a2f6ea2e358535b","event":"MQTT_PUBLISH_FAILED","level":"ERROR","seq":242,"sig":"a63982906ae307b3","ts":"2026-04-22T22:22:21.033897+00:00"}
{"category":"NETWORK","details":{"error":"name 'client' is not defined","raw_payload":"{\"x\": 0.004, \"y\": -0.152, \"z\": 1.044, \"ts\": 1776896540.803602}","sample_ts":1776896540.8036,"topic":"sensors/adxl345/raw"},"device":"rpi-9a2f6ea2e358535b","event":"MQTT_PUBLISH_FAILED","level":"ERROR","seq":243,"sig":"a695afa4572af3ff","ts":"2026-04-22T22:22:21.034009+00:00"}
{"category":"NETWORK","details":{"error":"name 'client' is not defined","raw_payload":"{\"x\": -0.012, \"y\": -0.144, \"z\": 1.06, \"ts\": 1776896540.813602}","sample_ts":1776896540.8136,"topic":"sensors/adxl345/raw"},"device":"rpi-9a2f6ea2e358535b","event":"MQTT_PUBLISH_FAILED","level":"ERROR","seq":244,"sig":"6302173541e3d7f3","ts":"2026-04-22T22:22:21.034111+00:00"}
{"category":"NETWORK","details":{"error":"name 'client' is not defined","raw_payload":"{\"x\": -0.016, \"y\": -0.148, \"z\": 1.044, \"ts\": 1776896540.823602}","sample_ts":1776896540.8236,"topic":"sensors/adxl345/raw"},"device":"rpi-9a2f6ea2e358535b","event":"MQTT_PUBLISH_FAILED","level":"ERROR","seq":245,"sig":"208414c6d747de3c","ts":"2026-04-22T22:22:21.034209+00:00"}
{"category":"NETWORK","details":{"error":"name 'client' is not defined","raw_payload":"{\"x\": -0.012, \"y\": -0.16, \"z\": 1.032, \"ts\": 1776896540.833602}","sample_ts":1776896540.8336,"topic":"sensors/adxl345/raw"},"device":"rpi-9a2f6ea2e358535b","event":"MQTT_PUBLISH_FAILED","level":"ERROR","seq":246,"sig":"e3fa9c040866a6af","ts":"2026-04-22T22:22:21.034309+00:00"}
{"category":"NETWORK","details":{"error":"name 'client' is not defined","raw_payload":"{\"x\": -0.016, \"y\": -0.164, \"z\": 1.056, \"ts\": 1776896540.843602}","sample_ts":1776896540.8436,"topic":"sensors/adxl345/raw"},"device":"rpi-9a2f6ea2e358535b","event":"MQTT_PUBLISH_FAILED","level":"ERROR","seq":247,"sig":"952776e5cfdb651a","ts":"2026-04-22T22:22:21.034405+00:00"}
{"category":"NETWORK","details":{"error":"name 'client' is not defined","raw_payload":"{\"x\": -0.016, \"y\": -0.156, \"z\": 1.068, \"ts\": 1776896540.853602}","sample_ts":1776896540.8536,"topic":"sensors/adxl345/raw"},"device":"rpi-9a2f6ea2e358535b","event":"MQTT_PUBLISH_FAILED","level":"ERROR","seq":248,"sig":"0ce39d65135190aa","ts":"2026-04-22T22:22:21.034496+00:00"}
{"category":"NETWORK","details":{"error":"name 'client' is not defined","raw_payload":"{\"x\": -0.024, \"y\": -0.164, \"z\": 1.044, \"ts\": 1776896540.863602}","sample_ts":1776896540.8636,"topic":"sensors/adxl345/raw"},"device":"rpi-9a2f6ea2e358535b","event":"MQTT_PUBLISH_FAILED","level":"ERROR","seq":249,"sig":"be9b0fca03041145","ts":"2026-04-22T22:22:21.034587+00:00"}
{"category":"NETWORK","details":{"error":"name 'client' is not defined","raw_payload":"{\"x\": -0.02, \"y\": -0.152, \"z\": 1.06, \"ts\": 1776896540.873602}","sample_ts":1776896540.8736,"topic":"sensors/adxl345/raw"},"device":"rpi-9a2f6ea2e358535b","event":"MQTT_PUBLISH_FAILED","level":"ERROR","seq":250,"sig":"615d96e9132cdb82","ts":"2026-04-22T22:22:21.034674+00:00"}
{"category":"NETWORK","details":{"error":"name 'client' is not defined","raw_payload":"{\"x\": -0.024, \"y\": -0.156, \"z\": 1.048, \"ts\": 1776896540.883602}","sample_ts":1776896540.8836,"topic":"sensors/adxl345/raw"},"device":"rpi-9a2f6ea2e358535b","event":"MQTT_PUBLISH_FAILED","level":"ERROR","seq":251,"sig":"922b67c46f7a665a","ts":"2026-04-22T22:22:21.034763+00:00"}
{"category":"NETWORK","details":{"error":"name 'client' is not defined","raw_payload":"{\"x\": -0.02, \"y\": -0.148, \"z\": 1.052, \"ts\": 1776896540.893602}","sample_ts":1776896540.8936,"topic":"sensors/adxl345/raw"},"device":"rpi-9a2f6ea2e358535b","event":"MQTT_PUBLISH_FAILED","level":"ERROR","seq":252,"sig":"f0bdc5473b6b5e5c","ts":"2026-04-22T22:22:21.034851+00:00"}
{"category":"NETWORK","details":{"error":"name 'client' is not defined","raw_payload":"{\"x\": -0.032, \"y\": -0.148, \"z\": 1.056, \"ts\": 1776896540.903602}","sample_ts":1776896540.9036,"topic":"sensors/adxl345/raw"},"device":"rpi-9a2f6ea2e358535b","event":"MQTT_PUBLISH_FAILED","level":"ERROR","seq":253,"sig":"b19d7d4586094225","ts":"2026-04-22T22:22:21.034953+00:00"}
{"category":"NETWORK","details":{"error":"name 'client' is not defined","raw_payload":"{\"x\": -0.028, \"y\": -0.16, \"z\": 1.06, \"ts\": 1776896540.913602}","sample_ts":1776896540.9136,"topic":"sensors/adxl345/raw"},"device":"rpi-9a2f6ea2e358535b","event":"MQTT_PUBLISH_FAILED","level":"ERROR","seq":254,"sig":"60c8dd01ad8cb7fc","ts":"2026-04-22T22:22:21.035044+00:00"}
{"category":"NETWORK","details":{"error":"name 'client' is not defined","raw_payload":"{\"x\": 0.0, \"y\": -0.172, \"z\": 1.06, \"ts\": 1776896540.923602}","sample_ts":1776896540.9236,"topic":"sensors/adxl345/raw"},"device":"rpi-9a2f6ea2e358535b","event":"MQTT_PUBLISH_FAILED","level":"ERROR","seq":255,"sig":"7ab57e307e718df9","ts":"2026-04-22T22:22:21.035135+00:00"}
{"category":"NETWORK","details":{"error":"name 'client' is not defined","raw_payload":"{\"x\": 0.004, \"y\": -0.168, \"z\": 1.04, \"ts\": 1776896540.933602}","sample_ts":1776896540.9336,"topic":"sensors/adxl345/raw"},"device":"rpi-9a2f6ea2e358535b","event":"MQTT_PUBLISH_FAILED","level":"ERROR","seq":256,"sig":"3d7cafee846b5025","ts":"2026-04-22T22:22:21.035223+00:00"}
{"category":"NETWORK","details":{"error":"name 'client' is not defined","raw_payload":"{\"x\": -0.008, \"y\": -0.16, \"z\": 1.052, \"ts\": 1776896540.943602}","sample_ts":1776896540.9436,"topic":"sensors/adxl345/raw"},"device":"rpi-9a2f6ea2e358535b","event":"MQTT_PUBLISH_FAILED","level":"ERROR","seq":257,"sig":"22644f96ddcdf408","ts":"2026-04-22T22:22:21.035312+00:00"}
{"category":"NETWORK","details":{"error":"name 'client' is not defined","raw_payload":"{\"x\": -0.008, \"y\": -0.156, \"z\": 1.064, \"ts\": 1776896540.953602}","sample_ts":1776896540.9536,"topic":"sensors/adxl345/raw"},"device":"rpi-9a2f6ea2e358535b","event":"MQTT_PUBLISH_FAILED","level":"ERROR","seq":258,"sig":"314327ce22ce26d3","ts":"2026-04-22T22:22:21.035401+00:00"}
{"category":"NETWORK","details":{"error":"name 'client' is not defined","raw_payload":"{\"x\": -0.012, \"y\": -0.156, \"z\": 1.052, \"ts\": 1776896540.963602}","sample_ts":1776896540.9636,"topic":"sensors/adxl345/raw"},"device":"rpi-9a2f6ea2e358535b","event":"MQTT_PUBLISH_FAILED","level":"ERROR","seq":259,"sig":"b3757ebba2d7f2dd","ts":"2026-04-22T22:22:21.035489+00:00"}
{"category":"NETWORK","details":{"error":"name 'client' is not defined","raw_payload":"{\"x\": -0.016, \"y\": -0.168, \"z\": 1.072, \"ts\": 1776896540.973602}","sample_ts":1776896540.9736,"topic":"sensors/adxl345/raw"},"device":"rpi-9a2f6ea2e358535b","event":"MQTT_PUBLISH_FAILED","level":"ERROR","seq":260,"sig":"e00fdb3028907fa1","ts":"2026-04-22T22:22:21.035575+00:00"}
{"category":"NETWORK","details":{"error":"name 'client' is not defined","raw_payload":"{\"x\": -0.008, \"y\": -0.16, \"z\": 1.04, \"ts\": 1776896540.983602}","sample_ts":1776896540.9836,"topic":"sensors/adxl345/raw"},"device":"rpi-9a2f6ea2e358535b","event":"MQTT_PUBLISH_FAILED","level":"ERROR","seq":261,"sig":"6b34fd5d05034899","ts":"2026-04-22T22:22:21.035661+00:00"}
{"category":"NETWORK","details":{"error":"name 'client' is not defined","raw_payload":"{\"x\": -0.024, \"y\": -0.152, \"z\": 1.076, \"ts\": 1776896540.993602}","sample_ts":1776896540.9936,"topic":"sensors/adxl345/raw"},"device":"rpi-9a2f6ea2e358535b","event":"MQTT_PUBLISH_FAILED","level":"ERROR","seq":262,"sig":"a12ac78f82bcc35f","ts":"2026-04-22T22:22:21.035748+00:00"}
{"category":"NETWORK","details":{"error":"name 'client' is not defined","raw_payload":"{\"x\": -0.02, \"y\": -0.148, \"z\": 1.032, \"ts\": 1776896541.003602}","sample_ts":1776896541.0036,"topic":"sensors/adxl345/raw"},"device":"rpi-9a2f6ea2e358535b","event":"MQTT_PUBLISH_FAILED","level":"ERROR","seq":263,"sig":"f7511caeec7e9dec","ts":"2026-04-22T22:22:21.035835+00:00"}
{"category":"NETWORK","details":{"error":"name 'client' is not defined","raw_payload":"{\"x\": -0.032, \"y\": -0.168, \"z\": 1.064, \"ts\": 1776896541.013602}","sample_ts":1776896541.0136,"topic":"sensors/adxl345/raw"},"device":"rpi-9a2f6ea2e358535b","event":"MQTT_PUBLISH_FAILED","level":"ERROR","seq":264,"sig":"a35c32bd67cea746","ts":"2026-04-22T22:22:21.035925+00:00"}
{"category":"NETWORK","details":{"error":"name 'client' is not defined","raw_payload":"{\"x\": -0.004, \"y\": -0.16, \"z\": 1.048, \"ts\": 1776896541.023602}","sample_ts":1776896541.0236,"topic":"sensors/adxl345/raw"},"device":"rpi-9a2f6ea2e358535b","event":"MQTT_PUBLISH_FAILED","level":"ERROR","seq":265,"sig":"8450c0790cb4dca3","ts":"2026-04-22T22:22:21.036016+00:00"}
{"category":"SENSOR","details":{"batch_ts":1776896541.2836,"sample_count":25},"device":"rpi-9a2f6ea2e358535b","event":"FIFO_READ","level":"INFO","seq":266,"sig":"aa4c8065acdf14db","ts":"2026-04-22T22:22:21.283619+00:00"}
{"category":"NETWORK","details":{"error":"name 'client' is not defined","raw_payload":"{\"x\": -0.028, \"y\": -0.16, \"z\": 1.036, \"ts\": 1776896541.0336094}","sample_ts":1776896541.0336,"topic":"sensors/adxl345/raw"},"device":"rpi-9a2f6ea2e358535b","event":"MQTT_PUBLISH_FAILED","level":"ERROR","seq":267,"sig":"73048edf79c0fce5","ts":"2026-04-22T22:22:21.283807+00:00"}
{"category":"NETWORK","details":{"error":"name 'client' is not defined","raw_payload":"{\"x\": 0.0, \"y\": -0.148, \"z\": 1.06, \"ts\": 1776896541.0436094}","sample_ts":1776896541.0436,"topic":"sensors/adxl345/raw"},"device":"rpi-9a2f6ea2e358535b","event":"MQTT_PUBLISH_FAILED","level":"ERROR","seq":268,"sig":"b09a2801c9c833c5","ts":"2026-04-22T22:22:21.283924+00:00"}
{"category":"NETWORK","details":{"error":"name 'client' is not defined","raw_payload":"{\"x\": -0.012, \"y\": -0.148, \"z\": 1.06, \"ts\": 1776896541.0536094}","sample_ts":1776896541.0536,"topic":"sensors/adxl345/raw"},"device":"rpi-9a2f6ea2e358535b","event":"MQTT_PUBLISH_FAILED","level":"ERROR","seq":269,"sig":"8a2dcc97919725e1","ts":"2026-04-22T22:22:21.284015+00:00"}
{"category":"NETWORK","details":{"error":"name 'client' is not defined","raw_payload":"{\"x\": -0.016, \"y\": -0.14, \"z\": 1.052, \"ts\": 1776896541.0636094}","sample_ts":1776896541.0636,"topic":"sensors/adxl345/raw"},"device":"rpi-9a2f6ea2e358535b","event":"MQTT_PUBLISH_FAILED","level":"ERROR","seq":270,"sig":"fcba78a988f6c2b2","ts":"2026-04-22T22:22:21.284088+00:00"}
{"category":"NETWORK","details":{"error":"name 'client' is not defined","raw_payload":"{\"x\": -0.024, \"y\": -0.16, \"z\": 1.048, \"ts\": 1776896541.0736094}","sample_ts":1776896541.0736,"topic":"sensors/adxl345/raw"},"device":"rpi-9a2f6ea2e358535b","event":"MQTT_PUBLISH_FAILED","level":"ERROR","seq":271,"sig":"f87662abe6ab51a4","ts":"2026-04-22T22:22:21.284156+00:00"}
{"category":"NETWORK","details":{"error":"name 'client' is not defined","raw_payload":"{\"x\": -0.032, \"y\": -0.152, \"z\": 1.032, \"ts\": 1776896541.0836093}","sample_ts":1776896541.0836,"topic":"sensors/adxl345/raw"},"device":"rpi-9a2f6ea2e358535b","event":"MQTT_PUBLISH_FAILED","level":"ERROR","seq":272,"sig":"383d6534571e003a","ts":"2026-04-22T22:22:21.284223+00:00"}
{"category":"NETWORK","details":{"error":"name 'client' is not defined","raw_payload":"{\"x\": -0.004, \"y\": -0.16, \"z\": 1.044, \"ts\": 1776896541.0936093}","sample_ts":1776896541.0936,"topic":"sensors/adxl345/raw"},"device":"rpi-9a2f6ea2e358535b","event":"MQTT_PUBLISH_FAILED","level":"ERROR","seq":273,"sig":"bcc595d6f8b0d808","ts":"2026-04-22T22:22:21.284290+00:00"}
{"category":"NETWORK","details":{"error":"name 'client' is not defined","raw_payload":"{\"x\": -0.016, \"y\": -0.156, \"z\": 1.064, \"ts\": 1776896541.1036093}","sample_ts":1776896541.1036,"topic":"sensors/adxl345/raw"},"device":"rpi-9a2f6ea2e358535b","event":"MQTT_PUBLISH_FAILED","level":"ERROR","seq":274,"sig":"7ae0d372a9999206","ts":"2026-04-22T22:22:21.284356+00:00"}
{"category":"NETWORK","details":{"error":"name 'client' is not defined","raw_payload":"{\"x\": 0.0, \"y\": -0.18, \"z\": 1.044, \"ts\": 1776896541.1136093}","sample_ts":1776896541.1136,"topic":"sensors/adxl345/raw"},"device":"rpi-9a2f6ea2e358535b","event":"MQTT_PUBLISH_FAILED","level":"ERROR","seq":275,"sig":"fa615f9a36597491","ts":"2026-04-22T22:22:21.284430+00:00"}
{"category":"NETWORK","details":{"error":"name 'client' is not defined","raw_payload":"{\"x\": -0.016, \"y\": -0.148, \"z\": 1.04, \"ts\": 1776896541.1236093}","sample_ts":1776896541.1236,"topic":"sensors/adxl345/raw"},"device":"rpi-9a2f6ea2e358535b","event":"MQTT_PUBLISH_FAILED","level":"ERROR","seq":276,"sig":"d9e4b85f3f20bf52","ts":"2026-04-22T22:22:21.284500+00:00"}
{"category":"NETWORK","details":{"error":"name 'client' is not defined","raw_payload":"{\"x\": -0.02, \"y\": -0.136, \"z\": 1.044, \"ts\": 1776896541.1336093}","sample_ts":1776896541.1336,"topic":"sensors/adxl345/raw"},"device":"rpi-9a2f6ea2e358535b","event":"MQTT_PUBLISH_FAILED","level":"ERROR","seq":277,"sig":"50e6fb7dfd3235a2","ts":"2026-04-22T22:22:21.284569+00:00"}
{"category":"NETWORK","details":{"error":"name 'client' is not defined","raw_payload":"{\"x\": -0.008, \"y\": -0.164, \"z\": 1.06, \"ts\": 1776896541.1436093}","sample_ts":1776896541.1436,"topic":"sensors/adxl345/raw"},"device":"rpi-9a2f6ea2e358535b","event":"MQTT_PUBLISH_FAILED","level":"ERROR","seq":278,"sig":"3bca5404c8aedea6","ts":"2026-04-22T22:22:21.284674+00:00"}
{"category":"NETWORK","details":{"error":"name 'client' is not defined","raw_payload":"{\"x\": -0.02, \"y\": -0.148, \"z\": 1.044, \"ts\": 1776896541.1536093}","sample_ts":1776896541.1536,"topic":"sensors/adxl345/raw"},"device":"rpi-9a2f6ea2e358535b","event":"MQTT_PUBLISH_FAILED","level":"ERROR","seq":279,"sig":"bd5a7f5a7b8327da","ts":"2026-04-22T22:22:21.284774+00:00"}
{"category":"NETWORK","details":{"error":"name 'client' is not defined","raw_payload":"{\"x\": 0.0, \"y\": -0.152, \"z\": 1.056, \"ts\": 1776896541.1636095}","sample_ts":1776896541.1636,"topic":"sensors/adxl345/raw"},"device":"rpi-9a2f6ea2e358535b","event":"MQTT_PUBLISH_FAILED","level":"ERROR","seq":280,"sig":"68516470a5f9eb6d","ts":"2026-04-22T22:22:21.284865+00:00"}
{"category":"NETWORK","details":{"error":"name 'client' is not defined","raw_payload":"{\"x\": -0.02, \"y\": -0.156, \"z\": 1.052, \"ts\": 1776896541.1736095}","sample_ts":1776896541.1736,"topic":"sensors/adxl345/raw"},"device":"rpi-9a2f6ea2e358535b","event":"MQTT_PUBLISH_FAILED","level":"ERROR","seq":281,"sig":"5875c327696712fb","ts":"2026-04-22T22:22:21.284952+00:00"}
{"category":"NETWORK","details":{"error":"name 'client' is not defined","raw_payload":"{\"x\": -0.02, \"y\": -0.172, \"z\": 1.068, \"ts\": 1776896541.1836095}","sample_ts":1776896541.1836,"topic":"sensors/adxl345/raw"},"device":"rpi-9a2f6ea2e358535b","event":"MQTT_PUBLISH_FAILED","level":"ERROR","seq":282,"sig":"116546e2774a0053","ts":"2026-04-22T22:22:21.285029+00:00"}
{"category":"NETWORK","details":{"error":"name 'client' is not defined","raw_payload":"{\"x\": -0.012, \"y\": -0.168, \"z\": 1.052, \"ts\": 1776896541.1936095}","sample_ts":1776896541.1936,"topic":"sensors/adxl345/raw"},"device":"rpi-9a2f6ea2e358535b","event":"MQTT_PUBLISH_FAILED","level":"ERROR","seq":283,"sig":"5874a57ed745fb17","ts":"2026-04-22T22:22:21.285102+00:00"}
{"category":"NETWORK","details":{"error":"name 'client' is not defined","raw_payload":"{\"x\": -0.016, \"y\": -0.156, \"z\": 1.056, \"ts\": 1776896541.2036095}","sample_ts":1776896541.2036,"topic":"sensors/adxl345/raw"},"device":"rpi-9a2f6ea2e358535b","event":"MQTT_PUBLISH_FAILED","level":"ERROR","seq":284,"sig":"740884313723f0da","ts":"2026-04-22T22:22:21.285173+00:00"}
{"category":"NETWORK","details":{"error":"name 'client' is not defined","raw_payload":"{\"x\": -0.008, \"y\": -0.152, \"z\": 1.044, \"ts\": 1776896541.2136095}","sample_ts":1776896541.2136,"topic":"sensors/adxl345/raw"},"device":"rpi-9a2f6ea2e358535b","event":"MQTT_PUBLISH_FAILED","level":"ERROR","seq":285,"sig":"dc9f2030c15c4018","ts":"2026-04-22T22:22:21.285251+00:00"}
{"category":"NETWORK","details":{"error":"name 'client' is not defined","raw_payload":"{\"x\": 0.004, \"y\": -0.156, \"z\": 1.068, \"ts\": 1776896541.2236094}","sample_ts":1776896541.2236,"topic":"sensors/adxl345/raw"},"device":"rpi-9a2f6ea2e358535b","event":"MQTT_PUBLISH_FAILED","level":"ERROR","seq":286,"sig":"a188a665a7828e7c","ts":"2026-04-22T22:22:21.285331+00:00"}
{"category":"NETWORK","details":{"error":"name 'client' is not defined","raw_payload":"{\"x\": -0.032, \"y\": -0.14, \"z\": 1.04, \"ts\": 1776896541.2336094}","sample_ts":1776896541.2336,"topic":"sensors/adxl345/raw"},"device":"rpi-9a2f6ea2e358535b","event":"MQTT_PUBLISH_FAILED","level":"ERROR","seq":287,"sig":"b06d40e26431ec73","ts":"2026-04-22T22:22:21.285403+00:00"}
{"category":"NETWORK","details":{"error":"name 'client' is not defined","raw_payload":"{\"x\": -0.032, \"y\": -0.16, \"z\": 1.048, \"ts\": 1776896541.2436094}","sample_ts":1776896541.2436,"topic":"sensors/adxl345/raw"},"device":"rpi-9a2f6ea2e358535b","event":"MQTT_PUBLISH_FAILED","level":"ERROR","seq":288,"sig":"634e128c0bfd0826","ts":"2026-04-22T22:22:21.285477+00:00"}
{"category":"NETWORK","details":{"error":"name 'client' is not defined","raw_payload":"{\"x\": -0.012, \"y\": -0.136, \"z\": 1.056, \"ts\": 1776896541.2536094}","sample_ts":1776896541.2536,"topic":"sensors/adxl345/raw"},"device":"rpi-9a2f6ea2e358535b","event":"MQTT_PUBLISH_FAILED","level":"ERROR","seq":289,"sig":"0399a70e24fae5a8","ts":"2026-04-22T22:22:21.285559+00:00"}
{"category":"NETWORK","details":{"error":"name 'client' is not defined","raw_payload":"{\"x\": -0.008, \"y\": -0.152, \"z\": 1.06, \"ts\": 1776896541.2636094}","sample_ts":1776896541.2636,"topic":"sensors/adxl345/raw"},"device":"rpi-9a2f6ea2e358535b","event":"MQTT_PUBLISH_FAILED","level":"ERROR","seq":290,"sig":"77804201c8cf36b1","ts":"2026-04-22T22:22:21.285632+00:00"}
{"category":"NETWORK","details":{"error":"name 'client' is not defined","raw_payload":"{\"x\": -0.016, \"y\": -0.14, \"z\": 1.02, \"ts\": 1776896541.2736094}","sample_ts":1776896541.2736,"topic":"sensors/adxl345/raw"},"device":"rpi-9a2f6ea2e358535b","event":"MQTT_PUBLISH_FAILED","level":"ERROR","seq":291,"sig":"bfa0b5a5f5101891","ts":"2026-04-22T22:22:21.285702+00:00"}
{"category":"SENSOR","details":{"batch_ts":1776896541.5336,"sample_count":25},"device":"rpi-9a2f6ea2e358535b","event":"FIFO_READ","level":"INFO","seq":292,"sig":"3695b394720eb41c","ts":"2026-04-22T22:22:21.533612+00:00"}
{"category":"NETWORK","details":{"error":"name 'client' is not defined","raw_payload":"{\"x\": -0.008, \"y\": -0.156, \"z\": 1.044, \"ts\": 1776896541.2836046}","sample_ts":1776896541.2836,"topic":"sensors/adxl345/raw"},"device":"rpi-9a2f6ea2e358535b","event":"MQTT_PUBLISH_FAILED","level":"ERROR","seq":293,"sig":"8e9d185760cc34f8","ts":"2026-04-22T22:22:21.533776+00:00"}
{"category":"NETWORK","details":{"error":"name 'client' is not defined","raw_payload":"{\"x\": -0.02, \"y\": -0.148, \"z\": 1.044, \"ts\": 1776896541.2936046}","sample_ts":1776896541.2936,"topic":"sensors/adxl345/raw"},"device":"rpi-9a2f6ea2e358535b","event":"MQTT_PUBLISH_FAILED","level":"ERROR","seq":294,"sig":"3aba6c61399bb3a1","ts":"2026-04-22T22:22:21.533900+00:00"}
{"category":"NETWORK","details":{"error":"name 'client' is not defined","raw_payload":"{\"x\": 0.016, \"y\": -0.168, \"z\": 1.076, \"ts\": 1776896541.3036046}","sample_ts":1776896541.3036,"topic":"sensors/adxl345/raw"},"device":"rpi-9a2f6ea2e358535b","event":"MQTT_PUBLISH_FAILED","level":"ERROR","seq":295,"sig":"da92ebb634d935d6","ts":"2026-04-22T22:22:21.534020+00:00"}
{"category":"NETWORK","details":{"error":"name 'client' is not defined","raw_payload":"{\"x\": -0.012, \"y\": -0.152, \"z\": 1.068, \"ts\": 1776896541.3136046}","sample_ts":1776896541.3136,"topic":"sensors/adxl345/raw"},"device":"rpi-9a2f6ea2e358535b","event":"MQTT_PUBLISH_FAILED","level":"ERROR","seq":296,"sig":"6082467f2fbacd1a","ts":"2026-04-22T22:22:21.534121+00:00"}
{"category":"NETWORK","details":{"error":"name 'client' is not defined","raw_payload":"{\"x\": 0.0, \"y\": -0.152, \"z\": 1.068, \"ts\": 1776896541.3236046}","sample_ts":1776896541.3236,"topic":"sensors/adxl345/raw"},"device":"rpi-9a2f6ea2e358535b","event":"MQTT_PUBLISH_FAILED","level":"ERROR","seq":297,"sig":"f4ef5f2f927f07a6","ts":"2026-04-22T22:22:21.534236+00:00"}
{"category":"NETWORK","details":{"error":"name 'client' is not defined","raw_payload":"{\"x\": -0.016, \"y\": -0.164, \"z\": 1.04, \"ts\": 1776896541.3336046}","sample_ts":1776896541.3336,"topic":"sensors/adxl345/raw"},"device":"rpi-9a2f6ea2e358535b","event":"MQTT_PUBLISH_FAILED","level":"ERROR","seq":298,"sig":"e6e667b9bcafd281","ts":"2026-04-22T22:22:21.534344+00:00"}
{"category":"NETWORK","details":{"error":"name 'client' is not defined","raw_payload":"{\"x\": -0.016, \"y\": -0.152, \"z\": 1.04, \"ts\": 1776896541.3436046}","sample_ts":1776896541.3436,"topic":"sensors/adxl345/raw"},"device":"rpi-9a2f6ea2e358535b","event":"MQTT_PUBLISH_FAILED","level":"ERROR","seq":299,"sig":"88bc0b42bdc53931","ts":"2026-04-22T22:22:21.534441+00:00"}
{"category":"NETWORK","details":{"error":"name 'client' is not defined","raw_payload":"{\"x\": -0.016, \"y\": -0.168, \"z\": 1.064, \"ts\": 1776896541.3536046}","sample_ts":1776896541.3536,"topic":"sensors/adxl345/raw"},"device":"rpi-9a2f6ea2e358535b","event":"MQTT_PUBLISH_FAILED","level":"ERROR","seq":300,"sig":"7bccf925e597f749","ts":"2026-04-22T22:22:21.534535+00:00"}
{"category":"NETWORK","details":{"error":"name 'client' is not defined","raw_payload":"{\"x\": -0.024, \"y\": -0.164, \"z\": 1.048, \"ts\": 1776896541.3636045}","sample_ts":1776896541.3636,"topic":"sensors/adxl345/raw"},"device":"rpi-9a2f6ea2e358535b","event":"MQTT_PUBLISH_FAILED","level":"ERROR","seq":301,"sig":"7068729f5e36a16e","ts":"2026-04-22T22:22:21.534628+00:00"}
{"category":"NETWORK","details":{"error":"name 'client' is not defined","raw_payload":"{\"x\": -0.024, \"y\": -0.156, \"z\": 1.044, \"ts\": 1776896541.3736045}","sample_ts":1776896541.3736,"topic":"sensors/adxl345/raw"},"device":"rpi-9a2f6ea2e358535b","event":"MQTT_PUBLISH_FAILED","level":"ERROR","seq":302,"sig":"942c3c3153f64d25","ts":"2026-04-22T22:22:21.534722+00:00"}
{"category":"NETWORK","details":{"error":"name 'client' is not defined","raw_payload":"{\"x\": -0.016, \"y\": -0.164, \"z\": 1.056, \"ts\": 1776896541.3836045}","sample_ts":1776896541.3836,"topic":"sensors/adxl345/raw"},"device":"rpi-9a2f6ea2e358535b","event":"MQTT_PUBLISH_FAILED","level":"ERROR","seq":303,"sig":"5456392679f8874f","ts":"2026-04-22T22:22:21.534815+00:00"}
{"category":"NETWORK","details":{"error":"name 'client' is not defined","raw_payload":"{\"x\": -0.012, \"y\": -0.164, \"z\": 1.06, \"ts\": 1776896541.3936045}","sample_ts":1776896541.3936,"topic":"sensors/adxl345/raw"},"device":"rpi-9a2f6ea2e358535b","event":"MQTT_PUBLISH_FAILED","level":"ERROR","seq":304,"sig":"ea828b9d00ce7023","ts":"2026-04-22T22:22:21.534906+00:00"}
{"category":"NETWORK","details":{"error":"name 'client' is not defined","raw_payload":"{\"x\": -0.008, \"y\": -0.16, \"z\": 1.048, \"ts\": 1776896541.4036045}","sample_ts":1776896541.4036,"topic":"sensors/adxl345/raw"},"device":"rpi-9a2f6ea2e358535b","event":"MQTT_PUBLISH_FAILED","level":"ERROR","seq":305,"sig":"3f3e7ee5b2d3b04e","ts":"2026-04-22T22:22:21.534998+00:00"}
{"category":"NETWORK","details":{"error":"name 'client' is not defined","raw_payload":"{\"x\": -0.012, \"y\": -0.164, \"z\": 1.044, \"ts\": 1776896541.4136047}","sample_ts":1776896541.4136,"topic":"sensors/adxl345/raw"},"device":"rpi-9a2f6ea2e358535b","event":"MQTT_PUBLISH_FAILED","level":"ERROR","seq":306,"sig":"73c1bf8886af5a43","ts":"2026-04-22T22:22:21.535093+00:00"}
{"category":"NETWORK","details":{"error":"name 'client' is not defined","raw_payload":"{\"x\": 0.0, \"y\": -0.152, \"z\": 1.032, \"ts\": 1776896541.4236047}","sample_ts":1776896541.4236,"topic":"sensors/adxl345/raw"},"device":"rpi-9a2f6ea2e358535b","event":"MQTT_PUBLISH_FAILED","level":"ERROR","seq":307,"sig":"2aa6414229b83ac2","ts":"2026-04-22T22:22:21.535186+00:00"}
{"category":"NETWORK","details":{"error":"name 'client' is not defined","raw_payload":"{\"x\": -0.024, \"y\": -0.16, \"z\": 1.036, \"ts\": 1776896541.4336047}","sample_ts":1776896541.4336,"topic":"sensors/adxl345/raw"},"device":"rpi-9a2f6ea2e358535b","event":"MQTT_PUBLISH_FAILED","level":"ERROR","seq":308,"sig":"5b14fd0795532d9a","ts":"2026-04-22T22:22:21.535279+00:00"}
{"category":"NETWORK","details":{"error":"name 'client' is not defined","raw_payload":"{\"x\": -0.02, \"y\": -0.164, \"z\": 1.04, \"ts\": 1776896541.4436047}","sample_ts":1776896541.4436,"topic":"sensors/adxl345/raw"},"device":"rpi-9a2f6ea2e358535b","event":"MQTT_PUBLISH_FAILED","level":"ERROR","seq":309,"sig":"dc8843c124dadbc1","ts":"2026-04-22T22:22:21.535369+00:00"}
{"category":"NETWORK","details":{"error":"name 'client' is not defined","raw_payload":"{\"x\": -0.008, \"y\": -0.172, \"z\": 1.056, \"ts\": 1776896541.4536047}","sample_ts":1776896541.4536,"topic":"sensors/adxl345/raw"},"device":"rpi-9a2f6ea2e358535b","event":"MQTT_PUBLISH_FAILED","level":"ERROR","seq":310,"sig":"9802e399533ce3f2","ts":"2026-04-22T22:22:21.535457+00:00"}
{"category":"NETWORK","details":{"error":"name 'client' is not defined","raw_payload":"{\"x\": -0.024, \"y\": -0.164, \"z\": 1.064, \"ts\": 1776896541.4636047}","sample_ts":1776896541.4636,"topic":"sensors/adxl345/raw"},"device":"rpi-9a2f6ea2e358535b","event":"MQTT_PUBLISH_FAILED","level":"ERROR","seq":311,"sig":"3a95b7a078d3387c","ts":"2026-04-22T22:22:21.535546+00:00"}
{"category":"NETWORK","details":{"error":"name 'client' is not defined","raw_payload":"{\"x\": -0.012, \"y\": -0.152, \"z\": 1.076, \"ts\": 1776896541.4736047}","sample_ts":1776896541.4736,"topic":"sensors/adxl345/raw"},"device":"rpi-9a2f6ea2e358535b","event":"MQTT_PUBLISH_FAILED","level":"ERROR","seq":312,"sig":"ed321af75908b7e1","ts":"2026-04-22T22:22:21.535634+00:00"}
{"category":"NETWORK","details":{"error":"name 'client' is not defined","raw_payload":"{\"x\": -0.008, \"y\": -0.16, \"z\": 1.06, \"ts\": 1776896541.4836047}","sample_ts":1776896541.4836,"topic":"sensors/adxl345/raw"},"device":"rpi-9a2f6ea2e358535b","event":"MQTT_PUBLISH_FAILED","level":"ERROR","seq":313,"sig":"cb82d36ef89dbc95","ts":"2026-04-22T22:22:21.535722+00:00"}
{"category":"NETWORK","details":{"error":"name 'client' is not defined","raw_payload":"{\"x\": -0.008, \"y\": -0.172, \"z\": 1.052, \"ts\": 1776896541.4936047}","sample_ts":1776896541.4936,"topic":"sensors/adxl345/raw"},"device":"rpi-9a2f6ea2e358535b","event":"MQTT_PUBLISH_FAILED","level":"ERROR","seq":314,"sig":"0da610e742735efd","ts":"2026-04-22T22:22:21.535809+00:00"}
{"category":"NETWORK","details":{"error":"name 'client' is not defined","raw_payload":"{\"x\": -0.032, \"y\": -0.164, \"z\": 1.068, \"ts\": 1776896541.5036047}","sample_ts":1776896541.5036,"topic":"sensors/adxl345/raw"},"device":"rpi-9a2f6ea2e358535b","event":"MQTT_PUBLISH_FAILED","level":"ERROR","seq":315,"sig":"e6e715469025c4f1","ts":"2026-04-22T22:22:21.535897+00:00"}
{"category":"NETWORK","details":{"error":"name 'client' is not defined","raw_payload":"{\"x\": -0.02, \"y\": -0.148, \"z\": 1.044, \"ts\": 1776896541.5136046}","sample_ts":1776896541.5136,"topic":"sensors/adxl345/raw"},"device":"rpi-9a2f6ea2e358535b","event":"MQTT_PUBLISH_FAILED","level":"ERROR","seq":316,"sig":"558d42bb07fe9551","ts":"2026-04-22T22:22:21.535986+00:00"}
{"category":"NETWORK","details":{"error":"name 'client' is not defined","raw_payload":"{\"x\": -0.008, \"y\": -0.168, \"z\": 1.052, \"ts\": 1776896541.5236046}","sample_ts":1776896541.5236,"topic":"sensors/adxl345/raw"},"device":"rpi-9a2f6ea2e358535b","event":"MQTT_PUBLISH_FAILED","level":"ERROR","seq":317,"sig":"ed8c9e68bd26be62","ts":"2026-04-22T22:22:21.536076+00:00"}
{"category":"SYSTEM","details":{"reason":"KeyboardInterrupt","total_polls":13},"device":"rpi-9a2f6ea2e358535b","event":"DEVICE_SHUTDOWN","level":"INFO","seq":318,"sig":"94bc269fd0865332","ts":"2026-04-22T22:22:21.572413+00:00"}
{"category":"NETWORK","details":{"error":"[Errno 2] No such file or directory","reason":"cert file missing"},"device":"rpi-9a2f6ea2e358535b","event":"MQTT_INIT_FAILED","level":"CRITICAL","seq":1,"sig":"17c9361aa3b9db73","ts":"2026-04-22T23:00:11.412573+00:00"}
{"category":"SYSTEM","details":{"fft_buffer_size":100,"poll_interval_s":0.25},"device":"rpi-9a2f6ea2e358535b","event":"DEVICE_BOOT","level":"INFO","seq":2,"sig":"cdb939386ffbcfb3","ts":"2026-04-22T23:00:11.413047+00:00"}
{"category":"SENSOR","details":{"addr_hex":"0x53","fifo_mode":"stream","odr_hz":100,"range_g":16,"scale_g_lsb":0.004,"watermark":25},"device":"rpi-9a2f6ea2e358535b","event":"SENSOR_INIT","level":"INFO","seq":3,"sig":"7fd306f659ce08e6","ts":"2026-04-22T23:00:11.414843+00:00"}
{"category":"SENSOR","details":{"batch_ts":1776898811.6873,"sample_count":25},"device":"rpi-9a2f6ea2e358535b","event":"FIFO_READ","level":"INFO","seq":4,"sig":"d2f72fd0cc970af3","ts":"2026-04-22T23:00:11.687335+00:00"}
{"category":"NETWORK","details":{"raw_payload":"{\"x\": -0.016, \"y\": -0.172, \"z\": 1.068, \"ts\": 1776898811.4373271}","reason":"MQTT client not initialized","topic":"sensors/adxl345/raw"},"device":"rpi-9a2f6ea2e358535b","event":"MQTT_PUBLISH_SKIPPED","level":"WARNING","seq":5,"sig":"0c038888b11792b8","ts":"2026-04-22T23:00:11.687481+00:00"}
{"category":"NETWORK","details":{"raw_payload":"{\"x\": -0.008, \"y\": -0.148, \"z\": 0.996, \"ts\": 1776898811.4473271}","reason":"MQTT client not initialized","topic":"sensors/adxl345/raw"},"device":"rpi-9a2f6ea2e358535b","event":"MQTT_PUBLISH_SKIPPED","level":"WARNING","seq":6,"sig":"a82f14af20ac3ef4","ts":"2026-04-22T23:00:11.687584+00:00"}
{"category":"NETWORK","details":{"raw_payload":"{\"x\": -0.016, \"y\": -0.16, \"z\": 1.048, \"ts\": 1776898811.4573271}","reason":"MQTT client not initialized","topic":"sensors/adxl345/raw"},"device":"rpi-9a2f6ea2e358535b","event":"MQTT_PUBLISH_SKIPPED","level":"WARNING","seq":7,"sig":"d854456ac022900b","ts":"2026-04-22T23:00:11.687677+00:00"}
{"category":"NETWORK","details":{"raw_payload":"{\"x\": -0.016, \"y\": -0.16, \"z\": 1.04, \"ts\": 1776898811.467327}","reason":"MQTT client not initialized","topic":"sensors/adxl345/raw"},"device":"rpi-9a2f6ea2e358535b","event":"MQTT_PUBLISH_SKIPPED","level":"WARNING","seq":8,"sig":"a9158a07c5731156","ts":"2026-04-22T23:00:11.687752+00:00"}
{"category":"NETWORK","details":{"raw_payload":"{\"x\": -0.024, \"y\": -0.136, \"z\": 1.036, \"ts\": 1776898811.477327}","reason":"MQTT client not initialized","topic":"sensors/adxl345/raw"},"device":"rpi-9a2f6ea2e358535b","event":"MQTT_PUBLISH_SKIPPED","level":"WARNING","seq":9,"sig":"445cece0155c8364","ts":"2026-04-22T23:00:11.687819+00:00"}
{"category":"NETWORK","details":{"raw_payload":"{\"x\": -0.008, \"y\": -0.152, \"z\": 1.028, \"ts\": 1776898811.487327}","reason":"MQTT client not initialized","topic":"sensors/adxl345/raw"},"device":"rpi-9a2f6ea2e358535b","event":"MQTT_PUBLISH_SKIPPED","level":"WARNING","seq":10,"sig":"bdc084d31c3e90fe","ts":"2026-04-22T23:00:11.687883+00:00"}
{"category":"NETWORK","details":{"raw_payload":"{\"x\": -0.02, \"y\": -0.16, \"z\": 1.056, \"ts\": 1776898811.497327}","reason":"MQTT client not initialized","topic":"sensors/adxl345/raw"},"device":"rpi-9a2f6ea2e358535b","event":"MQTT_PUBLISH_SKIPPED","level":"WARNING","seq":11,"sig":"d3e1c52cdf1b0e6a","ts":"2026-04-22T23:00:11.687945+00:00"}
{"category":"NETWORK","details":{"raw_payload":"{\"x\": -0.012, \"y\": -0.184, \"z\": 1.068, \"ts\": 1776898811.507327}","reason":"MQTT client not initialized","topic":"sensors/adxl345/raw"},"device":"rpi-9a2f6ea2e358535b","event":"MQTT_PUBLISH_SKIPPED","level":"WARNING","seq":12,"sig":"12ef8d8986edb1f8","ts":"2026-04-22T23:00:11.688006+00:00"}
{"category":"NETWORK","details":{"raw_payload":"{\"x\": -0.032, \"y\": -0.148, \"z\": 1.036, \"ts\": 1776898811.517327}","reason":"MQTT client not initialized","topic":"sensors/adxl345/raw"},"device":"rpi-9a2f6ea2e358535b","event":"MQTT_PUBLISH_SKIPPED","level":"WARNING","seq":13,"sig":"85ccd1566276a608","ts":"2026-04-22T23:00:11.688067+00:00"}
{"category":"NETWORK","details":{"raw_payload":"{\"x\": -0.004, \"y\": -0.148, \"z\": 1.036, \"ts\": 1776898811.527327}","reason":"MQTT client not initialized","topic":"sensors/adxl345/raw"},"device":"rpi-9a2f6ea2e358535b","event":"MQTT_PUBLISH_SKIPPED","level":"WARNING","seq":14,"sig":"057d5df5f2705c65","ts":"2026-04-22T23:00:11.688127+00:00"}
{"category":"NETWORK","details":{"raw_payload":"{\"x\": -0.008, \"y\": -0.164, \"z\": 1.032, \"ts\": 1776898811.537327}","reason":"MQTT client not initialized","topic":"sensors/adxl345/raw"},"device":"rpi-9a2f6ea2e358535b","event":"MQTT_PUBLISH_SKIPPED","level":"WARNING","seq":15,"sig":"83c213500e15205e","ts":"2026-04-22T23:00:11.688191+00:00"}
{"category":"NETWORK","details":{"raw_payload":"{\"x\": -0.02, \"y\": -0.152, \"z\": 1.02, \"ts\": 1776898811.547327}","reason":"MQTT client not initialized","topic":"sensors/adxl345/raw"},"device":"rpi-9a2f6ea2e358535b","event":"MQTT_PUBLISH_SKIPPED","level":"WARNING","seq":16,"sig":"f81fdf932f6b53e3","ts":"2026-04-22T23:00:11.688251+00:00"}
{"category":"NETWORK","details":{"raw_payload":"{\"x\": -0.012, \"y\": -0.168, \"z\": 1.056, \"ts\": 1776898811.557327}","reason":"MQTT client not initialized","topic":"sensors/adxl345/raw"},"device":"rpi-9a2f6ea2e358535b","event":"MQTT_PUBLISH_SKIPPED","level":"WARNING","seq":17,"sig":"9d232f2f9868e8ae","ts":"2026-04-22T23:00:11.688310+00:00"}
{"category":"NETWORK","details":{"raw_payload":"{\"x\": -0.016, \"y\": -0.16, \"z\": 1.048, \"ts\": 1776898811.5673273}","reason":"MQTT client not initialized","topic":"sensors/adxl345/raw"},"device":"rpi-9a2f6ea2e358535b","event":"MQTT_PUBLISH_SKIPPED","level":"WARNING","seq":18,"sig":"1cd3f6762554c6b3","ts":"2026-04-22T23:00:11.688368+00:00"}
{"category":"NETWORK","details":{"raw_payload":"{\"x\": -0.012, \"y\": -0.164, \"z\": 1.06, \"ts\": 1776898811.5773273}","reason":"MQTT client not initialized","topic":"sensors/adxl345/raw"},"device":"rpi-9a2f6ea2e358535b","event":"MQTT_PUBLISH_SKIPPED","level":"WARNING","seq":19,"sig":"52a203a8b2e08adc","ts":"2026-04-22T23:00:11.688426+00:00"}
{"category":"NETWORK","details":{"raw_payload":"{\"x\": -0.012, \"y\": -0.156, \"z\": 1.064, \"ts\": 1776898811.5873272}","reason":"MQTT client not initialized","topic":"sensors/adxl345/raw"},"device":"rpi-9a2f6ea2e358535b","event":"MQTT_PUBLISH_SKIPPED","level":"WARNING","seq":20,"sig":"567fd74d021f694c","ts":"2026-04-22T23:00:11.688484+00:00"}
{"category":"NETWORK","details":{"raw_payload":"{\"x\": -0.016, \"y\": -0.168, \"z\": 1.076, \"ts\": 1776898811.5973272}","reason":"MQTT client not initialized","topic":"sensors/adxl345/raw"},"device":"rpi-9a2f6ea2e358535b","event":"MQTT_PUBLISH_SKIPPED","level":"WARNING","seq":21,"sig":"60a6a600873a47f1","ts":"2026-04-22T23:00:11.688542+00:00"}
{"category":"NETWORK","details":{"raw_payload":"{\"x\": 0.004, \"y\": -0.172, \"z\": 1.06, \"ts\": 1776898811.6073272}","reason":"MQTT client not initialized","topic":"sensors/adxl345/raw"},"device":"rpi-9a2f6ea2e358535b","event":"MQTT_PUBLISH_SKIPPED","level":"WARNING","seq":22,"sig":"9ffc9d62f13427cf","ts":"2026-04-22T23:00:11.688626+00:00"}
{"category":"NETWORK","details":{"raw_payload":"{\"x\": -0.028, \"y\": -0.168, \"z\": 1.068, \"ts\": 1776898811.6173272}","reason":"MQTT client not initialized","topic":"sensors/adxl345/raw"},"device":"rpi-9a2f6ea2e358535b","event":"MQTT_PUBLISH_SKIPPED","level":"WARNING","seq":23,"sig":"6e3c0049754c12cc","ts":"2026-04-22T23:00:11.688714+00:00"}
{"category":"NETWORK","details":{"raw_payload":"{\"x\": -0.004, \"y\": -0.16, \"z\": 1.048, \"ts\": 1776898811.6273272}","reason":"MQTT client not initialized","topic":"sensors/adxl345/raw"},"device":"rpi-9a2f6ea2e358535b","event":"MQTT_PUBLISH_SKIPPED","level":"WARNING","seq":24,"sig":"62d4b81826676ed3","ts":"2026-04-22T23:00:11.688789+00:00"}
{"category":"NETWORK","details":{"raw_payload":"{\"x\": -0.012, \"y\": -0.156, \"z\": 1.048, \"ts\": 1776898811.6373272}","reason":"MQTT client not initialized","topic":"sensors/adxl345/raw"},"device":"rpi-9a2f6ea2e358535b","event":"MQTT_PUBLISH_SKIPPED","level":"WARNING","seq":25,"sig":"7a00d7a68cdb8717","ts":"2026-04-22T23:00:11.688863+00:00"}
{"category":"NETWORK","details":{"raw_payload":"{\"x\": -0.012, \"y\": -0.168, \"z\": 1.06, \"ts\": 1776898811.6473272}","reason":"MQTT client not initialized","topic":"sensors/adxl345/raw"},"device":"rpi-9a2f6ea2e358535b","event":"MQTT_PUBLISH_SKIPPED","level":"WARNING","seq":26,"sig":"0f600e5cf07390b5","ts":"2026-04-22T23:00:11.688944+00:00"}
{"category":"NETWORK","details":{"raw_payload":"{\"x\": -0.02, \"y\": -0.148, \"z\": 1.048, \"ts\": 1776898811.6573272}","reason":"MQTT client not initialized","topic":"sensors/adxl345/raw"},"device":"rpi-9a2f6ea2e358535b","event":"MQTT_PUBLISH_SKIPPED","level":"WARNING","seq":27,"sig":"1e20d819cab7d5cf","ts":"2026-04-22T23:00:11.689021+00:00"}
{"category":"NETWORK","details":{"raw_payload":"{\"x\": -0.008, \"y\": -0.164, \"z\": 1.072, \"ts\": 1776898811.6673272}","reason":"MQTT client not initialized","topic":"sensors/adxl345/raw"},"device":"rpi-9a2f6ea2e358535b","event":"MQTT_PUBLISH_SKIPPED","level":"WARNING","seq":28,"sig":"8578845e5d4efe48","ts":"2026-04-22T23:00:11.689088+00:00"}
{"category":"NETWORK","details":{"raw_payload":"{\"x\": -0.012, \"y\": -0.148, \"z\": 1.052, \"ts\": 1776898811.6773272}","reason":"MQTT client not initialized","topic":"sensors/adxl345/raw"},"device":"rpi-9a2f6ea2e358535b","event":"MQTT_PUBLISH_SKIPPED","level":"WARNING","seq":29,"sig":"3f8ef4877aebe5cf","ts":"2026-04-22T23:00:11.689150+00:00"}
{"category":"SENSOR","details":{"batch_ts":1776898811.9364,"sample_count":24},"device":"rpi-9a2f6ea2e358535b","event":"FIFO_READ","level":"INFO","seq":30,"sig":"e22db9157f0373d8","ts":"2026-04-22T23:00:11.936432+00:00"}
{"category":"NETWORK","details":{"raw_payload":"{\"x\": -0.016, \"y\": -0.16, \"z\": 1.052, \"ts\": 1776898811.6964285}","reason":"MQTT client not initialized","topic":"sensors/adxl345/raw"},"device":"rpi-9a2f6ea2e358535b","event":"MQTT_PUBLISH_SKIPPED","level":"WARNING","seq":31,"sig":"257157feee670a51","ts":"2026-04-22T23:00:11.936544+00:00"}
{"category":"NETWORK","details":{"raw_payload":"{\"x\": -0.008, \"y\": -0.144, \"z\": 1.068, \"ts\": 1776898811.7064285}","reason":"MQTT client not initialized","topic":"sensors/adxl345/raw"},"device":"rpi-9a2f6ea2e358535b","event":"MQTT_PUBLISH_SKIPPED","level":"WARNING","seq":32,"sig":"78b5a7f94ad3cfad","ts":"2026-04-22T23:00:11.936645+00:00"}
{"category":"NETWORK","details":{"raw_payload":"{\"x\": 0.0, \"y\": -0.14, \"z\": 1.04, \"ts\": 1776898811.7164285}","reason":"MQTT client not initialized","topic":"sensors/adxl345/raw"},"device":"rpi-9a2f6ea2e358535b","event":"MQTT_PUBLISH_SKIPPED","level":"WARNING","seq":33,"sig":"083b2ed676e1f03f","ts":"2026-04-22T23:00:11.936734+00:00"}
{"category":"NETWORK","details":{"raw_payload":"{\"x\": -0.012, \"y\": -0.144, \"z\": 1.044, \"ts\": 1776898811.7264285}","reason":"MQTT client not initialized","topic":"sensors/adxl345/raw"},"device":"rpi-9a2f6ea2e358535b","event":"MQTT_PUBLISH_SKIPPED","level":"WARNING","seq":34,"sig":"7ca2cd3a86af3b78","ts":"2026-04-22T23:00:11.936812+00:00"}
{"category":"NETWORK","details":{"raw_payload":"{\"x\": -0.02, \"y\": -0.168, \"z\": 1.048, \"ts\": 1776898811.7364285}","reason":"MQTT client not initialized","topic":"sensors/adxl345/raw"},"device":"rpi-9a2f6ea2e358535b","event":"MQTT_PUBLISH_SKIPPED","level":"WARNING","seq":35,"sig":"1f176596417b9577","ts":"2026-04-22T23:00:11.936885+00:00"}
{"category":"NETWORK","details":{"raw_payload":"{\"x\": -0.012, \"y\": -0.152, \"z\": 1.056, \"ts\": 1776898811.7464285}","reason":"MQTT client not initialized","topic":"sensors/adxl345/raw"},"device":"rpi-9a2f6ea2e358535b","event":"MQTT_PUBLISH_SKIPPED","level":"WARNING","seq":36,"sig":"6e60c24d5a9c4981","ts":"2026-04-22T23:00:11.936956+00:00"}
{"category":"NETWORK","details":{"raw_payload":"{\"x\": -0.004, \"y\": -0.176, \"z\": 1.064, \"ts\": 1776898811.7564285}","reason":"MQTT client not initialized","topic":"sensors/adxl345/raw"},"device":"rpi-9a2f6ea2e358535b","event":"MQTT_PUBLISH_SKIPPED","level":"WARNING","seq":37,"sig":"80cfb5d4dd61f212","ts":"2026-04-22T23:00:11.937026+00:00"}
{"category":"NETWORK","details":{"raw_payload":"{\"x\": -0.004, \"y\": -0.148, \"z\": 1.052, \"ts\": 1776898811.7664285}","reason":"MQTT client not initialized","topic":"sensors/adxl345/raw"},"device":"rpi-9a2f6ea2e358535b","event":"MQTT_PUBLISH_SKIPPED","level":"WARNING","seq":38,"sig":"5a8c52dcd35df23a","ts":"2026-04-22T23:00:11.937096+00:00"}
{"category":"NETWORK","details":{"raw_payload":"{\"x\": -0.024, \"y\": -0.168, \"z\": 1.06, \"ts\": 1776898811.7764285}","reason":"MQTT client not initialized","topic":"sensors/adxl345/raw"},"device":"rpi-9a2f6ea2e358535b","event":"MQTT_PUBLISH_SKIPPED","level":"WARNING","seq":39,"sig":"442af53a4dfcb8a8","ts":"2026-04-22T23:00:11.937173+00:00"}
{"category":"NETWORK","details":{"raw_payload":"{\"x\": -0.008, \"y\": -0.152, \"z\": 1.052, \"ts\": 1776898811.7864285}","reason":"MQTT client not initialized","topic":"sensors/adxl345/raw"},"device":"rpi-9a2f6ea2e358535b","event":"MQTT_PUBLISH_SKIPPED","level":"WARNING","seq":40,"sig":"3724082039e517d3","ts":"2026-04-22T23:00:11.937245+00:00"}
{"category":"NETWORK","details":{"raw_payload":"{\"x\": -0.012, \"y\": -0.168, \"z\": 1.064, \"ts\": 1776898811.7964284}","reason":"MQTT client not initialized","topic":"sensors/adxl345/raw"},"device":"rpi-9a2f6ea2e358535b","event":"MQTT_PUBLISH_SKIPPED","level":"WARNING","seq":41,"sig":"03e826662c024e36","ts":"2026-04-22T23:00:11.937316+00:00"}
{"category":"NETWORK","details":{"raw_payload":"{\"x\": -0.012, \"y\": -0.152, \"z\": 1.024, \"ts\": 1776898811.8064284}","reason":"MQTT client not initialized","topic":"sensors/adxl345/raw"},"device":"rpi-9a2f6ea2e358535b","event":"MQTT_PUBLISH_SKIPPED","level":"WARNING","seq":42,"sig":"898dd2cd8b147922","ts":"2026-04-22T23:00:11.937386+00:00"}
{"category":"NETWORK","details":{"raw_payload":"{\"x\": -0.02, \"y\": -0.168, \"z\": 1.052, \"ts\": 1776898811.8164287}","reason":"MQTT client not initialized","topic":"sensors/adxl345/raw"},"device":"rpi-9a2f6ea2e358535b","event":"MQTT_PUBLISH_SKIPPED","level":"WARNING","seq":43,"sig":"8f1cb2891667aa95","ts":"2026-04-22T23:00:11.937456+00:00"}
{"category":"NETWORK","details":{"raw_payload":"{\"x\": -0.028, \"y\": -0.164, \"z\": 1.056, \"ts\": 1776898811.8264287}","reason":"MQTT client not initialized","topic":"sensors/adxl345/raw"},"device":"rpi-9a2f6ea2e358535b","event":"MQTT_PUBLISH_SKIPPED","level":"WARNING","seq":44,"sig":"4a2e10387dafecd7","ts":"2026-04-22T23:00:11.937526+00:00"}
{"category":"NETWORK","details":{"raw_payload":"{\"x\": -0.012, \"y\": -0.172, \"z\": 1.052, \"ts\": 1776898811.8364286}","reason":"MQTT client not initialized","topic":"sensors/adxl345/raw"},"device":"rpi-9a2f6ea2e358535b","event":"MQTT_PUBLISH_SKIPPED","level":"WARNING","seq":45,"sig":"bf1c6415a9fe7499","ts":"2026-04-22T23:00:11.937595+00:00"}
{"category":"NETWORK","details":{"raw_payload":"{\"x\": -0.016, \"y\": -0.164, \"z\": 1.048, \"ts\": 1776898811.8464286}","reason":"MQTT client not initialized","topic":"sensors/adxl345/raw"},"device":"rpi-9a2f6ea2e358535b","event":"MQTT_PUBLISH_SKIPPED","level":"WARNING","seq":46,"sig":"c133f0a53b7d8f88","ts":"2026-04-22T23:00:11.937664+00:00"}
{"category":"NETWORK","details":{"raw_payload":"{\"x\": -0.02, \"y\": -0.148, \"z\": 1.048, \"ts\": 1776898811.8564286}","reason":"MQTT client not initialized","topic":"sensors/adxl345/raw"},"device":"rpi-9a2f6ea2e358535b","event":"MQTT_PUBLISH_SKIPPED","level":"WARNING","seq":47,"sig":"84d2bcd30ffb94b3","ts":"2026-04-22T23:00:11.937732+00:00"}
{"category":"NETWORK","details":{"raw_payload":"{\"x\": -0.016, \"y\": -0.164, \"z\": 1.068, \"ts\": 1776898811.8664286}","reason":"MQTT client not initialized","topic":"sensors/adxl345/raw"},"device":"rpi-9a2f6ea2e358535b","event":"MQTT_PUBLISH_SKIPPED","level":"WARNING","seq":48,"sig":"fb5b8a8cb253b72e","ts":"2026-04-22T23:00:11.937800+00:00"}
{"category":"NETWORK","details":{"raw_payload":"{\"x\": -0.012, \"y\": -0.156, \"z\": 1.06, \"ts\": 1776898811.8764286}","reason":"MQTT client not initialized","topic":"sensors/adxl345/raw"},"device":"rpi-9a2f6ea2e358535b","event":"MQTT_PUBLISH_SKIPPED","level":"WARNING","seq":49,"sig":"0542b12d0f4e7ce9","ts":"2026-04-22T23:00:11.937867+00:00"}
{"category":"NETWORK","details":{"raw_payload":"{\"x\": -0.016, \"y\": -0.156, \"z\": 1.048, \"ts\": 1776898811.8864286}","reason":"MQTT client not initialized","topic":"sensors/adxl345/raw"},"device":"rpi-9a2f6ea2e358535b","event":"MQTT_PUBLISH_SKIPPED","level":"WARNING","seq":50,"sig":"ba0450554275d7ba","ts":"2026-04-22T23:00:11.937935+00:00"}
{"category":"NETWORK","details":{"raw_payload":"{\"x\": -0.004, \"y\": -0.18, \"z\": 1.056, \"ts\": 1776898811.8964286}","reason":"MQTT client not initialized","topic":"sensors/adxl345/raw"},"device":"rpi-9a2f6ea2e358535b","event":"MQTT_PUBLISH_SKIPPED","level":"WARNING","seq":51,"sig":"bc8e37e826fdaec6","ts":"2026-04-22T23:00:11.938006+00:00"}
{"category":"NETWORK","details":{"raw_payload":"{\"x\": -0.024, \"y\": -0.152, \"z\": 1.048, \"ts\": 1776898811.9064286}","reason":"MQTT client not initialized","topic":"sensors/adxl345/raw"},"device":"rpi-9a2f6ea2e358535b","event":"MQTT_PUBLISH_SKIPPED","level":"WARNING","seq":52,"sig":"8623ed9d8d2a0206","ts":"2026-04-22T23:00:11.938076+00:00"}
{"category":"NETWORK","details":{"raw_payload":"{\"x\": -0.012, \"y\": -0.168, \"z\": 1.076, \"ts\": 1776898811.9164286}","reason":"MQTT client not initialized","topic":"sensors/adxl345/raw"},"device":"rpi-9a2f6ea2e358535b","event":"MQTT_PUBLISH_SKIPPED","level":"WARNING","seq":53,"sig":"44bf961ea51b632f","ts":"2026-04-22T23:00:11.938145+00:00"}
{"category":"NETWORK","details":{"raw_payload":"{\"x\": -0.024, \"y\": -0.148, \"z\": 1.048, \"ts\": 1776898811.9264286}","reason":"MQTT client not initialized","topic":"sensors/adxl345/raw"},"device":"rpi-9a2f6ea2e358535b","event":"MQTT_PUBLISH_SKIPPED","level":"WARNING","seq":54,"sig":"0171a00e7deff452","ts":"2026-04-22T23:00:11.938214+00:00"}
{"category":"SENSOR","details":{"batch_ts":1776898812.1873,"sample_count":25},"device":"rpi-9a2f6ea2e358535b","event":"FIFO_READ","level":"INFO","seq":55,"sig":"fc8a1d593e78d016","ts":"2026-04-22T23:00:12.187312+00:00"}
{"category":"NETWORK","details":{"raw_payload":"{\"x\": 0.0, \"y\": -0.16, \"z\": 1.088, \"ts\": 1776898811.9373074}","reason":"MQTT client not initialized","topic":"sensors/adxl345/raw"},"device":"rpi-9a2f6ea2e358535b","event":"MQTT_PUBLISH_SKIPPED","level":"WARNING","seq":56,"sig":"d94773fc9a2a251c","ts":"2026-04-22T23:00:12.187449+00:00"}
{"category":"NETWORK","details":{"raw_payload":"{\"x\": 0.008, \"y\": -0.164, \"z\": 1.036, \"ts\": 1776898811.9473073}","reason":"MQTT client not initialized","topic":"sensors/adxl345/raw"},"device":"rpi-9a2f6ea2e358535b","event":"MQTT_PUBLISH_SKIPPED","level":"WARNING","seq":57,"sig":"70775c199e5d1720","ts":"2026-04-22T23:00:12.187587+00:00"}
{"category":"NETWORK","details":{"raw_payload":"{\"x\": -0.004, \"y\": -0.152, \"z\": 1.028, \"ts\": 1776898811.9573073}","reason":"MQTT client not initialized","topic":"sensors/adxl345/raw"},"device":"rpi-9a2f6ea2e358535b","event":"MQTT_PUBLISH_SKIPPED","level":"WARNING","seq":58,"sig":"0fa8d51e473c8653","ts":"2026-04-22T23:00:12.187677+00:00"}
{"category":"NETWORK","details":{"raw_payload":"{\"x\": -0.016, \"y\": -0.144, \"z\": 1.048, \"ts\": 1776898811.9673073}","reason":"MQTT client not initialized","topic":"sensors/adxl345/raw"},"device":"rpi-9a2f6ea2e358535b","event":"MQTT_PUBLISH_SKIPPED","level":"WARNING","seq":59,"sig":"953feaaf869cca57","ts":"2026-04-22T23:00:12.187765+00:00"}
{"category":"NETWORK","details":{"raw_payload":"{\"x\": -0.02, \"y\": -0.168, \"z\": 1.072, \"ts\": 1776898811.9773073}","reason":"MQTT client not initialized","topic":"sensors/adxl345/raw"},"device":"rpi-9a2f6ea2e358535b","event":"MQTT_PUBLISH_SKIPPED","level":"WARNING","seq":60,"sig":"118b111e512a1a18","ts":"2026-04-22T23:00:12.187845+00:00"}
{"category":"NETWORK","details":{"raw_payload":"{\"x\": -0.008, \"y\": -0.152, \"z\": 1.068, \"ts\": 1776898811.9873073}","reason":"MQTT client not initialized","topic":"sensors/adxl345/raw"},"device":"rpi-9a2f6ea2e358535b","event":"MQTT_PUBLISH_SKIPPED","level":"WARNING","seq":61,"sig":"c920e5fce7aeb64b","ts":"2026-04-22T23:00:12.187921+00:00"}
{"category":"NETWORK","details":{"raw_payload":"{\"x\": -0.012, \"y\": -0.164, \"z\": 1.072, \"ts\": 1776898811.9973073}","reason":"MQTT client not initialized","topic":"sensors/adxl345/raw"},"device":"rpi-9a2f6ea2e358535b","event":"MQTT_PUBLISH_SKIPPED","level":"WARNING","seq":62,"sig":"261679951ba0bb3e","ts":"2026-04-22T23:00:12.187993+00:00"}
{"category":"NETWORK","details":{"raw_payload":"{\"x\": -0.008, \"y\": -0.168, \"z\": 1.016, \"ts\": 1776898812.0073073}","reason":"MQTT client not initialized","topic":"sensors/adxl345/raw"},"device":"rpi-9a2f6ea2e358535b","event":"MQTT_PUBLISH_SKIPPED","level":"WARNING","seq":63,"sig":"aa2b39597bbb5c02","ts":"2026-04-22T23:00:12.188069+00:00"}
{"category":"NETWORK","details":{"raw_payload":"{\"x\": 0.0, \"y\": -0.18, \"z\": 1.048, \"ts\": 1776898812.0173073}","reason":"MQTT client not initialized","topic":"sensors/adxl345/raw"},"device":"rpi-9a2f6ea2e358535b","event":"MQTT_PUBLISH_SKIPPED","level":"WARNING","seq":64,"sig":"937ef9fd5f40566d","ts":"2026-04-22T23:00:12.188139+00:00"}
{"category":"NETWORK","details":{"raw_payload":"{\"x\": -0.012, \"y\": -0.164, \"z\": 1.048, \"ts\": 1776898812.0273073}","reason":"MQTT client not initialized","topic":"sensors/adxl345/raw"},"device":"rpi-9a2f6ea2e358535b","event":"MQTT_PUBLISH_SKIPPED","level":"WARNING","seq":65,"sig":"470d0f6a209eeca2","ts":"2026-04-22T23:00:12.188209+00:00"}
{"category":"NETWORK","details":{"raw_payload":"{\"x\": -0.016, \"y\": -0.148, \"z\": 1.036, \"ts\": 1776898812.0373073}","reason":"MQTT client not initialized","topic":"sensors/adxl345/raw"},"device":"rpi-9a2f6ea2e358535b","event":"MQTT_PUBLISH_SKIPPED","level":"WARNING","seq":66,"sig":"77fcd8b0796aab68","ts":"2026-04-22T23:00:12.188278+00:00"}
{"category":"NETWORK","details":{"raw_payload":"{\"x\": -0.02, \"y\": -0.156, \"z\": 1.064, \"ts\": 1776898812.0473073}","reason":"MQTT client not initialized","topic":"sensors/adxl345/raw"},"device":"rpi-9a2f6ea2e358535b","event":"MQTT_PUBLISH_SKIPPED","level":"WARNING","seq":67,"sig":"ba685f78e9f143ad","ts":"2026-04-22T23:00:12.188348+00:00"}
{"category":"NETWORK","details":{"raw_payload":"{\"x\": -0.016, \"y\": -0.156, \"z\": 1.064, \"ts\": 1776898812.0573072}","reason":"MQTT client not initialized","topic":"sensors/adxl345/raw"},"device":"rpi-9a2f6ea2e358535b","event":"MQTT_PUBLISH_SKIPPED","level":"WARNING","seq":68,"sig":"b1c307440faa0f1d","ts":"2026-04-22T23:00:12.188416+00:00"}
{"category":"NETWORK","details":{"raw_payload":"{\"x\": -0.004, \"y\": -0.156, \"z\": 1.048, \"ts\": 1776898812.0673075}","reason":"MQTT client not initialized","topic":"sensors/adxl345/raw"},"device":"rpi-9a2f6ea2e358535b","event":"MQTT_PUBLISH_SKIPPED","level":"WARNING","seq":69,"sig":"6b82b18a9135f3e6","ts":"2026-04-22T23:00:12.188483+00:00"}
{"category":"NETWORK","details":{"raw_payload":"{\"x\": -0.012, \"y\": -0.156, \"z\": 1.072, \"ts\": 1776898812.0773075}","reason":"MQTT client not initialized","topic":"sensors/adxl345/raw"},"device":"rpi-9a2f6ea2e358535b","event":"MQTT_PUBLISH_SKIPPED","level":"WARNING","seq":70,"sig":"21ee5c04dd51af0c","ts":"2026-04-22T23:00:12.188550+00:00"}
{"category":"NETWORK","details":{"raw_payload":"{\"x\": -0.02, \"y\": -0.16, \"z\": 1.048, \"ts\": 1776898812.0873075}","reason":"MQTT client not initialized","topic":"sensors/adxl345/raw"},"device":"rpi-9a2f6ea2e358535b","event":"MQTT_PUBLISH_SKIPPED","level":"WARNING","seq":71,"sig":"e10533cc9a24adee","ts":"2026-04-22T23:00:12.188616+00:00"}
{"category":"NETWORK","details":{"raw_payload":"{\"x\": -0.02, \"y\": -0.16, \"z\": 1.064, \"ts\": 1776898812.0973074}","reason":"MQTT client not initialized","topic":"sensors/adxl345/raw"},"device":"rpi-9a2f6ea2e358535b","event":"MQTT_PUBLISH_SKIPPED","level":"WARNING","seq":72,"sig":"ebf773f55c45856b","ts":"2026-04-22T23:00:12.188718+00:00"}
{"category":"NETWORK","details":{"raw_payload":"{\"x\": -0.016, \"y\": -0.164, \"z\": 1.06, \"ts\": 1776898812.1073074}","reason":"MQTT client not initialized","topic":"sensors/adxl345/raw"},"device":"rpi-9a2f6ea2e358535b","event":"MQTT_PUBLISH_SKIPPED","level":"WARNING","seq":73,"sig":"aec32ff3d30644e6","ts":"2026-04-22T23:00:12.188790+00:00"}
{"category":"NETWORK","details":{"raw_payload":"{\"x\": -0.028, \"y\": -0.172, \"z\": 1.032, \"ts\": 1776898812.1173074}","reason":"MQTT client not initialized","topic":"sensors/adxl345/raw"},"device":"rpi-9a2f6ea2e358535b","event":"MQTT_PUBLISH_SKIPPED","level":"WARNING","seq":74,"sig":"2a5501400649588f","ts":"2026-04-22T23:00:12.188860+00:00"}
{"category":"NETWORK","details":{"raw_payload":"{\"x\": -0.024, \"y\": -0.152, \"z\": 1.052, \"ts\": 1776898812.1273074}","reason":"MQTT client not initialized","topic":"sensors/adxl345/raw"},"device":"rpi-9a2f6ea2e358535b","event":"MQTT_PUBLISH_SKIPPED","level":"WARNING","seq":75,"sig":"103c8fcec6dbb4e4","ts":"2026-04-22T23:00:12.188938+00:00"}
{"category":"NETWORK","details":{"raw_payload":"{\"x\": -0.024, \"y\": -0.168, \"z\": 1.064, \"ts\": 1776898812.1373074}","reason":"MQTT client not initialized","topic":"sensors/adxl345/raw"},"device":"rpi-9a2f6ea2e358535b","event":"MQTT_PUBLISH_SKIPPED","level":"WARNING","seq":76,"sig":"8f06de74cf70c384","ts":"2026-04-22T23:00:12.189008+00:00"}
{"category":"NETWORK","details":{"raw_payload":"{\"x\": -0.02, \"y\": -0.148, \"z\": 1.056, \"ts\": 1776898812.1473074}","reason":"MQTT client not initialized","topic":"sensors/adxl345/raw"},"device":"rpi-9a2f6ea2e358535b","event":"MQTT_PUBLISH_SKIPPED","level":"WARNING","seq":77,"sig":"bdce5b91a46c50b6","ts":"2026-04-22T23:00:12.189076+00:00"}
{"category":"NETWORK","details":{"raw_payload":"{\"x\": -0.02, \"y\": -0.172, \"z\": 1.032, \"ts\": 1776898812.1573074}","reason":"MQTT client not initialized","topic":"sensors/adxl345/raw"},"device":"rpi-9a2f6ea2e358535b","event":"MQTT_PUBLISH_SKIPPED","level":"WARNING","seq":78,"sig":"b8c585cf66123e7a","ts":"2026-04-22T23:00:12.189144+00:00"}
{"category":"NETWORK","details":{"raw_payload":"{\"x\": -0.028, \"y\": -0.164, \"z\": 1.044, \"ts\": 1776898812.1673074}","reason":"MQTT client not initialized","topic":"sensors/adxl345/raw"},"device":"rpi-9a2f6ea2e358535b","event":"MQTT_PUBLISH_SKIPPED","level":"WARNING","seq":79,"sig":"32afbbc5204d51ee","ts":"2026-04-22T23:00:12.189210+00:00"}
{"category":"NETWORK","details":{"raw_payload":"{\"x\": -0.036, \"y\": -0.144, \"z\": 1.056, \"ts\": 1776898812.1773074}","reason":"MQTT client not initialized","topic":"sensors/adxl345/raw"},"device":"rpi-9a2f6ea2e358535b","event":"MQTT_PUBLISH_SKIPPED","level":"WARNING","seq":80,"sig":"99d5a26e5c36148b","ts":"2026-04-22T23:00:12.189277+00:00"}
{"category":"SENSOR","details":{"batch_ts":1776898812.4373,"sample_count":25},"device":"rpi-9a2f6ea2e358535b","event":"FIFO_READ","level":"INFO","seq":81,"sig":"8d8e3533a7a945fe","ts":"2026-04-22T23:00:12.437330+00:00"}
{"category":"NETWORK","details":{"raw_payload":"{\"x\": -0.028, \"y\": -0.172, \"z\": 1.052, \"ts\": 1776898812.1873229}","reason":"MQTT client not initialized","topic":"sensors/adxl345/raw"},"device":"rpi-9a2f6ea2e358535b","event":"MQTT_PUBLISH_SKIPPED","level":"WARNING","seq":82,"sig":"e5f4c25057e8a8e8","ts":"2026-04-22T23:00:12.437490+00:00"}
{"category":"NETWORK","details":{"raw_payload":"{\"x\": -0.016, \"y\": -0.156, \"z\": 1.064, \"ts\": 1776898812.1973228}","reason":"MQTT client not initialized","topic":"sensors/adxl345/raw"},"device":"rpi-9a2f6ea2e358535b","event":"MQTT_PUBLISH_SKIPPED","level":"WARNING","seq":83,"sig":"ad062fd20ea1bc2f","ts":"2026-04-22T23:00:12.437599+00:00"}
{"category":"NETWORK","details":{"raw_payload":"{\"x\": -0.024, \"y\": -0.148, \"z\": 1.056, \"ts\": 1776898812.2073228}","reason":"MQTT client not initialized","topic":"sensors/adxl345/raw"},"device":"rpi-9a2f6ea2e358535b","event":"MQTT_PUBLISH_SKIPPED","level":"WARNING","seq":84,"sig":"ec3312ca26145371","ts":"2026-04-22T23:00:12.437685+00:00"}
{"category":"NETWORK","details":{"raw_payload":"{\"x\": -0.012, \"y\": -0.16, \"z\": 1.076, \"ts\": 1776898812.2173228}","reason":"MQTT client not initialized","topic":"sensors/adxl345/raw"},"device":"rpi-9a2f6ea2e358535b","event":"MQTT_PUBLISH_SKIPPED","level":"WARNING","seq":85,"sig":"d3d015943b6421a1","ts":"2026-04-22T23:00:12.437763+00:00"}
{"category":"NETWORK","details":{"raw_payload":"{\"x\": -0.008, \"y\": -0.152, \"z\": 1.048, \"ts\": 1776898812.2273228}","reason":"MQTT client not initialized","topic":"sensors/adxl345/raw"},"device":"rpi-9a2f6ea2e358535b","event":"MQTT_PUBLISH_SKIPPED","level":"WARNING","seq":86,"sig":"b52cce96cf6d8e97","ts":"2026-04-22T23:00:12.437866+00:00"}
{"category":"NETWORK","details":{"raw_payload":"{\"x\": -0.008, \"y\": -0.144, \"z\": 1.036, \"ts\": 1776898812.2373228}","reason":"MQTT client not initialized","topic":"sensors/adxl345/raw"},"device":"rpi-9a2f6ea2e358535b","event":"MQTT_PUBLISH_SKIPPED","level":"WARNING","seq":87,"sig":"c8e383a6021f999c","ts":"2026-04-22T23:00:12.437993+00:00"}
{"category":"NETWORK","details":{"raw_payload":"{\"x\": -0.016, \"y\": -0.156, \"z\": 1.056, \"ts\": 1776898812.2473228}","reason":"MQTT client not initialized","topic":"sensors/adxl345/raw"},"device":"rpi-9a2f6ea2e358535b","event":"MQTT_PUBLISH_SKIPPED","level":"WARNING","seq":88,"sig":"f01d62209d57e3bf","ts":"2026-04-22T23:00:12.438125+00:00"}
{"category":"NETWORK","details":{"raw_payload":"{\"x\": -0.012, \"y\": -0.156, \"z\": 1.048, \"ts\": 1776898812.2573228}","reason":"MQTT client not initialized","topic":"sensors/adxl345/raw"},"device":"rpi-9a2f6ea2e358535b","event":"MQTT_PUBLISH_SKIPPED","level":"WARNING","seq":89,"sig":"39803fe37c3d8a06","ts":"2026-04-22T23:00:12.438207+00:00"}
{"category":"NETWORK","details":{"raw_payload":"{\"x\": -0.004, \"y\": -0.168, \"z\": 1.056, \"ts\": 1776898812.2673228}","reason":"MQTT client not initialized","topic":"sensors/adxl345/raw"},"device":"rpi-9a2f6ea2e358535b","event":"MQTT_PUBLISH_SKIPPED","level":"WARNING","seq":90,"sig":"9c3f10b0be46b161","ts":"2026-04-22T23:00:12.438279+00:00"}
{"category":"NETWORK","details":{"raw_payload":"{\"x\": -0.004, \"y\": -0.168, \"z\": 1.056, \"ts\": 1776898812.2773228}","reason":"MQTT client not initialized","topic":"sensors/adxl345/raw"},"device":"rpi-9a2f6ea2e358535b","event":"MQTT_PUBLISH_SKIPPED","level":"WARNING","seq":91,"sig":"78f99769f4531b1d","ts":"2026-04-22T23:00:12.438363+00:00"}
{"category":"NETWORK","details":{"raw_payload":"{\"x\": -0.02, \"y\": -0.156, \"z\": 1.06, \"ts\": 1776898812.2873228}","reason":"MQTT client not initialized","topic":"sensors/adxl345/raw"},"device":"rpi-9a2f6ea2e358535b","event":"MQTT_PUBLISH_SKIPPED","level":"WARNING","seq":92,"sig":"b12eeb155b0f3c36","ts":"2026-04-22T23:00:12.438434+00:00"}
{"category":"NETWORK","details":{"raw_payload":"{\"x\": -0.012, \"y\": -0.148, \"z\": 1.056, \"ts\": 1776898812.2973228}","reason":"MQTT client not initialized","topic":"sensors/adxl345/raw"},"device":"rpi-9a2f6ea2e358535b","event":"MQTT_PUBLISH_SKIPPED","level":"WARNING","seq":93,"sig":"0070d787289398d3","ts":"2026-04-22T23:00:12.438496+00:00"}
{"category":"NETWORK","details":{"raw_payload":"{\"x\": -0.004, \"y\": -0.152, \"z\": 1.064, \"ts\": 1776898812.3073227}","reason":"MQTT client not initialized","topic":"sensors/adxl345/raw"},"device":"rpi-9a2f6ea2e358535b","event":"MQTT_PUBLISH_SKIPPED","level":"WARNING","seq":94,"sig":"3f811faa71167dd4","ts":"2026-04-22T23:00:12.438554+00:00"}
{"category":"NETWORK","details":{"raw_payload":"{\"x\": -0.02, \"y\": -0.172, \"z\": 1.052, \"ts\": 1776898812.317323}","reason":"MQTT client not initialized","topic":"sensors/adxl345/raw"},"device":"rpi-9a2f6ea2e358535b","event":"MQTT_PUBLISH_SKIPPED","level":"WARNING","seq":95,"sig":"e6f36b3b7a851ce7","ts":"2026-04-22T23:00:12.438612+00:00"}
{"category":"NETWORK","details":{"raw_payload":"{\"x\": -0.036, \"y\": -0.196, \"z\": 1.048, \"ts\": 1776898812.327323}","reason":"MQTT client not initialized","topic":"sensors/adxl345/raw"},"device":"rpi-9a2f6ea2e358535b","event":"MQTT_PUBLISH_SKIPPED","level":"WARNING","seq":96,"sig":"4234cac386e4048d","ts":"2026-04-22T23:00:12.438670+00:00"}
{"category":"NETWORK","details":{"raw_payload":"{\"x\": -0.012, \"y\": -0.172, \"z\": 1.068, \"ts\": 1776898812.337323}","reason":"MQTT client not initialized","topic":"sensors/adxl345/raw"},"device":"rpi-9a2f6ea2e358535b","event":"MQTT_PUBLISH_SKIPPED","level":"WARNING","seq":97,"sig":"af4f00099fcae123","ts":"2026-04-22T23:00:12.438726+00:00"}
{"category":"NETWORK","details":{"raw_payload":"{\"x\": -0.004, \"y\": -0.152, \"z\": 1.068, \"ts\": 1776898812.347323}","reason":"MQTT client not initialized","topic":"sensors/adxl345/raw"},"device":"rpi-9a2f6ea2e358535b","event":"MQTT_PUBLISH_SKIPPED","level":"WARNING","seq":98,"sig":"f5c924c958d14e95","ts":"2026-04-22T23:00:12.438787+00:00"}
{"category":"NETWORK","details":{"raw_payload":"{\"x\": -0.032, \"y\": -0.16, \"z\": 1.048, \"ts\": 1776898812.357323}","reason":"MQTT client not initialized","topic":"sensors/adxl345/raw"},"device":"rpi-9a2f6ea2e358535b","event":"MQTT_PUBLISH_SKIPPED","level":"WARNING","seq":99,"sig":"493a5b9590e9e7b4","ts":"2026-04-22T23:00:12.438845+00:00"}
{"category":"NETWORK","details":{"raw_payload":"{\"x\": -0.024, \"y\": -0.16, \"z\": 1.056, \"ts\": 1776898812.367323}","reason":"MQTT client not initialized","topic":"sensors/adxl345/raw"},"device":"rpi-9a2f6ea2e358535b","event":"MQTT_PUBLISH_SKIPPED","level":"WARNING","seq":100,"sig":"90ec9c6bf19f84f2","ts":"2026-04-22T23:00:12.438902+00:00"}
{"category":"NETWORK","details":{"raw_payload":"{\"x\": -0.012, \"y\": -0.156, \"z\": 1.048, \"ts\": 1776898812.377323}","reason":"MQTT client not initialized","topic":"sensors/adxl345/raw"},"device":"rpi-9a2f6ea2e358535b","event":"MQTT_PUBLISH_SKIPPED","level":"WARNING","seq":101,"sig":"5963c545d5f20d94","ts":"2026-04-22T23:00:12.438960+00:00"}
{"category":"NETWORK","details":{"raw_payload":"{\"x\": -0.024, \"y\": -0.164, \"z\": 1.048, \"ts\": 1776898812.387323}","reason":"MQTT client not initialized","topic":"sensors/adxl345/raw"},"device":"rpi-9a2f6ea2e358535b","event":"MQTT_PUBLISH_SKIPPED","level":"WARNING","seq":102,"sig":"d308a41ad0ab024d","ts":"2026-04-22T23:00:12.439017+00:00"}
{"category":"NETWORK","details":{"raw_payload":"{\"x\": -0.016, \"y\": -0.176, \"z\": 1.056, \"ts\": 1776898812.397323}","reason":"MQTT client not initialized","topic":"sensors/adxl345/raw"},"device":"rpi-9a2f6ea2e358535b","event":"MQTT_PUBLISH_SKIPPED","level":"WARNING","seq":103,"sig":"d641cfe7d092d3ec","ts":"2026-04-22T23:00:12.439143+00:00"}
{"category":"NETWORK","details":{"raw_payload":"{\"x\": -0.004, \"y\": -0.156, \"z\": 1.06, \"ts\": 1776898812.407323}","reason":"MQTT client not initialized","topic":"sensors/adxl345/raw"},"device":"rpi-9a2f6ea2e358535b","event":"MQTT_PUBLISH_SKIPPED","level":"WARNING","seq":104,"sig":"8eb262c8e9f19ba4","ts":"2026-04-22T23:00:12.439227+00:00"}
{"category":"NETWORK","details":{"raw_payload":"{\"x\": -0.012, \"y\": -0.16, \"z\": 1.044, \"ts\": 1776898812.4173229}","reason":"MQTT client not initialized","topic":"sensors/adxl345/raw"},"device":"rpi-9a2f6ea2e358535b","event":"MQTT_PUBLISH_SKIPPED","level":"WARNING","seq":105,"sig":"9d1844b4c17f89cf","ts":"2026-04-22T23:00:12.439294+00:00"}
{"category":"NETWORK","details":{"raw_payload":"{\"x\": -0.016, \"y\": -0.152, \"z\": 1.028, \"ts\": 1776898812.4273229}","reason":"MQTT client not initialized","topic":"sensors/adxl345/raw"},"device":"rpi-9a2f6ea2e358535b","event":"MQTT_PUBLISH_SKIPPED","level":"WARNING","seq":106,"sig":"9d31c392c1de42fb","ts":"2026-04-22T23:00:12.439355+00:00"}
{"category":"SENSOR","details":{"batch_ts":1776898812.6873,"sample_count":25},"device":"rpi-9a2f6ea2e358535b","event":"FIFO_READ","level":"INFO","seq":107,"sig":"84df72dac7b5aaff","ts":"2026-04-22T23:00:12.687335+00:00"}
{"category":"NETWORK","details":{"raw_payload":"{\"x\": 0.0, \"y\": -0.152, \"z\": 1.04, \"ts\": 1776898812.4373283}","reason":"MQTT client not initialized","topic":"sensors/adxl345/raw"},"device":"rpi-9a2f6ea2e358535b","event":"MQTT_PUBLISH_SKIPPED","level":"WARNING","seq":108,"sig":"e65d9ba978fda0db","ts":"2026-04-22T23:00:12.687487+00:00"}
{"category":"NETWORK","details":{"raw_payload":"{\"x\": -0.016, \"y\": -0.136, \"z\": 1.048, \"ts\": 1776898812.4473283}","reason":"MQTT client not initialized","topic":"sensors/adxl345/raw"},"device":"rpi-9a2f6ea2e358535b","event":"MQTT_PUBLISH_SKIPPED","level":"WARNING","seq":109,"sig":"761845873a094aab","ts":"2026-04-22T23:00:12.687634+00:00"}
{"category":"NETWORK","details":{"raw_payload":"{\"x\": 0.008, \"y\": -0.156, \"z\": 1.064, \"ts\": 1776898812.4573283}","reason":"MQTT client not initialized","topic":"sensors/adxl345/raw"},"device":"rpi-9a2f6ea2e358535b","event":"MQTT_PUBLISH_SKIPPED","level":"WARNING","seq":110,"sig":"746dddc74fa91fc3","ts":"2026-04-22T23:00:12.687739+00:00"}
{"category":"NETWORK","details":{"raw_payload":"{\"x\": 0.004, \"y\": -0.152, \"z\": 1.04, \"ts\": 1776898812.4673283}","reason":"MQTT client not initialized","topic":"sensors/adxl345/raw"},"device":"rpi-9a2f6ea2e358535b","event":"MQTT_PUBLISH_SKIPPED","level":"WARNING","seq":111,"sig":"ea6f094390ebc92c","ts":"2026-04-22T23:00:12.687852+00:00"}
{"category":"NETWORK","details":{"raw_payload":"{\"x\": -0.004, \"y\": -0.16, \"z\": 1.064, \"ts\": 1776898812.4773283}","reason":"MQTT client not initialized","topic":"sensors/adxl345/raw"},"device":"rpi-9a2f6ea2e358535b","event":"MQTT_PUBLISH_SKIPPED","level":"WARNING","seq":112,"sig":"183b3f3d26a4b5b7","ts":"2026-04-22T23:00:12.688015+00:00"}
{"category":"NETWORK","details":{"raw_payload":"{\"x\": -0.012, \"y\": -0.156, \"z\": 1.048, \"ts\": 1776898812.4873283}","reason":"MQTT client not initialized","topic":"sensors/adxl345/raw"},"device":"rpi-9a2f6ea2e358535b","event":"MQTT_PUBLISH_SKIPPED","level":"WARNING","seq":113,"sig":"7307661e088a30de","ts":"2026-04-22T23:00:12.688124+00:00"}
{"category":"NETWORK","details":{"raw_payload":"{\"x\": -0.016, \"y\": -0.156, \"z\": 1.06, \"ts\": 1776898812.4973283}","reason":"MQTT client not initialized","topic":"sensors/adxl345/raw"},"device":"rpi-9a2f6ea2e358535b","event":"MQTT_PUBLISH_SKIPPED","level":"WARNING","seq":114,"sig":"2236434765901dca","ts":"2026-04-22T23:00:12.688257+00:00"}
{"category":"NETWORK","details":{"raw_payload":"{\"x\": -0.02, \"y\": -0.156, \"z\": 1.064, \"ts\": 1776898812.5073283}","reason":"MQTT client not initialized","topic":"sensors/adxl345/raw"},"device":"rpi-9a2f6ea2e358535b","event":"MQTT_PUBLISH_SKIPPED","level":"WARNING","seq":115,"sig":"320928f61299e921","ts":"2026-04-22T23:00:12.688345+00:00"}
{"category":"NETWORK","details":{"raw_payload":"{\"x\": -0.012, \"y\": -0.16, \"z\": 1.056, \"ts\": 1776898812.5173283}","reason":"MQTT client not initialized","topic":"sensors/adxl345/raw"},"device":"rpi-9a2f6ea2e358535b","event":"MQTT_PUBLISH_SKIPPED","level":"WARNING","seq":116,"sig":"6739b664ba25030e","ts":"2026-04-22T23:00:12.688420+00:00"}
{"category":"NETWORK","details":{"raw_payload":"{\"x\": -0.004, \"y\": -0.18, \"z\": 1.088, \"ts\": 1776898812.5273283}","reason":"MQTT client not initialized","topic":"sensors/adxl345/raw"},"device":"rpi-9a2f6ea2e358535b","event":"MQTT_PUBLISH_SKIPPED","level":"WARNING","seq":117,"sig":"6ffc45da2ec77874","ts":"2026-04-22T23:00:12.688506+00:00"}
{"category":"NETWORK","details":{"raw_payload":"{\"x\": -0.028, \"y\": -0.16, \"z\": 1.064, \"ts\": 1776898812.5373282}","reason":"MQTT client not initialized","topic":"sensors/adxl345/raw"},"device":"rpi-9a2f6ea2e358535b","event":"MQTT_PUBLISH_SKIPPED","level":"WARNING","seq":118,"sig":"18a92ee61d7c74b3","ts":"2026-04-22T23:00:12.688654+00:00"}
{"category":"NETWORK","details":{"raw_payload":"{\"x\": -0.012, \"y\": -0.164, \"z\": 1.048, \"ts\": 1776898812.5473282}","reason":"MQTT client not initialized","topic":"sensors/adxl345/raw"},"device":"rpi-9a2f6ea2e358535b","event":"MQTT_PUBLISH_SKIPPED","level":"WARNING","seq":119,"sig":"3337f538e8fb7491","ts":"2026-04-22T23:00:12.688794+00:00"}
{"category":"NETWORK","details":{"raw_payload":"{\"x\": -0.028, \"y\": -0.164, \"z\": 1.068, \"ts\": 1776898812.5573282}","reason":"MQTT client not initialized","topic":"sensors/adxl345/raw"},"device":"rpi-9a2f6ea2e358535b","event":"MQTT_PUBLISH_SKIPPED","level":"WARNING","seq":120,"sig":"5be93b161de8ae3a","ts":"2026-04-22T23:00:12.688874+00:00"}
{"category":"NETWORK","details":{"raw_payload":"{\"x\": -0.016, \"y\": -0.148, \"z\": 1.044, \"ts\": 1776898812.5673285}","reason":"MQTT client not initialized","topic":"sensors/adxl345/raw"},"device":"rpi-9a2f6ea2e358535b","event":"MQTT_PUBLISH_SKIPPED","level":"WARNING","seq":121,"sig":"640b0b73b871084f","ts":"2026-04-22T23:00:12.688980+00:00"}
{"category":"NETWORK","details":{"raw_payload":"{\"x\": -0.024, \"y\": -0.172, \"z\": 1.072, \"ts\": 1776898812.5773284}","reason":"MQTT client not initialized","topic":"sensors/adxl345/raw"},"device":"rpi-9a2f6ea2e358535b","event":"MQTT_PUBLISH_SKIPPED","level":"WARNING","seq":122,"sig":"6dc29f63f53d0a10","ts":"2026-04-22T23:00:12.689077+00:00"}
{"category":"NETWORK","details":{"raw_payload":"{\"x\": -0.016, \"y\": -0.152, \"z\": 1.036, \"ts\": 1776898812.5873284}","reason":"MQTT client not initialized","topic":"sensors/adxl345/raw"},"device":"rpi-9a2f6ea2e358535b","event":"MQTT_PUBLISH_SKIPPED","level":"WARNING","seq":123,"sig":"45e50dea623d2744","ts":"2026-04-22T23:00:12.689153+00:00"}
{"category":"NETWORK","details":{"raw_payload":"{\"x\": -0.008, \"y\": -0.18, \"z\": 1.064, \"ts\": 1776898812.5973284}","reason":"MQTT client not initialized","topic":"sensors/adxl345/raw"},"device":"rpi-9a2f6ea2e358535b","event":"MQTT_PUBLISH_SKIPPED","level":"WARNING","seq":124,"sig":"e505bcc5b829773d","ts":"2026-04-22T23:00:12.689224+00:00"}
{"category":"NETWORK","details":{"raw_payload":"{\"x\": -0.028, \"y\": -0.152, \"z\": 1.052, \"ts\": 1776898812.6073284}","reason":"MQTT client not initialized","topic":"sensors/adxl345/raw"},"device":"rpi-9a2f6ea2e358535b","event":"MQTT_PUBLISH_SKIPPED","level":"WARNING","seq":125,"sig":"f6140a5f29e6360c","ts":"2026-04-22T23:00:12.689294+00:00"}
{"category":"NETWORK","details":{"raw_payload":"{\"x\": -0.012, \"y\": -0.148, \"z\": 1.044, \"ts\": 1776898812.6173284}","reason":"MQTT client not initialized","topic":"sensors/adxl345/raw"},"device":"rpi-9a2f6ea2e358535b","event":"MQTT_PUBLISH_SKIPPED","level":"WARNING","seq":126,"sig":"0c7d0618fff073a0","ts":"2026-04-22T23:00:12.689362+00:00"}
{"category":"NETWORK","details":{"raw_payload":"{\"x\": -0.016, \"y\": -0.144, \"z\": 1.056, \"ts\": 1776898812.6273284}","reason":"MQTT client not initialized","topic":"sensors/adxl345/raw"},"device":"rpi-9a2f6ea2e358535b","event":"MQTT_PUBLISH_SKIPPED","level":"WARNING","seq":127,"sig":"33316e8bb4615716","ts":"2026-04-22T23:00:12.689430+00:00"}
{"category":"NETWORK","details":{"raw_payload":"{\"x\": -0.016, \"y\": -0.164, \"z\": 1.06, \"ts\": 1776898812.6373284}","reason":"MQTT client not initialized","topic":"sensors/adxl345/raw"},"device":"rpi-9a2f6ea2e358535b","event":"MQTT_PUBLISH_SKIPPED","level":"WARNING","seq":128,"sig":"a9c01dc7ee3153e5","ts":"2026-04-22T23:00:12.689497+00:00"}
{"category":"NETWORK","details":{"raw_payload":"{\"x\": -0.016, \"y\": -0.168, \"z\": 1.028, \"ts\": 1776898812.6473284}","reason":"MQTT client not initialized","topic":"sensors/adxl345/raw"},"device":"rpi-9a2f6ea2e358535b","event":"MQTT_PUBLISH_SKIPPED","level":"WARNING","seq":129,"sig":"606f7c669eef630b","ts":"2026-04-22T23:00:12.689563+00:00"}
{"category":"NETWORK","details":{"raw_payload":"{\"x\": -0.016, \"y\": -0.172, \"z\": 1.068, \"ts\": 1776898812.6573284}","reason":"MQTT client not initialized","topic":"sensors/adxl345/raw"},"device":"rpi-9a2f6ea2e358535b","event":"MQTT_PUBLISH_SKIPPED","level":"WARNING","seq":130,"sig":"68969eab68eabdf6","ts":"2026-04-22T23:00:12.689630+00:00"}
{"category":"NETWORK","details":{"raw_payload":"{\"x\": -0.032, \"y\": -0.164, \"z\": 1.052, \"ts\": 1776898812.6673284}","reason":"MQTT client not initialized","topic":"sensors/adxl345/raw"},"device":"rpi-9a2f6ea2e358535b","event":"MQTT_PUBLISH_SKIPPED","level":"WARNING","seq":131,"sig":"eafe6b56dd51255f","ts":"2026-04-22T23:00:12.689697+00:00"}
{"category":"NETWORK","details":{"raw_payload":"{\"x\": -0.02, \"y\": -0.172, \"z\": 1.06, \"ts\": 1776898812.6773283}","reason":"MQTT client not initialized","topic":"sensors/adxl345/raw"},"device":"rpi-9a2f6ea2e358535b","event":"MQTT_PUBLISH_SKIPPED","level":"WARNING","seq":132,"sig":"0d4bc56ba115a007","ts":"2026-04-22T23:00:12.689763+00:00"}
{"category":"DATA","details":{"band_hz":[3.0,8.0],"batch_ts":1776898812.6873,"x_peak_g":0.004855,"x_peak_hz":4.0,"y_peak_g":0.003755,"y_peak_hz":4.0,"z_peak_g":0.003676,"z_peak_hz":5.0},"device":"rpi-9a2f6ea2e358535b","event":"FFT_RESULT","level":"INFO","seq":133,"sig":"56ed767ed70aa077","ts":"2026-04-22T23:00:12.691453+00:00"}
{"category":"NETWORK","details":{"fft_payload":"{\"fft\": {\"band_hz\": [3.0, 8.0], \"x\": {\"peak_hz\": 4.0, \"peak_amp_g\": 0.004855, \"mean_amp_g\": 0.002293}, \"y\": {\"peak_hz\": 4.0, \"peak_amp_g\": 0.003755, \"mean_amp_g\": 0.002128}, \"z\": {\"peak_hz\": 5.0, \"peak_amp_g\": 0.003676, \"mean_amp_g\": 0.002161}}, \"ts\": 1776898812.6873283}","reason":"MQTT client not initialized","topic":"sensors/adxl345/fft"},"device":"rpi-9a2f6ea2e358535b","event":"MQTT_PUBLISH_SKIPPED","level":"WARNING","seq":134,"sig":"73edec7365894626","ts":"2026-04-22T23:00:12.691618+00:00"}
{"category":"SENSOR","details":{"batch_ts":1776898812.9373,"sample_count":25},"device":"rpi-9a2f6ea2e358535b","event":"FIFO_READ","level":"INFO","seq":135,"sig":"d691c7e65a119e78","ts":"2026-04-22T23:00:12.937339+00:00"}
{"category":"NETWORK","details":{"raw_payload":"{\"x\": -0.008, \"y\": -0.156, \"z\": 1.044, \"ts\": 1776898812.6873305}","reason":"MQTT client not initialized","topic":"sensors/adxl345/raw"},"device":"rpi-9a2f6ea2e358535b","event":"MQTT_PUBLISH_SKIPPED","level":"WARNING","seq":136,"sig":"77e2be752562246b","ts":"2026-04-22T23:00:12.937533+00:00"}
{"category":"NETWORK","details":{"raw_payload":"{\"x\": -0.008, \"y\": -0.156, \"z\": 1.052, \"ts\": 1776898812.6973305}","reason":"MQTT client not initialized","topic":"sensors/adxl345/raw"},"device":"rpi-9a2f6ea2e358535b","event":"MQTT_PUBLISH_SKIPPED","level":"WARNING","seq":137,"sig":"e462df0e7bda36f0","ts":"2026-04-22T23:00:12.937696+00:00"}
{"category":"NETWORK","details":{"raw_payload":"{\"x\": 0.0, \"y\": -0.156, \"z\": 1.08, \"ts\": 1776898812.7073305}","reason":"MQTT client not initialized","topic":"sensors/adxl345/raw"},"device":"rpi-9a2f6ea2e358535b","event":"MQTT_PUBLISH_SKIPPED","level":"WARNING","seq":138,"sig":"db03a3bd378c17a3","ts":"2026-04-22T23:00:12.937807+00:00"}
{"category":"NETWORK","details":{"raw_payload":"{\"x\": 0.0, \"y\": -0.14, \"z\": 1.068, \"ts\": 1776898812.7173305}","reason":"MQTT client not initialized","topic":"sensors/adxl345/raw"},"device":"rpi-9a2f6ea2e358535b","event":"MQTT_PUBLISH_SKIPPED","level":"WARNING","seq":139,"sig":"7fb700624ae26c0f","ts":"2026-04-22T23:00:12.937896+00:00"}
{"category":"NETWORK","details":{"raw_payload":"{\"x\": -0.016, \"y\": -0.148, \"z\": 1.064, \"ts\": 1776898812.7273304}","reason":"MQTT client not initialized","topic":"sensors/adxl345/raw"},"device":"rpi-9a2f6ea2e358535b","event":"MQTT_PUBLISH_SKIPPED","level":"WARNING","seq":140,"sig":"6deb729a8d571033","ts":"2026-04-22T23:00:12.937995+00:00"}
{"category":"NETWORK","details":{"raw_payload":"{\"x\": -0.016, \"y\": -0.168, \"z\": 1.064, \"ts\": 1776898812.7373304}","reason":"MQTT client not initialized","topic":"sensors/adxl345/raw"},"device":"rpi-9a2f6ea2e358535b","event":"MQTT_PUBLISH_SKIPPED","level":"WARNING","seq":141,"sig":"d58f3f69fa2a3aaf","ts":"2026-04-22T23:00:12.938174+00:00"}
{"category":"NETWORK","details":{"raw_payload":"{\"x\": -0.008, \"y\": -0.176, \"z\": 1.064, \"ts\": 1776898812.7473304}","reason":"MQTT client not initialized","topic":"sensors/adxl345/raw"},"device":"rpi-9a2f6ea2e358535b","event":"MQTT_PUBLISH_SKIPPED","level":"WARNING","seq":142,"sig":"32614908202a6d3b","ts":"2026-04-22T23:00:12.938279+00:00"}
{"category":"NETWORK","details":{"raw_payload":"{\"x\": -0.012, \"y\": -0.164, \"z\": 1.048, \"ts\": 1776898812.7573304}","reason":"MQTT client not initialized","topic":"sensors/adxl345/raw"},"device":"rpi-9a2f6ea2e358535b","event":"MQTT_PUBLISH_SKIPPED","level":"WARNING","seq":143,"sig":"667f491b216dbdea","ts":"2026-04-22T23:00:12.938360+00:00"}
{"category":"NETWORK","details":{"raw_payload":"{\"x\": -0.004, \"y\": -0.148, \"z\": 1.044, \"ts\": 1776898812.7673304}","reason":"MQTT client not initialized","topic":"sensors/adxl345/raw"},"device":"rpi-9a2f6ea2e358535b","event":"MQTT_PUBLISH_SKIPPED","level":"WARNING","seq":144,"sig":"21b5dad427019a4b","ts":"2026-04-22T23:00:12.938432+00:00"}
{"category":"NETWORK","details":{"raw_payload":"{\"x\": -0.02, \"y\": -0.148, \"z\": 1.032, \"ts\": 1776898812.7773304}","reason":"MQTT client not initialized","topic":"sensors/adxl345/raw"},"device":"rpi-9a2f6ea2e358535b","event":"MQTT_PUBLISH_SKIPPED","level":"WARNING","seq":145,"sig":"d38901ecf8c52cac","ts":"2026-04-22T23:00:12.938550+00:00"}
{"category":"NETWORK","details":{"raw_payload":"{\"x\": -0.016, \"y\": -0.152, \"z\": 1.036, \"ts\": 1776898812.7873304}","reason":"MQTT client not initialized","topic":"sensors/adxl345/raw"},"device":"rpi-9a2f6ea2e358535b","event":"MQTT_PUBLISH_SKIPPED","level":"WARNING","seq":146,"sig":"1ba7f9bd3bbbbc54","ts":"2026-04-22T23:00:12.938652+00:00"}
{"category":"NETWORK","details":{"raw_payload":"{\"x\": -0.008, \"y\": -0.156, \"z\": 1.044, \"ts\": 1776898812.7973304}","reason":"MQTT client not initialized","topic":"sensors/adxl345/raw"},"device":"rpi-9a2f6ea2e358535b","event":"MQTT_PUBLISH_SKIPPED","level":"WARNING","seq":147,"sig":"21abbb607147f07a","ts":"2026-04-22T23:00:12.938760+00:00"}
{"category":"NETWORK","details":{"raw_payload":"{\"x\": -0.016, \"y\": -0.156, \"z\": 1.064, \"ts\": 1776898812.8073304}","reason":"MQTT client not initialized","topic":"sensors/adxl345/raw"},"device":"rpi-9a2f6ea2e358535b","event":"MQTT_PUBLISH_SKIPPED","level":"WARNING","seq":148,"sig":"519acbf14b74cc16","ts":"2026-04-22T23:00:12.938877+00:00"}
{"category":"NETWORK","details":{"raw_payload":"{\"x\": -0.012, \"y\": -0.172, \"z\": 1.056, \"ts\": 1776898812.8173306}","reason":"MQTT client not initialized","topic":"sensors/adxl345/raw"},"device":"rpi-9a2f6ea2e358535b","event":"MQTT_PUBLISH_SKIPPED","level":"WARNING","seq":149,"sig":"dda93061337eec0c","ts":"2026-04-22T23:00:12.939001+00:00"}
{"category":"NETWORK","details":{"raw_payload":"{\"x\": -0.008, \"y\": -0.176, \"z\": 1.052, \"ts\": 1776898812.8273306}","reason":"MQTT client not initialized","topic":"sensors/adxl345/raw"},"device":"rpi-9a2f6ea2e358535b","event":"MQTT_PUBLISH_SKIPPED","level":"WARNING","seq":150,"sig":"389b31ad8b610281","ts":"2026-04-22T23:00:12.939129+00:00"}
{"category":"NETWORK","details":{"raw_payload":"{\"x\": 0.0, \"y\": -0.164, \"z\": 1.048, \"ts\": 1776898812.8373306}","reason":"MQTT client not initialized","topic":"sensors/adxl345/raw"},"device":"rpi-9a2f6ea2e358535b","event":"MQTT_PUBLISH_SKIPPED","level":"WARNING","seq":151,"sig":"15b870b0c0c13077","ts":"2026-04-22T23:00:12.939225+00:00"}
{"category":"NETWORK","details":{"raw_payload":"{\"x\": -0.012, \"y\": -0.156, \"z\": 1.04, \"ts\": 1776898812.8473306}","reason":"MQTT client not initialized","topic":"sensors/adxl345/raw"},"device":"rpi-9a2f6ea2e358535b","event":"MQTT_PUBLISH_SKIPPED","level":"WARNING","seq":152,"sig":"60d73f1e36d4b402","ts":"2026-04-22T23:00:12.939291+00:00"}
{"category":"NETWORK","details":{"raw_payload":"{\"x\": -0.02, \"y\": -0.164, \"z\": 1.056, \"ts\": 1776898812.8573306}","reason":"MQTT client not initialized","topic":"sensors/adxl345/raw"},"device":"rpi-9a2f6ea2e358535b","event":"MQTT_PUBLISH_SKIPPED","level":"WARNING","seq":153,"sig":"5d010f92e3e8a960","ts":"2026-04-22T23:00:12.939351+00:00"}
{"category":"NETWORK","details":{"raw_payload":"{\"x\": -0.016, \"y\": -0.16, \"z\": 1.072, \"ts\": 1776898812.8673306}","reason":"MQTT client not initialized","topic":"sensors/adxl345/raw"},"device":"rpi-9a2f6ea2e358535b","event":"MQTT_PUBLISH_SKIPPED","level":"WARNING","seq":154,"sig":"e416ff7e6d06d55c","ts":"2026-04-22T23:00:12.939409+00:00"}
{"category":"NETWORK","details":{"raw_payload":"{\"x\": 0.004, \"y\": -0.164, \"z\": 1.06, \"ts\": 1776898812.8773305}","reason":"MQTT client not initialized","topic":"sensors/adxl345/raw"},"device":"rpi-9a2f6ea2e358535b","event":"MQTT_PUBLISH_SKIPPED","level":"WARNING","seq":155,"sig":"f6ed1ca48250681a","ts":"2026-04-22T23:00:12.939466+00:00"}
{"category":"NETWORK","details":{"raw_payload":"{\"x\": -0.012, \"y\": -0.152, \"z\": 1.056, \"ts\": 1776898812.8873305}","reason":"MQTT client not initialized","topic":"sensors/adxl345/raw"},"device":"rpi-9a2f6ea2e358535b","event":"MQTT_PUBLISH_SKIPPED","level":"WARNING","seq":156,"sig":"5791595ee3dea913","ts":"2026-04-22T23:00:12.939522+00:00"}
{"category":"NETWORK","details":{"raw_payload":"{\"x\": 0.0, \"y\": -0.168, \"z\": 1.052, \"ts\": 1776898812.8973305}","reason":"MQTT client not initialized","topic":"sensors/adxl345/raw"},"device":"rpi-9a2f6ea2e358535b","event":"MQTT_PUBLISH_SKIPPED","level":"WARNING","seq":157,"sig":"4c66c6e9884eea06","ts":"2026-04-22T23:00:12.939581+00:00"}
{"category":"NETWORK","details":{"raw_payload":"{\"x\": 0.0, \"y\": -0.164, \"z\": 1.044, \"ts\": 1776898812.9073305}","reason":"MQTT client not initialized","topic":"sensors/adxl345/raw"},"device":"rpi-9a2f6ea2e358535b","event":"MQTT_PUBLISH_SKIPPED","level":"WARNING","seq":158,"sig":"97ab9a7add7be185","ts":"2026-04-22T23:00:12.939638+00:00"}
{"category":"NETWORK","details":{"raw_payload":"{\"x\": 0.004, \"y\": -0.164, \"z\": 1.052, \"ts\": 1776898812.9173305}","reason":"MQTT client not initialized","topic":"sensors/adxl345/raw"},"device":"rpi-9a2f6ea2e358535b","event":"MQTT_PUBLISH_SKIPPED","level":"WARNING","seq":159,"sig":"c24502f91154e58e","ts":"2026-04-22T23:00:12.939698+00:00"}
{"category":"NETWORK","details":{"raw_payload":"{\"x\": -0.012, \"y\": -0.16, \"z\": 1.048, \"ts\": 1776898812.9273305}","reason":"MQTT client not initialized","topic":"sensors/adxl345/raw"},"device":"rpi-9a2f6ea2e358535b","event":"MQTT_PUBLISH_SKIPPED","level":"WARNING","seq":160,"sig":"717c3de6b6bd4d49","ts":"2026-04-22T23:00:12.939758+00:00"}
{"category":"SENSOR","details":{"batch_ts":1776898813.1873,"sample_count":25},"device":"rpi-9a2f6ea2e358535b","event":"FIFO_READ","level":"INFO","seq":161,"sig":"29199b22d18175a4","ts":"2026-04-22T23:00:13.187324+00:00"}
{"category":"NETWORK","details":{"raw_payload":"{\"x\": 0.0, \"y\": -0.164, \"z\": 1.044, \"ts\": 1776898812.9373176}","reason":"MQTT client not initialized","topic":"sensors/adxl345/raw"},"device":"rpi-9a2f6ea2e358535b","event":"MQTT_PUBLISH_SKIPPED","level":"WARNING","seq":162,"sig":"97cec70eee32d880","ts":"2026-04-22T23:00:13.187526+00:00"}
{"category":"NETWORK","details":{"raw_payload":"{\"x\": -0.016, \"y\": -0.152, \"z\": 1.048, \"ts\": 1776898812.9473176}","reason":"MQTT client not initialized","topic":"sensors/adxl345/raw"},"device":"rpi-9a2f6ea2e358535b","event":"MQTT_PUBLISH_SKIPPED","level":"WARNING","seq":163,"sig":"89e346b8f89d4b90","ts":"2026-04-22T23:00:13.187678+00:00"}
{"category":"NETWORK","details":{"raw_payload":"{\"x\": -0.004, \"y\": -0.144, \"z\": 1.068, \"ts\": 1776898812.9573176}","reason":"MQTT client not initialized","topic":"sensors/adxl345/raw"},"device":"rpi-9a2f6ea2e358535b","event":"MQTT_PUBLISH_SKIPPED","level":"WARNING","seq":164,"sig":"805c77f8e3548b89","ts":"2026-04-22T23:00:13.187817+00:00"}
{"category":"NETWORK","details":{"raw_payload":"{\"x\": -0.012, \"y\": -0.148, \"z\": 1.068, \"ts\": 1776898812.9673176}","reason":"MQTT client not initialized","topic":"sensors/adxl345/raw"},"device":"rpi-9a2f6ea2e358535b","event":"MQTT_PUBLISH_SKIPPED","level":"WARNING","seq":165,"sig":"9a7b7553cffbaba6","ts":"2026-04-22T23:00:13.187953+00:00"}
{"category":"NETWORK","details":{"raw_payload":"{\"x\": -0.012, \"y\": -0.148, \"z\": 1.06, \"ts\": 1776898812.9773176}","reason":"MQTT client not initialized","topic":"sensors/adxl345/raw"},"device":"rpi-9a2f6ea2e358535b","event":"MQTT_PUBLISH_SKIPPED","level":"WARNING","seq":166,"sig":"102e1145f36aee25","ts":"2026-04-22T23:00:13.188091+00:00"}
{"category":"NETWORK","details":{"raw_payload":"{\"x\": -0.024, \"y\": -0.168, \"z\": 1.044, \"ts\": 1776898812.9873176}","reason":"MQTT client not initialized","topic":"sensors/adxl345/raw"},"device":"rpi-9a2f6ea2e358535b","event":"MQTT_PUBLISH_SKIPPED","level":"WARNING","seq":167,"sig":"23c6907135985f0a","ts":"2026-04-22T23:00:13.188220+00:00"}
{"category":"NETWORK","details":{"raw_payload":"{\"x\": -0.004, \"y\": -0.156, \"z\": 1.064, \"ts\": 1776898812.9973176}","reason":"MQTT client not initialized","topic":"sensors/adxl345/raw"},"device":"rpi-9a2f6ea2e358535b","event":"MQTT_PUBLISH_SKIPPED","level":"WARNING","seq":168,"sig":"2bca7828cf2f77ef","ts":"2026-04-22T23:00:13.188309+00:00"}
{"category":"NETWORK","details":{"raw_payload":"{\"x\": -0.008, \"y\": -0.168, \"z\": 1.064, \"ts\": 1776898813.0073175}","reason":"MQTT client not initialized","topic":"sensors/adxl345/raw"},"device":"rpi-9a2f6ea2e358535b","event":"MQTT_PUBLISH_SKIPPED","level":"WARNING","seq":169,"sig":"82472a94426a04cc","ts":"2026-04-22T23:00:13.188376+00:00"}
{"category":"NETWORK","details":{"raw_payload":"{\"x\": -0.024, \"y\": -0.164, \"z\": 1.044, \"ts\": 1776898813.0173175}","reason":"MQTT client not initialized","topic":"sensors/adxl345/raw"},"device":"rpi-9a2f6ea2e358535b","event":"MQTT_PUBLISH_SKIPPED","level":"WARNING","seq":170,"sig":"3054b73dd03382f3","ts":"2026-04-22T23:00:13.188449+00:00"}
{"category":"NETWORK","details":{"raw_payload":"{\"x\": -0.012, \"y\": -0.152, \"z\": 1.072, \"ts\": 1776898813.0273175}","reason":"MQTT client not initialized","topic":"sensors/adxl345/raw"},"device":"rpi-9a2f6ea2e358535b","event":"MQTT_PUBLISH_SKIPPED","level":"WARNING","seq":171,"sig":"58b45306f24257ad","ts":"2026-04-22T23:00:13.188511+00:00"}
{"category":"NETWORK","details":{"raw_payload":"{\"x\": -0.008, \"y\": -0.16, \"z\": 1.072, \"ts\": 1776898813.0373175}","reason":"MQTT client not initialized","topic":"sensors/adxl345/raw"},"device":"rpi-9a2f6ea2e358535b","event":"MQTT_PUBLISH_SKIPPED","level":"WARNING","seq":172,"sig":"3382ad457a638983","ts":"2026-04-22T23:00:13.188570+00:00"}
{"category":"NETWORK","details":{"raw_payload":"{\"x\": -0.02, \"y\": -0.16, \"z\": 1.08, \"ts\": 1776898813.0473175}","reason":"MQTT client not initialized","topic":"sensors/adxl345/raw"},"device":"rpi-9a2f6ea2e358535b","event":"MQTT_PUBLISH_SKIPPED","level":"WARNING","seq":173,"sig":"e61446aaa6c879ee","ts":"2026-04-22T23:00:13.188716+00:00"}
{"category":"NETWORK","details":{"raw_payload":"{\"x\": -0.028, \"y\": -0.176, \"z\": 1.064, \"ts\": 1776898813.0573175}","reason":"MQTT client not initialized","topic":"sensors/adxl345/raw"},"device":"rpi-9a2f6ea2e358535b","event":"MQTT_PUBLISH_SKIPPED","level":"WARNING","seq":174,"sig":"445eaa1c994cfa88","ts":"2026-04-22T23:00:13.188853+00:00"}
{"category":"NETWORK","details":{"raw_payload":"{\"x\": -0.016, \"y\": -0.168, \"z\": 1.032, \"ts\": 1776898813.0673177}","reason":"MQTT client not initialized","topic":"sensors/adxl345/raw"},"device":"rpi-9a2f6ea2e358535b","event":"MQTT_PUBLISH_SKIPPED","level":"WARNING","seq":175,"sig":"4bf585fb07e9fdb4","ts":"2026-04-22T23:00:13.188986+00:00"}
{"category":"NETWORK","details":{"raw_payload":"{\"x\": -0.004, \"y\": -0.156, \"z\": 1.044, \"ts\": 1776898813.0773177}","reason":"MQTT client not initialized","topic":"sensors/adxl345/raw"},"device":"rpi-9a2f6ea2e358535b","event":"MQTT_PUBLISH_SKIPPED","level":"WARNING","seq":176,"sig":"fe1b4fdb479f38aa","ts":"2026-04-22T23:00:13.189122+00:00"}
{"category":"NETWORK","details":{"raw_payload":"{\"x\": -0.024, \"y\": -0.156, \"z\": 1.064, \"ts\": 1776898813.0873177}","reason":"MQTT client not initialized","topic":"sensors/adxl345/raw"},"device":"rpi-9a2f6ea2e358535b","event":"MQTT_PUBLISH_SKIPPED","level":"WARNING","seq":177,"sig":"7552e5314d65b0b6","ts":"2026-04-22T23:00:13.189259+00:00"}
{"category":"NETWORK","details":{"raw_payload":"{\"x\": -0.012, \"y\": -0.164, \"z\": 1.052, \"ts\": 1776898813.0973177}","reason":"MQTT client not initialized","topic":"sensors/adxl345/raw"},"device":"rpi-9a2f6ea2e358535b","event":"MQTT_PUBLISH_SKIPPED","level":"WARNING","seq":178,"sig":"c9201757ebaa6278","ts":"2026-04-22T23:00:13.189392+00:00"}
{"category":"NETWORK","details":{"raw_payload":"{\"x\": -0.008, \"y\": -0.156, \"z\": 1.056, \"ts\": 1776898813.1073177}","reason":"MQTT client not initialized","topic":"sensors/adxl345/raw"},"device":"rpi-9a2f6ea2e358535b","event":"MQTT_PUBLISH_SKIPPED","level":"WARNING","seq":179,"sig":"975a98ffb93e2306","ts":"2026-04-22T23:00:13.189526+00:00"}
{"category":"NETWORK","details":{"raw_payload":"{\"x\": -0.012, \"y\": -0.152, \"z\": 1.052, \"ts\": 1776898813.1173177}","reason":"MQTT client not initialized","topic":"sensors/adxl345/raw"},"device":"rpi-9a2f6ea2e358535b","event":"MQTT_PUBLISH_SKIPPED","level":"WARNING","seq":180,"sig":"bdb35a0cd8a6d923","ts":"2026-04-22T23:00:13.189653+00:00"}
{"category":"NETWORK","details":{"raw_payload":"{\"x\": -0.012, \"y\": -0.16, \"z\": 1.064, \"ts\": 1776898813.1273177}","reason":"MQTT client not initialized","topic":"sensors/adxl345/raw"},"device":"rpi-9a2f6ea2e358535b","event":"MQTT_PUBLISH_SKIPPED","level":"WARNING","seq":181,"sig":"eb3677208e5640cd","ts":"2026-04-22T23:00:13.189741+00:00"}
{"category":"NETWORK","details":{"raw_payload":"{\"x\": -0.024, \"y\": -0.168, \"z\": 1.048, \"ts\": 1776898813.1373177}","reason":"MQTT client not initialized","topic":"sensors/adxl345/raw"},"device":"rpi-9a2f6ea2e358535b","event":"MQTT_PUBLISH_SKIPPED","level":"WARNING","seq":182,"sig":"fb36716a9cc24187","ts":"2026-04-22T23:00:13.189805+00:00"}
{"category":"NETWORK","details":{"raw_payload":"{\"x\": -0.004, \"y\": -0.176, \"z\": 1.056, \"ts\": 1776898813.1473176}","reason":"MQTT client not initialized","topic":"sensors/adxl345/raw"},"device":"rpi-9a2f6ea2e358535b","event":"MQTT_PUBLISH_SKIPPED","level":"WARNING","seq":183,"sig":"11c3baffe8072a33","ts":"2026-04-22T23:00:13.189863+00:00"}
{"category":"NETWORK","details":{"raw_payload":"{\"x\": -0.008, \"y\": -0.16, \"z\": 1.06, \"ts\": 1776898813.1573176}","reason":"MQTT client not initialized","topic":"sensors/adxl345/raw"},"device":"rpi-9a2f6ea2e358535b","event":"MQTT_PUBLISH_SKIPPED","level":"WARNING","seq":184,"sig":"0089a0b85572b267","ts":"2026-04-22T23:00:13.189919+00:00"}
{"category":"NETWORK","details":{"raw_payload":"{\"x\": -0.02, \"y\": -0.16, \"z\": 1.068, \"ts\": 1776898813.1673176}","reason":"MQTT client not initialized","topic":"sensors/adxl345/raw"},"device":"rpi-9a2f6ea2e358535b","event":"MQTT_PUBLISH_SKIPPED","level":"WARNING","seq":185,"sig":"6af0a089662b61f2","ts":"2026-04-22T23:00:13.190065+00:00"}
{"category":"NETWORK","details":{"raw_payload":"{\"x\": -0.016, \"y\": -0.152, \"z\": 1.056, \"ts\": 1776898813.1773176}","reason":"MQTT client not initialized","topic":"sensors/adxl345/raw"},"device":"rpi-9a2f6ea2e358535b","event":"MQTT_PUBLISH_SKIPPED","level":"WARNING","seq":186,"sig":"a62d72ba735b1fb4","ts":"2026-04-22T23:00:13.190187+00:00"}
{"category":"SENSOR","details":{"batch_ts":1776898813.4373,"sample_count":25},"device":"rpi-9a2f6ea2e358535b","event":"FIFO_READ","level":"INFO","seq":187,"sig":"c6db363c67f8671e","ts":"2026-04-22T23:00:13.437353+00:00"}
{"category":"NETWORK","details":{"raw_payload":"{\"x\": -0.02, \"y\": -0.156, \"z\": 1.056, \"ts\": 1776898813.1873424}","reason":"MQTT client not initialized","topic":"sensors/adxl345/raw"},"device":"rpi-9a2f6ea2e358535b","event":"MQTT_PUBLISH_SKIPPED","level":"WARNING","seq":188,"sig":"b422a9ce32390a43","ts":"2026-04-22T23:00:13.437643+00:00"}
{"category":"NETWORK","details":{"raw_payload":"{\"x\": -0.004, \"y\": -0.148, \"z\": 1.052, \"ts\": 1776898813.1973424}","reason":"MQTT client not initialized","topic":"sensors/adxl345/raw"},"device":"rpi-9a2f6ea2e358535b","event":"MQTT_PUBLISH_SKIPPED","level":"WARNING","seq":189,"sig":"a9fd7e0f352c4ff4","ts":"2026-04-22T23:00:13.437760+00:00"}
{"category":"NETWORK","details":{"raw_payload":"{\"x\": 0.0, \"y\": -0.152, \"z\": 1.076, \"ts\": 1776898813.2073424}","reason":"MQTT client not initialized","topic":"sensors/adxl345/raw"},"device":"rpi-9a2f6ea2e358535b","event":"MQTT_PUBLISH_SKIPPED","level":"WARNING","seq":190,"sig":"e7752a8607efa2cd","ts":"2026-04-22T23:00:13.437830+00:00"}
{"category":"NETWORK","details":{"raw_payload":"{\"x\": -0.012, \"y\": -0.144, \"z\": 1.056, \"ts\": 1776898813.2173424}","reason":"MQTT client not initialized","topic":"sensors/adxl345/raw"},"device":"rpi-9a2f6ea2e358535b","event":"MQTT_PUBLISH_SKIPPED","level":"WARNING","seq":191,"sig":"fd6ea22c4cc7c8b3","ts":"2026-04-22T23:00:13.437890+00:00"}
{"category":"NETWORK","details":{"raw_payload":"{\"x\": -0.004, \"y\": -0.164, \"z\": 1.064, \"ts\": 1776898813.2273424}","reason":"MQTT client not initialized","topic":"sensors/adxl345/raw"},"device":"rpi-9a2f6ea2e358535b","event":"MQTT_PUBLISH_SKIPPED","level":"WARNING","seq":192,"sig":"1aa6f4945259e415","ts":"2026-04-22T23:00:13.437949+00:00"}
{"category":"NETWORK","details":{"raw_payload":"{\"x\": -0.016, \"y\": -0.164, \"z\": 1.048, \"ts\": 1776898813.2373424}","reason":"MQTT client not initialized","topic":"sensors/adxl345/raw"},"device":"rpi-9a2f6ea2e358535b","event":"MQTT_PUBLISH_SKIPPED","level":"WARNING","seq":193,"sig":"4818249ce437e5cb","ts":"2026-04-22T23:00:13.438012+00:00"}
{"category":"NETWORK","details":{"raw_payload":"{\"x\": -0.016, \"y\": -0.172, \"z\": 1.036, \"ts\": 1776898813.2473423}","reason":"MQTT client not initialized","topic":"sensors/adxl345/raw"},"device":"rpi-9a2f6ea2e358535b","event":"MQTT_PUBLISH_SKIPPED","level":"WARNING","seq":194,"sig":"7d7b1809fb54ae50","ts":"2026-04-22T23:00:13.438070+00:00"}
{"category":"NETWORK","details":{"raw_payload":"{\"x\": 0.0, \"y\": -0.168, \"z\": 1.048, \"ts\": 1776898813.2573423}","reason":"MQTT client not initialized","topic":"sensors/adxl345/raw"},"device":"rpi-9a2f6ea2e358535b","event":"MQTT_PUBLISH_SKIPPED","level":"WARNING","seq":195,"sig":"f1189aabac821d22","ts":"2026-04-22T23:00:13.438127+00:00"}
{"category":"NETWORK","details":{"raw_payload":"{\"x\": 0.008, \"y\": -0.144, \"z\": 1.06, \"ts\": 1776898813.2673423}","reason":"MQTT client not initialized","topic":"sensors/adxl345/raw"},"device":"rpi-9a2f6ea2e358535b","event":"MQTT_PUBLISH_SKIPPED","level":"WARNING","seq":196,"sig":"59c6571050f0c4de","ts":"2026-04-22T23:00:13.438261+00:00"}
{"category":"NETWORK","details":{"raw_payload":"{\"x\": -0.008, \"y\": -0.168, \"z\": 1.068, \"ts\": 1776898813.2773423}","reason":"MQTT client not initialized","topic":"sensors/adxl345/raw"},"device":"rpi-9a2f6ea2e358535b","event":"MQTT_PUBLISH_SKIPPED","level":"WARNING","seq":197,"sig":"a4b1c554ed5a9506","ts":"2026-04-22T23:00:13.438400+00:00"}
{"category":"NETWORK","details":{"raw_payload":"{\"x\": -0.012, \"y\": -0.176, \"z\": 1.072, \"ts\": 1776898813.2873423}","reason":"MQTT client not initialized","topic":"sensors/adxl345/raw"},"device":"rpi-9a2f6ea2e358535b","event":"MQTT_PUBLISH_SKIPPED","level":"WARNING","seq":198,"sig":"dde6182357473a94","ts":"2026-04-22T23:00:13.438480+00:00"}
{"category":"NETWORK","details":{"raw_payload":"{\"x\": -0.016, \"y\": -0.164, \"z\": 1.044, \"ts\": 1776898813.2973423}","reason":"MQTT client not initialized","topic":"sensors/adxl345/raw"},"device":"rpi-9a2f6ea2e358535b","event":"MQTT_PUBLISH_SKIPPED","level":"WARNING","seq":199,"sig":"f29f899ec826a397","ts":"2026-04-22T23:00:13.438543+00:00"}
{"category":"NETWORK","details":{"raw_payload":"{\"x\": -0.024, \"y\": -0.156, \"z\": 1.052, \"ts\": 1776898813.3073423}","reason":"MQTT client not initialized","topic":"sensors/adxl345/raw"},"device":"rpi-9a2f6ea2e358535b","event":"MQTT_PUBLISH_SKIPPED","level":"WARNING","seq":200,"sig":"a07dea9f6b059948","ts":"2026-04-22T23:00:13.438601+00:00"}
{"category":"NETWORK","details":{"raw_payload":"{\"x\": -0.012, \"y\": -0.152, \"z\": 1.06, \"ts\": 1776898813.3173425}","reason":"MQTT client not initialized","topic":"sensors/adxl345/raw"},"device":"rpi-9a2f6ea2e358535b","event":"MQTT_PUBLISH_SKIPPED","level":"WARNING","seq":201,"sig":"bdf654fb3641af87","ts":"2026-04-22T23:00:13.438659+00:00"}
{"category":"NETWORK","details":{"raw_payload":"{\"x\": -0.012, \"y\": -0.156, \"z\": 1.06, \"ts\": 1776898813.3273425}","reason":"MQTT client not initialized","topic":"sensors/adxl345/raw"},"device":"rpi-9a2f6ea2e358535b","event":"MQTT_PUBLISH_SKIPPED","level":"WARNING","seq":202,"sig":"c6c802940eaf6dc4","ts":"2026-04-22T23:00:13.438716+00:00"}
{"category":"NETWORK","details":{"raw_payload":"{\"x\": -0.016, \"y\": -0.164, \"z\": 1.056, \"ts\": 1776898813.3373425}","reason":"MQTT client not initialized","topic":"sensors/adxl345/raw"},"device":"rpi-9a2f6ea2e358535b","event":"MQTT_PUBLISH_SKIPPED","level":"WARNING","seq":203,"sig":"2df9c53ae577e8b3","ts":"2026-04-22T23:00:13.438773+00:00"}
{"category":"NETWORK","details":{"raw_payload":"{\"x\": 0.0, \"y\": -0.176, \"z\": 1.072, \"ts\": 1776898813.3473425}","reason":"MQTT client not initialized","topic":"sensors/adxl345/raw"},"device":"rpi-9a2f6ea2e358535b","event":"MQTT_PUBLISH_SKIPPED","level":"WARNING","seq":204,"sig":"a616d57364e85b07","ts":"2026-04-22T23:00:13.438829+00:00"}
{"category":"NETWORK","details":{"raw_payload":"{\"x\": -0.008, \"y\": -0.172, \"z\": 1.072, \"ts\": 1776898813.3573425}","reason":"MQTT client not initialized","topic":"sensors/adxl345/raw"},"device":"rpi-9a2f6ea2e358535b","event":"MQTT_PUBLISH_SKIPPED","level":"WARNING","seq":205,"sig":"a4802840d34f85c7","ts":"2026-04-22T23:00:13.438889+00:00"}
{"category":"NETWORK","details":{"raw_payload":"{\"x\": -0.008, \"y\": -0.156, \"z\": 1.06, \"ts\": 1776898813.3673425}","reason":"MQTT client not initialized","topic":"sensors/adxl345/raw"},"device":"rpi-9a2f6ea2e358535b","event":"MQTT_PUBLISH_SKIPPED","level":"WARNING","seq":206,"sig":"4a02c1616173ad60","ts":"2026-04-22T23:00:13.438946+00:00"}
{"category":"NETWORK","details":{"raw_payload":"{\"x\": -0.008, \"y\": -0.152, \"z\": 1.052, \"ts\": 1776898813.3773425}","reason":"MQTT client not initialized","topic":"sensors/adxl345/raw"},"device":"rpi-9a2f6ea2e358535b","event":"MQTT_PUBLISH_SKIPPED","level":"WARNING","seq":207,"sig":"de0295ac6e4c00a7","ts":"2026-04-22T23:00:13.439003+00:00"}
{"category":"NETWORK","details":{"raw_payload":"{\"x\": -0.012, \"y\": -0.144, \"z\": 1.04, \"ts\": 1776898813.3873425}","reason":"MQTT client not initialized","topic":"sensors/adxl345/raw"},"device":"rpi-9a2f6ea2e358535b","event":"MQTT_PUBLISH_SKIPPED","level":"WARNING","seq":208,"sig":"01228147b98f3e00","ts":"2026-04-22T23:00:13.439059+00:00"}
{"category":"NETWORK","details":{"raw_payload":"{\"x\": -0.012, \"y\": -0.168, \"z\": 1.056, \"ts\": 1776898813.3973424}","reason":"MQTT client not initialized","topic":"sensors/adxl345/raw"},"device":"rpi-9a2f6ea2e358535b","event":"MQTT_PUBLISH_SKIPPED","level":"WARNING","seq":209,"sig":"36d6c977ae2e8a30","ts":"2026-04-22T23:00:13.439177+00:00"}
{"category":"NETWORK","details":{"raw_payload":"{\"x\": -0.008, \"y\": -0.156, \"z\": 1.048, \"ts\": 1776898813.4073424}","reason":"MQTT client not initialized","topic":"sensors/adxl345/raw"},"device":"rpi-9a2f6ea2e358535b","event":"MQTT_PUBLISH_SKIPPED","level":"WARNING","seq":210,"sig":"6d1c10a9e4c87e8f","ts":"2026-04-22T23:00:13.439263+00:00"}
{"category":"NETWORK","details":{"raw_payload":"{\"x\": -0.004, \"y\": -0.136, \"z\": 1.04, \"ts\": 1776898813.4173424}","reason":"MQTT client not initialized","topic":"sensors/adxl345/raw"},"device":"rpi-9a2f6ea2e358535b","event":"MQTT_PUBLISH_SKIPPED","level":"WARNING","seq":211,"sig":"a0caa6ae8fced22a","ts":"2026-04-22T23:00:13.439329+00:00"}
{"category":"NETWORK","details":{"raw_payload":"{\"x\": -0.02, \"y\": -0.156, \"z\": 1.052, \"ts\": 1776898813.4273424}","reason":"MQTT client not initialized","topic":"sensors/adxl345/raw"},"device":"rpi-9a2f6ea2e358535b","event":"MQTT_PUBLISH_SKIPPED","level":"WARNING","seq":212,"sig":"6bc71256e3bacc58","ts":"2026-04-22T23:00:13.439389+00:00"}
{"category":"SENSOR","details":{"batch_ts":1776898813.6873,"sample_count":25},"device":"rpi-9a2f6ea2e358535b","event":"FIFO_READ","level":"INFO","seq":213,"sig":"f896454285156bd5","ts":"2026-04-22T23:00:13.687313+00:00"}
{"category":"NETWORK","details":{"raw_payload":"{\"x\": -0.012, \"y\": -0.156, \"z\": 1.048, \"ts\": 1776898813.4373076}","reason":"MQTT client not initialized","topic":"sensors/adxl345/raw"},"device":"rpi-9a2f6ea2e358535b","event":"MQTT_PUBLISH_SKIPPED","level":"WARNING","seq":214,"sig":"572b8db38dc44c38","ts":"2026-04-22T23:00:13.687493+00:00"}
{"category":"NETWORK","details":{"raw_payload":"{\"x\": 0.012, \"y\": -0.152, \"z\": 1.076, \"ts\": 1776898813.4473076}","reason":"MQTT client not initialized","topic":"sensors/adxl345/raw"},"device":"rpi-9a2f6ea2e358535b","event":"MQTT_PUBLISH_SKIPPED","level":"WARNING","seq":215,"sig":"7d82d27265b9a5a8","ts":"2026-04-22T23:00:13.687638+00:00"}
{"category":"NETWORK","details":{"raw_payload":"{\"x\": 0.0, \"y\": -0.148, \"z\": 1.056, \"ts\": 1776898813.4573076}","reason":"MQTT client not initialized","topic":"sensors/adxl345/raw"},"device":"rpi-9a2f6ea2e358535b","event":"MQTT_PUBLISH_SKIPPED","level":"WARNING","seq":216,"sig":"f1c3b49660161e9b","ts":"2026-04-22T23:00:13.687778+00:00"}
{"category":"NETWORK","details":{"raw_payload":"{\"x\": -0.004, \"y\": -0.152, \"z\": 1.052, \"ts\": 1776898813.4673076}","reason":"MQTT client not initialized","topic":"sensors/adxl345/raw"},"device":"rpi-9a2f6ea2e358535b","event":"MQTT_PUBLISH_SKIPPED","level":"WARNING","seq":217,"sig":"bca9e5b469276a19","ts":"2026-04-22T23:00:13.687924+00:00"}
{"category":"NETWORK","details":{"raw_payload":"{\"x\": -0.032, \"y\": -0.164, \"z\": 1.024, \"ts\": 1776898813.4773076}","reason":"MQTT client not initialized","topic":"sensors/adxl345/raw"},"device":"rpi-9a2f6ea2e358535b","event":"MQTT_PUBLISH_SKIPPED","level":"WARNING","seq":218,"sig":"ff9bd57b988068bb","ts":"2026-04-22T23:00:13.688014+00:00"}
{"category":"NETWORK","details":{"raw_payload":"{\"x\": 0.0, \"y\": -0.164, \"z\": 1.06, \"ts\": 1776898813.4873075}","reason":"MQTT client not initialized","topic":"sensors/adxl345/raw"},"device":"rpi-9a2f6ea2e358535b","event":"MQTT_PUBLISH_SKIPPED","level":"WARNING","seq":219,"sig":"f995cfef68ea1c2a","ts":"2026-04-22T23:00:13.688078+00:00"}
{"category":"NETWORK","details":{"raw_payload":"{\"x\": -0.016, \"y\": -0.148, \"z\": 1.044, \"ts\": 1776898813.4973075}","reason":"MQTT client not initialized","topic":"sensors/adxl345/raw"},"device":"rpi-9a2f6ea2e358535b","event":"MQTT_PUBLISH_SKIPPED","level":"WARNING","seq":220,"sig":"ec8eb82f03e9a64e","ts":"2026-04-22T23:00:13.688139+00:00"}
{"category":"NETWORK","details":{"raw_payload":"{\"x\": -0.004, \"y\": -0.172, \"z\": 1.06, \"ts\": 1776898813.5073075}","reason":"MQTT client not initialized","topic":"sensors/adxl345/raw"},"device":"rpi-9a2f6ea2e358535b","event":"MQTT_PUBLISH_SKIPPED","level":"WARNING","seq":221,"sig":"8f48fb491ca5f4d9","ts":"2026-04-22T23:00:13.688196+00:00"}
{"category":"NETWORK","details":{"raw_payload":"{\"x\": -0.02, \"y\": -0.156, \"z\": 1.06, \"ts\": 1776898813.5173075}","reason":"MQTT client not initialized","topic":"sensors/adxl345/raw"},"device":"rpi-9a2f6ea2e358535b","event":"MQTT_PUBLISH_SKIPPED","level":"WARNING","seq":222,"sig":"9c24d7dbd96c79ce","ts":"2026-04-22T23:00:13.688252+00:00"}
{"category":"NETWORK","details":{"raw_payload":"{\"x\": 0.0, \"y\": -0.156, \"z\": 1.056, \"ts\": 1776898813.5273075}","reason":"MQTT client not initialized","topic":"sensors/adxl345/raw"},"device":"rpi-9a2f6ea2e358535b","event":"MQTT_PUBLISH_SKIPPED","level":"WARNING","seq":223,"sig":"0be6c11eaf09733b","ts":"2026-04-22T23:00:13.688308+00:00"}
{"category":"NETWORK","details":{"raw_payload":"{\"x\": -0.02, \"y\": -0.156, \"z\": 1.044, \"ts\": 1776898813.5373075}","reason":"MQTT client not initialized","topic":"sensors/adxl345/raw"},"device":"rpi-9a2f6ea2e358535b","event":"MQTT_PUBLISH_SKIPPED","level":"WARNING","seq":224,"sig":"7ebf949966917114","ts":"2026-04-22T23:00:13.688363+00:00"}
{"category":"NETWORK","details":{"raw_payload":"{\"x\": -0.016, \"y\": -0.164, \"z\": 1.044, \"ts\": 1776898813.5473075}","reason":"MQTT client not initialized","topic":"sensors/adxl345/raw"},"device":"rpi-9a2f6ea2e358535b","event":"MQTT_PUBLISH_SKIPPED","level":"WARNING","seq":225,"sig":"a3ce89a0c7a00ddb","ts":"2026-04-22T23:00:13.688418+00:00"}
{"category":"NETWORK","details":{"raw_payload":"{\"x\": -0.012, \"y\": -0.156, \"z\": 1.056, \"ts\": 1776898813.5573075}","reason":"MQTT client not initialized","topic":"sensors/adxl345/raw"},"device":"rpi-9a2f6ea2e358535b","event":"MQTT_PUBLISH_SKIPPED","level":"WARNING","seq":226,"sig":"d44e03ee34fd53a7","ts":"2026-04-22T23:00:13.688472+00:00"}
{"category":"NETWORK","details":{"raw_payload":"{\"x\": 0.008, \"y\": -0.172, \"z\": 1.052, \"ts\": 1776898813.5673077}","reason":"MQTT client not initialized","topic":"sensors/adxl345/raw"},"device":"rpi-9a2f6ea2e358535b","event":"MQTT_PUBLISH_SKIPPED","level":"WARNING","seq":227,"sig":"995ed60cd0c6c714","ts":"2026-04-22T23:00:13.688527+00:00"}
{"category":"NETWORK","details":{"raw_payload":"{\"x\": -0.012, \"y\": -0.152, \"z\": 1.06, \"ts\": 1776898813.5773077}","reason":"MQTT client not initialized","topic":"sensors/adxl345/raw"},"device":"rpi-9a2f6ea2e358535b","event":"MQTT_PUBLISH_SKIPPED","level":"WARNING","seq":228,"sig":"fb7be00722131713","ts":"2026-04-22T23:00:13.688581+00:00"}
{"category":"NETWORK","details":{"raw_payload":"{\"x\": 0.0, \"y\": -0.18, \"z\": 1.076, \"ts\": 1776898813.5873077}","reason":"MQTT client not initialized","topic":"sensors/adxl345/raw"},"device":"rpi-9a2f6ea2e358535b","event":"MQTT_PUBLISH_SKIPPED","level":"WARNING","seq":229,"sig":"a8f708252778729c","ts":"2026-04-22T23:00:13.688668+00:00"}
{"category":"NETWORK","details":{"raw_payload":"{\"x\": -0.032, \"y\": -0.16, \"z\": 1.064, \"ts\": 1776898813.5973077}","reason":"MQTT client not initialized","topic":"sensors/adxl345/raw"},"device":"rpi-9a2f6ea2e358535b","event":"MQTT_PUBLISH_SKIPPED","level":"WARNING","seq":230,"sig":"71679833f5f50f49","ts":"2026-04-22T23:00:13.688740+00:00"}
{"category":"NETWORK","details":{"raw_payload":"{\"x\": -0.028, \"y\": -0.156, \"z\": 1.028, \"ts\": 1776898813.6073077}","reason":"MQTT client not initialized","topic":"sensors/adxl345/raw"},"device":"rpi-9a2f6ea2e358535b","event":"MQTT_PUBLISH_SKIPPED","level":"WARNING","seq":231,"sig":"14158ac610af2c0f","ts":"2026-04-22T23:00:13.688804+00:00"}
{"category":"NETWORK","details":{"raw_payload":"{\"x\": -0.012, \"y\": -0.164, \"z\": 1.032, \"ts\": 1776898813.6173077}","reason":"MQTT client not initialized","topic":"sensors/adxl345/raw"},"device":"rpi-9a2f6ea2e358535b","event":"MQTT_PUBLISH_SKIPPED","level":"WARNING","seq":232,"sig":"22474402e87ce2e2","ts":"2026-04-22T23:00:13.688870+00:00"}
{"category":"NETWORK","details":{"raw_payload":"{\"x\": 0.0, \"y\": -0.152, \"z\": 1.044, \"ts\": 1776898813.6273077}","reason":"MQTT client not initialized","topic":"sensors/adxl345/raw"},"device":"rpi-9a2f6ea2e358535b","event":"MQTT_PUBLISH_SKIPPED","level":"WARNING","seq":233,"sig":"4569d0220a7fd86a","ts":"2026-04-22T23:00:13.688934+00:00"}
{"category":"NETWORK","details":{"raw_payload":"{\"x\": -0.02, \"y\": -0.172, \"z\": 1.052, \"ts\": 1776898813.6373076}","reason":"MQTT client not initialized","topic":"sensors/adxl345/raw"},"device":"rpi-9a2f6ea2e358535b","event":"MQTT_PUBLISH_SKIPPED","level":"WARNING","seq":234,"sig":"20588a64b19bb554","ts":"2026-04-22T23:00:13.688992+00:00"}
{"category":"NETWORK","details":{"raw_payload":"{\"x\": -0.008, \"y\": -0.152, \"z\": 1.068, \"ts\": 1776898813.6473076}","reason":"MQTT client not initialized","topic":"sensors/adxl345/raw"},"device":"rpi-9a2f6ea2e358535b","event":"MQTT_PUBLISH_SKIPPED","level":"WARNING","seq":235,"sig":"6583605c5d65094b","ts":"2026-04-22T23:00:13.689049+00:00"}
{"category":"NETWORK","details":{"raw_payload":"{\"x\": -0.032, \"y\": -0.14, \"z\": 1.052, \"ts\": 1776898813.6573076}","reason":"MQTT client not initialized","topic":"sensors/adxl345/raw"},"device":"rpi-9a2f6ea2e358535b","event":"MQTT_PUBLISH_SKIPPED","level":"WARNING","seq":236,"sig":"8cfaee4908c7a619","ts":"2026-04-22T23:00:13.689106+00:00"}
{"category":"NETWORK","details":{"raw_payload":"{\"x\": -0.02, \"y\": -0.144, \"z\": 1.052, \"ts\": 1776898813.6673076}","reason":"MQTT client not initialized","topic":"sensors/adxl345/raw"},"device":"rpi-9a2f6ea2e358535b","event":"MQTT_PUBLISH_SKIPPED","level":"WARNING","seq":237,"sig":"c9c0bc5f5af0484b","ts":"2026-04-22T23:00:13.689162+00:00"}
{"category":"NETWORK","details":{"raw_payload":"{\"x\": -0.008, \"y\": -0.156, \"z\": 1.048, \"ts\": 1776898813.6773076}","reason":"MQTT client not initialized","topic":"sensors/adxl345/raw"},"device":"rpi-9a2f6ea2e358535b","event":"MQTT_PUBLISH_SKIPPED","level":"WARNING","seq":238,"sig":"03918fdad02f4834","ts":"2026-04-22T23:00:13.689222+00:00"}
{"category":"DATA","details":{"band_hz":[3.0,8.0],"batch_ts":1776898813.6873,"x_peak_g":0.002165,"x_peak_hz":6.0,"y_peak_g":0.004414,"y_peak_hz":4.0,"z_peak_g":0.004061,"z_peak_hz":6.0},"device":"rpi-9a2f6ea2e358535b","event":"FFT_RESULT","level":"INFO","seq":239,"sig":"c7a60068372ebb29","ts":"2026-04-22T23:00:13.689572+00:00"}
{"category":"NETWORK","details":{"fft_payload":"{\"fft\": {\"band_hz\": [3.0, 8.0], \"x\": {\"peak_hz\": 6.0, \"peak_amp_g\": 0.002165, \"mean_amp_g\": 0.001442}, \"y\": {\"peak_hz\": 4.0, \"peak_amp_g\": 0.004414, \"mean_amp_g\": 0.001819}, \"z\": {\"peak_hz\": 6.0, \"peak_amp_g\": 0.004061, \"mean_amp_g\": 0.002476}}, \"ts\": 1776898813.6873076}","reason":"MQTT client not initialized","topic":"sensors/adxl345/fft"},"device":"rpi-9a2f6ea2e358535b","event":"MQTT_PUBLISH_SKIPPED","level":"WARNING","seq":240,"sig":"a1c0a7cb1817d2d6","ts":"2026-04-22T23:00:13.689690+00:00"}
{"category":"SENSOR","details":{"batch_ts":1776898813.9373,"sample_count":25},"device":"rpi-9a2f6ea2e358535b","event":"FIFO_READ","level":"INFO","seq":241,"sig":"9dec6af3d166e721","ts":"2026-04-22T23:00:13.937320+00:00"}
{"category":"NETWORK","details":{"raw_payload":"{\"x\": -0.012, \"y\": -0.152, \"z\": 1.036, \"ts\": 1776898813.6873138}","reason":"MQTT client not initialized","topic":"sensors/adxl345/raw"},"device":"rpi-9a2f6ea2e358535b","event":"MQTT_PUBLISH_SKIPPED","level":"WARNING","seq":242,"sig":"8c647096fcc4c961","ts":"2026-04-22T23:00:13.937463+00:00"}
{"category":"NETWORK","details":{"raw_payload":"{\"x\": 0.004, \"y\": -0.148, \"z\": 1.044, \"ts\": 1776898813.6973138}","reason":"MQTT client not initialized","topic":"sensors/adxl345/raw"},"device":"rpi-9a2f6ea2e358535b","event":"MQTT_PUBLISH_SKIPPED","level":"WARNING","seq":243,"sig":"a6a8a7064c2a45de","ts":"2026-04-22T23:00:13.937561+00:00"}
{"category":"NETWORK","details":{"raw_payload":"{\"x\": -0.012, \"y\": -0.144, \"z\": 1.048, \"ts\": 1776898813.7073138}","reason":"MQTT client not initialized","topic":"sensors/adxl345/raw"},"device":"rpi-9a2f6ea2e358535b","event":"MQTT_PUBLISH_SKIPPED","level":"WARNING","seq":244,"sig":"5e1aecbfb6e26f80","ts":"2026-04-22T23:00:13.937643+00:00"}
{"category":"NETWORK","details":{"raw_payload":"{\"x\": -0.02, \"y\": -0.144, \"z\": 1.032, \"ts\": 1776898813.7173138}","reason":"MQTT client not initialized","topic":"sensors/adxl345/raw"},"device":"rpi-9a2f6ea2e358535b","event":"MQTT_PUBLISH_SKIPPED","level":"WARNING","seq":245,"sig":"1c712b65afe70a20","ts":"2026-04-22T23:00:13.937718+00:00"}
{"category":"NETWORK","details":{"raw_payload":"{\"x\": -0.028, \"y\": -0.16, \"z\": 1.052, \"ts\": 1776898813.7273138}","reason":"MQTT client not initialized","topic":"sensors/adxl345/raw"},"device":"rpi-9a2f6ea2e358535b","event":"MQTT_PUBLISH_SKIPPED","level":"WARNING","seq":246,"sig":"f41998ba2a3cb8eb","ts":"2026-04-22T23:00:13.937791+00:00"}
{"category":"NETWORK","details":{"raw_payload":"{\"x\": -0.024, \"y\": -0.16, \"z\": 1.052, \"ts\": 1776898813.7373137}","reason":"MQTT client not initialized","topic":"sensors/adxl345/raw"},"device":"rpi-9a2f6ea2e358535b","event":"MQTT_PUBLISH_SKIPPED","level":"WARNING","seq":247,"sig":"017633b4122b6a16","ts":"2026-04-22T23:00:13.937863+00:00"}
{"category":"NETWORK","details":{"raw_payload":"{\"x\": -0.012, \"y\": -0.164, \"z\": 1.052, \"ts\": 1776898813.7473137}","reason":"MQTT client not initialized","topic":"sensors/adxl345/raw"},"device":"rpi-9a2f6ea2e358535b","event":"MQTT_PUBLISH_SKIPPED","level":"WARNING","seq":248,"sig":"faa31bf178378890","ts":"2026-04-22T23:00:13.937934+00:00"}
{"category":"NETWORK","details":{"raw_payload":"{\"x\": -0.004, \"y\": -0.156, \"z\": 1.056, \"ts\": 1776898813.7573137}","reason":"MQTT client not initialized","topic":"sensors/adxl345/raw"},"device":"rpi-9a2f6ea2e358535b","event":"MQTT_PUBLISH_SKIPPED","level":"WARNING","seq":249,"sig":"67fc8d05484ac7d0","ts":"2026-04-22T23:00:13.938006+00:00"}
{"category":"NETWORK","details":{"raw_payload":"{\"x\": -0.008, \"y\": -0.16, \"z\": 1.052, \"ts\": 1776898813.7673137}","reason":"MQTT client not initialized","topic":"sensors/adxl345/raw"},"device":"rpi-9a2f6ea2e358535b","event":"MQTT_PUBLISH_SKIPPED","level":"WARNING","seq":250,"sig":"0fef26e972905492","ts":"2026-04-22T23:00:13.938077+00:00"}
{"category":"NETWORK","details":{"raw_payload":"{\"x\": -0.012, \"y\": -0.168, \"z\": 1.056, \"ts\": 1776898813.7773137}","reason":"MQTT client not initialized","topic":"sensors/adxl345/raw"},"device":"rpi-9a2f6ea2e358535b","event":"MQTT_PUBLISH_SKIPPED","level":"WARNING","seq":251,"sig":"e797030c8d4a887b","ts":"2026-04-22T23:00:13.938148+00:00"}
{"category":"NETWORK","details":{"raw_payload":"{\"x\": 0.008, \"y\": -0.16, \"z\": 1.068, \"ts\": 1776898813.7873137}","reason":"MQTT client not initialized","topic":"sensors/adxl345/raw"},"device":"rpi-9a2f6ea2e358535b","event":"MQTT_PUBLISH_SKIPPED","level":"WARNING","seq":252,"sig":"24d418f005831626","ts":"2026-04-22T23:00:13.938223+00:00"}
{"category":"NETWORK","details":{"raw_payload":"{\"x\": 0.008, \"y\": -0.16, \"z\": 1.044, \"ts\": 1776898813.7973137}","reason":"MQTT client not initialized","topic":"sensors/adxl345/raw"},"device":"rpi-9a2f6ea2e358535b","event":"MQTT_PUBLISH_SKIPPED","level":"WARNING","seq":253,"sig":"97c756a88633425d","ts":"2026-04-22T23:00:13.938295+00:00"}
{"category":"NETWORK","details":{"raw_payload":"{\"x\": -0.004, \"y\": -0.156, \"z\": 1.04, \"ts\": 1776898813.8073137}","reason":"MQTT client not initialized","topic":"sensors/adxl345/raw"},"device":"rpi-9a2f6ea2e358535b","event":"MQTT_PUBLISH_SKIPPED","level":"WARNING","seq":254,"sig":"4ffbc571327aea42","ts":"2026-04-22T23:00:13.938365+00:00"}
{"category":"NETWORK","details":{"raw_payload":"{\"x\": -0.012, \"y\": -0.148, \"z\": 1.04, \"ts\": 1776898813.817314}","reason":"MQTT client not initialized","topic":"sensors/adxl345/raw"},"device":"rpi-9a2f6ea2e358535b","event":"MQTT_PUBLISH_SKIPPED","level":"WARNING","seq":255,"sig":"0e05a9994b46ac0d","ts":"2026-04-22T23:00:13.938435+00:00"}
{"category":"NETWORK","details":{"raw_payload":"{\"x\": -0.024, \"y\": -0.152, \"z\": 1.04, \"ts\": 1776898813.827314}","reason":"MQTT client not initialized","topic":"sensors/adxl345/raw"},"device":"rpi-9a2f6ea2e358535b","event":"MQTT_PUBLISH_SKIPPED","level":"WARNING","seq":256,"sig":"f4afbbece9d6a7ac","ts":"2026-04-22T23:00:13.938505+00:00"}
{"category":"NETWORK","details":{"raw_payload":"{\"x\": -0.028, \"y\": -0.152, \"z\": 1.048, \"ts\": 1776898813.837314}","reason":"MQTT client not initialized","topic":"sensors/adxl345/raw"},"device":"rpi-9a2f6ea2e358535b","event":"MQTT_PUBLISH_SKIPPED","level":"WARNING","seq":257,"sig":"6d2e741abd43fe8c","ts":"2026-04-22T23:00:13.938574+00:00"}
{"category":"NETWORK","details":{"raw_payload":"{\"x\": -0.012, \"y\": -0.164, \"z\": 1.064, \"ts\": 1776898813.847314}","reason":"MQTT client not initialized","topic":"sensors/adxl345/raw"},"device":"rpi-9a2f6ea2e358535b","event":"MQTT_PUBLISH_SKIPPED","level":"WARNING","seq":258,"sig":"b9feeb3d011b6717","ts":"2026-04-22T23:00:13.938646+00:00"}
{"category":"NETWORK","details":{"raw_payload":"{\"x\": -0.016, \"y\": -0.14, \"z\": 1.052, \"ts\": 1776898813.8573139}","reason":"MQTT client not initialized","topic":"sensors/adxl345/raw"},"device":"rpi-9a2f6ea2e358535b","event":"MQTT_PUBLISH_SKIPPED","level":"WARNING","seq":259,"sig":"f65c9d59f430f9e0","ts":"2026-04-22T23:00:13.938715+00:00"}
{"category":"NETWORK","details":{"raw_payload":"{\"x\": -0.036, \"y\": -0.164, \"z\": 1.072, \"ts\": 1776898813.8673139}","reason":"MQTT client not initialized","topic":"sensors/adxl345/raw"},"device":"rpi-9a2f6ea2e358535b","event":"MQTT_PUBLISH_SKIPPED","level":"WARNING","seq":260,"sig":"9ad8d172c2cff388","ts":"2026-04-22T23:00:13.938786+00:00"}
{"category":"NETWORK","details":{"raw_payload":"{\"x\": 0.004, \"y\": -0.168, \"z\": 1.044, \"ts\": 1776898813.8773139}","reason":"MQTT client not initialized","topic":"sensors/adxl345/raw"},"device":"rpi-9a2f6ea2e358535b","event":"MQTT_PUBLISH_SKIPPED","level":"WARNING","seq":261,"sig":"520146e84dee9adf","ts":"2026-04-22T23:00:13.938856+00:00"}
{"category":"NETWORK","details":{"raw_payload":"{\"x\": -0.008, \"y\": -0.16, \"z\": 1.052, \"ts\": 1776898813.8873138}","reason":"MQTT client not initialized","topic":"sensors/adxl345/raw"},"device":"rpi-9a2f6ea2e358535b","event":"MQTT_PUBLISH_SKIPPED","level":"WARNING","seq":262,"sig":"349c1ed077d75e44","ts":"2026-04-22T23:00:13.938927+00:00"}
{"category":"NETWORK","details":{"raw_payload":"{\"x\": -0.02, \"y\": -0.156, \"z\": 1.044, \"ts\": 1776898813.8973138}","reason":"MQTT client not initialized","topic":"sensors/adxl345/raw"},"device":"rpi-9a2f6ea2e358535b","event":"MQTT_PUBLISH_SKIPPED","level":"WARNING","seq":263,"sig":"1cacabb4732055d1","ts":"2026-04-22T23:00:13.938996+00:00"}
{"category":"NETWORK","details":{"raw_payload":"{\"x\": -0.032, \"y\": -0.144, \"z\": 1.056, \"ts\": 1776898813.9073138}","reason":"MQTT client not initialized","topic":"sensors/adxl345/raw"},"device":"rpi-9a2f6ea2e358535b","event":"MQTT_PUBLISH_SKIPPED","level":"WARNING","seq":264,"sig":"1421affb6099dc99","ts":"2026-04-22T23:00:13.939075+00:00"}
{"category":"NETWORK","details":{"raw_payload":"{\"x\": -0.02, \"y\": -0.16, \"z\": 1.052, \"ts\": 1776898813.9173138}","reason":"MQTT client not initialized","topic":"sensors/adxl345/raw"},"device":"rpi-9a2f6ea2e358535b","event":"MQTT_PUBLISH_SKIPPED","level":"WARNING","seq":265,"sig":"cbe9e52aa3d6fbbb","ts":"2026-04-22T23:00:13.939149+00:00"}
{"category":"NETWORK","details":{"raw_payload":"{\"x\": -0.016, \"y\": -0.152, \"z\": 1.056, \"ts\": 1776898813.9273138}","reason":"MQTT client not initialized","topic":"sensors/adxl345/raw"},"device":"rpi-9a2f6ea2e358535b","event":"MQTT_PUBLISH_SKIPPED","level":"WARNING","seq":266,"sig":"84114e4012dbd80d","ts":"2026-04-22T23:00:13.939219+00:00"}
{"category":"SENSOR","details":{"batch_ts":1776898814.1873,"sample_count":25},"device":"rpi-9a2f6ea2e358535b","event":"FIFO_READ","level":"INFO","seq":267,"sig":"6ecd27492ba9fb7c","ts":"2026-04-22T23:00:14.187305+00:00"}
{"category":"NETWORK","details":{"raw_payload":"{\"x\": -0.036, \"y\": -0.148, \"z\": 1.044, \"ts\": 1776898813.9372997}","reason":"MQTT client not initialized","topic":"sensors/adxl345/raw"},"device":"rpi-9a2f6ea2e358535b","event":"MQTT_PUBLISH_SKIPPED","level":"WARNING","seq":268,"sig":"c489eca045a70acb","ts":"2026-04-22T23:00:14.187436+00:00"}
{"category":"NETWORK","details":{"raw_payload":"{\"x\": -0.008, \"y\": -0.14, \"z\": 1.064, \"ts\": 1776898813.9472997}","reason":"MQTT client not initialized","topic":"sensors/adxl345/raw"},"device":"rpi-9a2f6ea2e358535b","event":"MQTT_PUBLISH_SKIPPED","level":"WARNING","seq":269,"sig":"c08bd8f4bb1e316b","ts":"2026-04-22T23:00:14.187538+00:00"}
{"category":"NETWORK","details":{"raw_payload":"{\"x\": -0.008, \"y\": -0.16, \"z\": 1.064, \"ts\": 1776898813.9572997}","reason":"MQTT client not initialized","topic":"sensors/adxl345/raw"},"device":"rpi-9a2f6ea2e358535b","event":"MQTT_PUBLISH_SKIPPED","level":"WARNING","seq":270,"sig":"b48c8e397058ad3b","ts":"2026-04-22T23:00:14.187617+00:00"}
{"category":"NETWORK","details":{"raw_payload":"{\"x\": -0.004, \"y\": -0.156, \"z\": 1.06, \"ts\": 1776898813.9672997}","reason":"MQTT client not initialized","topic":"sensors/adxl345/raw"},"device":"rpi-9a2f6ea2e358535b","event":"MQTT_PUBLISH_SKIPPED","level":"WARNING","seq":271,"sig":"922e0a9d69b6fb99","ts":"2026-04-22T23:00:14.187691+00:00"}
{"category":"NETWORK","details":{"raw_payload":"{\"x\": -0.012, \"y\": -0.152, \"z\": 1.044, \"ts\": 1776898813.9772997}","reason":"MQTT client not initialized","topic":"sensors/adxl345/raw"},"device":"rpi-9a2f6ea2e358535b","event":"MQTT_PUBLISH_SKIPPED","level":"WARNING","seq":272,"sig":"830b5bb086bd8e0e","ts":"2026-04-22T23:00:14.187763+00:00"}
{"category":"NETWORK","details":{"raw_payload":"{\"x\": -0.016, \"y\": -0.16, \"z\": 1.06, \"ts\": 1776898813.9872997}","reason":"MQTT client not initialized","topic":"sensors/adxl345/raw"},"device":"rpi-9a2f6ea2e358535b","event":"MQTT_PUBLISH_SKIPPED","level":"WARNING","seq":273,"sig":"dee9e3dbd0ee3ffd","ts":"2026-04-22T23:00:14.187833+00:00"}
{"category":"NETWORK","details":{"raw_payload":"{\"x\": -0.016, \"y\": -0.156, \"z\": 1.052, \"ts\": 1776898813.9972997}","reason":"MQTT client not initialized","topic":"sensors/adxl345/raw"},"device":"rpi-9a2f6ea2e358535b","event":"MQTT_PUBLISH_SKIPPED","level":"WARNING","seq":274,"sig":"ef61a2834759a804","ts":"2026-04-22T23:00:14.187902+00:00"}
{"category":"NETWORK","details":{"raw_payload":"{\"x\": -0.012, \"y\": -0.164, \"z\": 1.044, \"ts\": 1776898814.0072997}","reason":"MQTT client not initialized","topic":"sensors/adxl345/raw"},"device":"rpi-9a2f6ea2e358535b","event":"MQTT_PUBLISH_SKIPPED","level":"WARNING","seq":275,"sig":"ff74dc1185edb7bf","ts":"2026-04-22T23:00:14.187970+00:00"}
{"category":"NETWORK","details":{"raw_payload":"{\"x\": -0.02, \"y\": -0.148, \"z\": 1.06, \"ts\": 1776898814.0172997}","reason":"MQTT client not initialized","topic":"sensors/adxl345/raw"},"device":"rpi-9a2f6ea2e358535b","event":"MQTT_PUBLISH_SKIPPED","level":"WARNING","seq":276,"sig":"b1bafc8a7054f08a","ts":"2026-04-22T23:00:14.188043+00:00"}
{"category":"NETWORK","details":{"raw_payload":"{\"x\": -0.032, \"y\": -0.164, \"z\": 1.052, \"ts\": 1776898814.0272996}","reason":"MQTT client not initialized","topic":"sensors/adxl345/raw"},"device":"rpi-9a2f6ea2e358535b","event":"MQTT_PUBLISH_SKIPPED","level":"WARNING","seq":277,"sig":"2b32d31793da866c","ts":"2026-04-22T23:00:14.188113+00:00"}
{"category":"NETWORK","details":{"raw_payload":"{\"x\": -0.016, \"y\": -0.156, \"z\": 1.052, \"ts\": 1776898814.0372996}","reason":"MQTT client not initialized","topic":"sensors/adxl345/raw"},"device":"rpi-9a2f6ea2e358535b","event":"MQTT_PUBLISH_SKIPPED","level":"WARNING","seq":278,"sig":"e2ef007f504557a6","ts":"2026-04-22T23:00:14.188183+00:00"}
{"category":"NETWORK","details":{"raw_payload":"{\"x\": -0.012, \"y\": -0.172, \"z\": 1.064, \"ts\": 1776898814.0472996}","reason":"MQTT client not initialized","topic":"sensors/adxl345/raw"},"device":"rpi-9a2f6ea2e358535b","event":"MQTT_PUBLISH_SKIPPED","level":"WARNING","seq":279,"sig":"a25c60468247a440","ts":"2026-04-22T23:00:14.188251+00:00"}
{"category":"NETWORK","details":{"raw_payload":"{\"x\": 0.0, \"y\": -0.168, \"z\": 1.076, \"ts\": 1776898814.0572996}","reason":"MQTT client not initialized","topic":"sensors/adxl345/raw"},"device":"rpi-9a2f6ea2e358535b","event":"MQTT_PUBLISH_SKIPPED","level":"WARNING","seq":280,"sig":"f03a9048da75c818","ts":"2026-04-22T23:00:14.188320+00:00"}
{"category":"NETWORK","details":{"raw_payload":"{\"x\": -0.012, \"y\": -0.148, \"z\": 1.064, \"ts\": 1776898814.0672998}","reason":"MQTT client not initialized","topic":"sensors/adxl345/raw"},"device":"rpi-9a2f6ea2e358535b","event":"MQTT_PUBLISH_SKIPPED","level":"WARNING","seq":281,"sig":"fb70dcf5286d49d4","ts":"2026-04-22T23:00:14.188389+00:00"}
{"category":"NETWORK","details":{"raw_payload":"{\"x\": -0.024, \"y\": -0.152, \"z\": 1.044, \"ts\": 1776898814.0772998}","reason":"MQTT client not initialized","topic":"sensors/adxl345/raw"},"device":"rpi-9a2f6ea2e358535b","event":"MQTT_PUBLISH_SKIPPED","level":"WARNING","seq":282,"sig":"24d4178229829e43","ts":"2026-04-22T23:00:14.188458+00:00"}
{"category":"NETWORK","details":{"raw_payload":"{\"x\": -0.008, \"y\": -0.164, \"z\": 1.04, \"ts\": 1776898814.0872998}","reason":"MQTT client not initialized","topic":"sensors/adxl345/raw"},"device":"rpi-9a2f6ea2e358535b","event":"MQTT_PUBLISH_SKIPPED","level":"WARNING","seq":283,"sig":"ed6eb360c762ebeb","ts":"2026-04-22T23:00:14.188528+00:00"}
{"category":"NETWORK","details":{"raw_payload":"{\"x\": -0.016, \"y\": -0.16, \"z\": 1.032, \"ts\": 1776898814.0972998}","reason":"MQTT client not initialized","topic":"sensors/adxl345/raw"},"device":"rpi-9a2f6ea2e358535b","event":"MQTT_PUBLISH_SKIPPED","level":"WARNING","seq":284,"sig":"09372bcea71cd556","ts":"2026-04-22T23:00:14.188595+00:00"}
{"category":"NETWORK","details":{"raw_payload":"{\"x\": -0.012, \"y\": -0.164, \"z\": 1.068, \"ts\": 1776898814.1072998}","reason":"MQTT client not initialized","topic":"sensors/adxl345/raw"},"device":"rpi-9a2f6ea2e358535b","event":"MQTT_PUBLISH_SKIPPED","level":"WARNING","seq":285,"sig":"1b91e432b1396bd5","ts":"2026-04-22T23:00:14.188698+00:00"}
{"category":"NETWORK","details":{"raw_payload":"{\"x\": -0.024, \"y\": -0.156, \"z\": 1.064, \"ts\": 1776898814.1172998}","reason":"MQTT client not initialized","topic":"sensors/adxl345/raw"},"device":"rpi-9a2f6ea2e358535b","event":"MQTT_PUBLISH_SKIPPED","level":"WARNING","seq":286,"sig":"0a1b5f8ed4946904","ts":"2026-04-22T23:00:14.188775+00:00"}
{"category":"NETWORK","details":{"raw_payload":"{\"x\": -0.024, \"y\": -0.156, \"z\": 1.068, \"ts\": 1776898814.1272998}","reason":"MQTT client not initialized","topic":"sensors/adxl345/raw"},"device":"rpi-9a2f6ea2e358535b","event":"MQTT_PUBLISH_SKIPPED","level":"WARNING","seq":287,"sig":"6948fccaffc13a2a","ts":"2026-04-22T23:00:14.188845+00:00"}
{"category":"NETWORK","details":{"raw_payload":"{\"x\": -0.016, \"y\": -0.148, \"z\": 1.052, \"ts\": 1776898814.1372998}","reason":"MQTT client not initialized","topic":"sensors/adxl345/raw"},"device":"rpi-9a2f6ea2e358535b","event":"MQTT_PUBLISH_SKIPPED","level":"WARNING","seq":288,"sig":"0eaeb6210009b14a","ts":"2026-04-22T23:00:14.188917+00:00"}
{"category":"NETWORK","details":{"raw_payload":"{\"x\": -0.008, \"y\": -0.168, \"z\": 1.032, \"ts\": 1776898814.1472998}","reason":"MQTT client not initialized","topic":"sensors/adxl345/raw"},"device":"rpi-9a2f6ea2e358535b","event":"MQTT_PUBLISH_SKIPPED","level":"WARNING","seq":289,"sig":"b0646639967bc286","ts":"2026-04-22T23:00:14.188987+00:00"}
{"category":"NETWORK","details":{"raw_payload":"{\"x\": -0.012, \"y\": -0.172, \"z\": 1.044, \"ts\": 1776898814.1572998}","reason":"MQTT client not initialized","topic":"sensors/adxl345/raw"},"device":"rpi-9a2f6ea2e358535b","event":"MQTT_PUBLISH_SKIPPED","level":"WARNING","seq":290,"sig":"a04525a46e6c6d45","ts":"2026-04-22T23:00:14.189054+00:00"}
{"category":"NETWORK","details":{"raw_payload":"{\"x\": -0.028, \"y\": -0.144, \"z\": 1.052, \"ts\": 1776898814.1672997}","reason":"MQTT client not initialized","topic":"sensors/adxl345/raw"},"device":"rpi-9a2f6ea2e358535b","event":"MQTT_PUBLISH_SKIPPED","level":"WARNING","seq":291,"sig":"2b87f867635b99e0","ts":"2026-04-22T23:00:14.189121+00:00"}
{"category":"NETWORK","details":{"raw_payload":"{\"x\": -0.028, \"y\": -0.16, \"z\": 1.052, \"ts\": 1776898814.1772997}","reason":"MQTT client not initialized","topic":"sensors/adxl345/raw"},"device":"rpi-9a2f6ea2e358535b","event":"MQTT_PUBLISH_SKIPPED","level":"WARNING","seq":292,"sig":"76bc9e38bf3fcbf1","ts":"2026-04-22T23:00:14.189189+00:00"}
{"category":"SENSOR","details":{"batch_ts":1776898814.4373,"sample_count":25},"device":"rpi-9a2f6ea2e358535b","event":"FIFO_READ","level":"INFO","seq":293,"sig":"140a69b8b79a5517","ts":"2026-04-22T23:00:14.437325+00:00"}
{"category":"NETWORK","details":{"raw_payload":"{\"x\": -0.016, \"y\": -0.164, \"z\": 1.044, \"ts\": 1776898814.1873178}","reason":"MQTT client not initialized","topic":"sensors/adxl345/raw"},"device":"rpi-9a2f6ea2e358535b","event":"MQTT_PUBLISH_SKIPPED","level":"WARNING","seq":294,"sig":"00f50b3cce0792b0","ts":"2026-04-22T23:00:14.437483+00:00"}
{"category":"NETWORK","details":{"raw_payload":"{\"x\": -0.008, \"y\": -0.148, \"z\": 1.044, \"ts\": 1776898814.1973178}","reason":"MQTT client not initialized","topic":"sensors/adxl345/raw"},"device":"rpi-9a2f6ea2e358535b","event":"MQTT_PUBLISH_SKIPPED","level":"WARNING","seq":295,"sig":"d26b98f95fb3286e","ts":"2026-04-22T23:00:14.437579+00:00"}
{"category":"NETWORK","details":{"raw_payload":"{\"x\": 0.004, \"y\": -0.128, \"z\": 1.06, \"ts\": 1776898814.2073178}","reason":"MQTT client not initialized","topic":"sensors/adxl345/raw"},"device":"rpi-9a2f6ea2e358535b","event":"MQTT_PUBLISH_SKIPPED","level":"WARNING","seq":296,"sig":"1ba0514239b81df0","ts":"2026-04-22T23:00:14.437661+00:00"}
{"category":"NETWORK","details":{"raw_payload":"{\"x\": -0.028, \"y\": -0.148, \"z\": 1.04, \"ts\": 1776898814.2173178}","reason":"MQTT client not initialized","topic":"sensors/adxl345/raw"},"device":"rpi-9a2f6ea2e358535b","event":"MQTT_PUBLISH_SKIPPED","level":"WARNING","seq":297,"sig":"892ced67b53d02ab","ts":"2026-04-22T23:00:14.437741+00:00"}
{"category":"NETWORK","details":{"raw_payload":"{\"x\": -0.024, \"y\": -0.148, \"z\": 1.064, \"ts\": 1776898814.2273178}","reason":"MQTT client not initialized","topic":"sensors/adxl345/raw"},"device":"rpi-9a2f6ea2e358535b","event":"MQTT_PUBLISH_SKIPPED","level":"WARNING","seq":298,"sig":"06711f5a9622d976","ts":"2026-04-22T23:00:14.437813+00:00"}
{"category":"NETWORK","details":{"raw_payload":"{\"x\": -0.02, \"y\": -0.156, \"z\": 1.06, \"ts\": 1776898814.2373178}","reason":"MQTT client not initialized","topic":"sensors/adxl345/raw"},"device":"rpi-9a2f6ea2e358535b","event":"MQTT_PUBLISH_SKIPPED","level":"WARNING","seq":299,"sig":"114bee82fc37afe5","ts":"2026-04-22T23:00:14.437883+00:00"}
{"category":"NETWORK","details":{"raw_payload":"{\"x\": -0.036, \"y\": -0.148, \"z\": 1.032, \"ts\": 1776898814.2473178}","reason":"MQTT client not initialized","topic":"sensors/adxl345/raw"},"device":"rpi-9a2f6ea2e358535b","event":"MQTT_PUBLISH_SKIPPED","level":"WARNING","seq":300,"sig":"ea5b4576cba537fe","ts":"2026-04-22T23:00:14.437959+00:00"}
{"category":"NETWORK","details":{"raw_payload":"{\"x\": -0.012, \"y\": -0.16, \"z\": 1.06, \"ts\": 1776898814.2573178}","reason":"MQTT client not initialized","topic":"sensors/adxl345/raw"},"device":"rpi-9a2f6ea2e358535b","event":"MQTT_PUBLISH_SKIPPED","level":"WARNING","seq":301,"sig":"8f4fe7907dc9a6e3","ts":"2026-04-22T23:00:14.438032+00:00"}
{"category":"NETWORK","details":{"raw_payload":"{\"x\": -0.008, \"y\": -0.156, \"z\": 1.052, \"ts\": 1776898814.2673178}","reason":"MQTT client not initialized","topic":"sensors/adxl345/raw"},"device":"rpi-9a2f6ea2e358535b","event":"MQTT_PUBLISH_SKIPPED","level":"WARNING","seq":302,"sig":"aa8f3d0a19b5aaf2","ts":"2026-04-22T23:00:14.438096+00:00"}
{"category":"NETWORK","details":{"raw_payload":"{\"x\": -0.016, \"y\": -0.16, \"z\": 1.044, \"ts\": 1776898814.2773178}","reason":"MQTT client not initialized","topic":"sensors/adxl345/raw"},"device":"rpi-9a2f6ea2e358535b","event":"MQTT_PUBLISH_SKIPPED","level":"WARNING","seq":303,"sig":"dc607c4e86b6e37e","ts":"2026-04-22T23:00:14.438154+00:00"}
{"category":"NETWORK","details":{"raw_payload":"{\"x\": -0.02, \"y\": -0.152, \"z\": 1.06, \"ts\": 1776898814.2873178}","reason":"MQTT client not initialized","topic":"sensors/adxl345/raw"},"device":"rpi-9a2f6ea2e358535b","event":"MQTT_PUBLISH_SKIPPED","level":"WARNING","seq":304,"sig":"bb01a1f32ec8b4a0","ts":"2026-04-22T23:00:14.438210+00:00"}
{"category":"NETWORK","details":{"raw_payload":"{\"x\": -0.036, \"y\": -0.156, \"z\": 1.024, \"ts\": 1776898814.2973177}","reason":"MQTT client not initialized","topic":"sensors/adxl345/raw"},"device":"rpi-9a2f6ea2e358535b","event":"MQTT_PUBLISH_SKIPPED","level":"WARNING","seq":305,"sig":"ee971de2079b30fe","ts":"2026-04-22T23:00:14.438267+00:00"}
{"category":"NETWORK","details":{"raw_payload":"{\"x\": -0.024, \"y\": -0.164, \"z\": 1.028, \"ts\": 1776898814.3073177}","reason":"MQTT client not initialized","topic":"sensors/adxl345/raw"},"device":"rpi-9a2f6ea2e358535b","event":"MQTT_PUBLISH_SKIPPED","level":"WARNING","seq":306,"sig":"5ddbcfce5d294e45","ts":"2026-04-22T23:00:14.438323+00:00"}
{"category":"NETWORK","details":{"raw_payload":"{\"x\": -0.008, \"y\": -0.156, \"z\": 1.06, \"ts\": 1776898814.317318}","reason":"MQTT client not initialized","topic":"sensors/adxl345/raw"},"device":"rpi-9a2f6ea2e358535b","event":"MQTT_PUBLISH_SKIPPED","level":"WARNING","seq":307,"sig":"17b28be19077ae85","ts":"2026-04-22T23:00:14.438379+00:00"}
{"category":"NETWORK","details":{"raw_payload":"{\"x\": -0.016, \"y\": -0.168, \"z\": 1.06, \"ts\": 1776898814.327318}","reason":"MQTT client not initialized","topic":"sensors/adxl345/raw"},"device":"rpi-9a2f6ea2e358535b","event":"MQTT_PUBLISH_SKIPPED","level":"WARNING","seq":308,"sig":"1c1b7240978bf89b","ts":"2026-04-22T23:00:14.438434+00:00"}
{"category":"NETWORK","details":{"raw_payload":"{\"x\": -0.012, \"y\": -0.152, \"z\": 1.044, \"ts\": 1776898814.337318}","reason":"MQTT client not initialized","topic":"sensors/adxl345/raw"},"device":"rpi-9a2f6ea2e358535b","event":"MQTT_PUBLISH_SKIPPED","level":"WARNING","seq":309,"sig":"db1e4cacd3647695","ts":"2026-04-22T23:00:14.438490+00:00"}
{"category":"NETWORK","details":{"raw_payload":"{\"x\": 0.0, \"y\": -0.152, \"z\": 1.056, \"ts\": 1776898814.347318}","reason":"MQTT client not initialized","topic":"sensors/adxl345/raw"},"device":"rpi-9a2f6ea2e358535b","event":"MQTT_PUBLISH_SKIPPED","level":"WARNING","seq":310,"sig":"59cfc205f7f29cba","ts":"2026-04-22T23:00:14.438545+00:00"}
{"category":"NETWORK","details":{"raw_payload":"{\"x\": -0.008, \"y\": -0.164, \"z\": 1.044, \"ts\": 1776898814.357318}","reason":"MQTT client not initialized","topic":"sensors/adxl345/raw"},"device":"rpi-9a2f6ea2e358535b","event":"MQTT_PUBLISH_SKIPPED","level":"WARNING","seq":311,"sig":"460169d52820435f","ts":"2026-04-22T23:00:14.438601+00:00"}
{"category":"NETWORK","details":{"raw_payload":"{\"x\": -0.004, \"y\": -0.164, \"z\": 1.064, \"ts\": 1776898814.367318}","reason":"MQTT client not initialized","topic":"sensors/adxl345/raw"},"device":"rpi-9a2f6ea2e358535b","event":"MQTT_PUBLISH_SKIPPED","level":"WARNING","seq":312,"sig":"fdd0ca20f804a75f","ts":"2026-04-22T23:00:14.438668+00:00"}
{"category":"NETWORK","details":{"raw_payload":"{\"x\": -0.012, \"y\": -0.156, \"z\": 1.048, \"ts\": 1776898814.377318}","reason":"MQTT client not initialized","topic":"sensors/adxl345/raw"},"device":"rpi-9a2f6ea2e358535b","event":"MQTT_PUBLISH_SKIPPED","level":"WARNING","seq":313,"sig":"21627eda96595a07","ts":"2026-04-22T23:00:14.438727+00:00"}
{"category":"NETWORK","details":{"raw_payload":"{\"x\": -0.02, \"y\": -0.172, \"z\": 1.072, \"ts\": 1776898814.387318}","reason":"MQTT client not initialized","topic":"sensors/adxl345/raw"},"device":"rpi-9a2f6ea2e358535b","event":"MQTT_PUBLISH_SKIPPED","level":"WARNING","seq":314,"sig":"88b9a419ce557cd6","ts":"2026-04-22T23:00:14.438783+00:00"}
{"category":"NETWORK","details":{"raw_payload":"{\"x\": -0.016, \"y\": -0.176, \"z\": 1.056, \"ts\": 1776898814.397318}","reason":"MQTT client not initialized","topic":"sensors/adxl345/raw"},"device":"rpi-9a2f6ea2e358535b","event":"MQTT_PUBLISH_SKIPPED","level":"WARNING","seq":315,"sig":"76b6c57e69938704","ts":"2026-04-22T23:00:14.438839+00:00"}
{"category":"NETWORK","details":{"raw_payload":"{\"x\": -0.024, \"y\": -0.16, \"z\": 1.036, \"ts\": 1776898814.4073179}","reason":"MQTT client not initialized","topic":"sensors/adxl345/raw"},"device":"rpi-9a2f6ea2e358535b","event":"MQTT_PUBLISH_SKIPPED","level":"WARNING","seq":316,"sig":"6c0fa4a8dcd82e3c","ts":"2026-04-22T23:00:14.438895+00:00"}
{"category":"NETWORK","details":{"raw_payload":"{\"x\": 0.0, \"y\": -0.148, \"z\": 1.036, \"ts\": 1776898814.4173179}","reason":"MQTT client not initialized","topic":"sensors/adxl345/raw"},"device":"rpi-9a2f6ea2e358535b","event":"MQTT_PUBLISH_SKIPPED","level":"WARNING","seq":317,"sig":"098c24d639ebd78b","ts":"2026-04-22T23:00:14.438952+00:00"}
{"category":"NETWORK","details":{"raw_payload":"{\"x\": -0.032, \"y\": -0.172, \"z\": 1.056, \"ts\": 1776898814.4273179}","reason":"MQTT client not initialized","topic":"sensors/adxl345/raw"},"device":"rpi-9a2f6ea2e358535b","event":"MQTT_PUBLISH_SKIPPED","level":"WARNING","seq":318,"sig":"718cfcc12740be35","ts":"2026-04-22T23:00:14.439008+00:00"}
{"category":"SENSOR","details":{"batch_ts":1776898814.6873,"sample_count":25},"device":"rpi-9a2f6ea2e358535b","event":"FIFO_READ","level":"INFO","seq":319,"sig":"1dbb956f68536d9e","ts":"2026-04-22T23:00:14.687298+00:00"}
{"category":"NETWORK","details":{"raw_payload":"{\"x\": -0.02, \"y\": -0.156, \"z\": 1.056, \"ts\": 1776898814.437294}","reason":"MQTT client not initialized","topic":"sensors/adxl345/raw"},"device":"rpi-9a2f6ea2e358535b","event":"MQTT_PUBLISH_SKIPPED","level":"WARNING","seq":320,"sig":"7f79f8eaf4f438f9","ts":"2026-04-22T23:00:14.687416+00:00"}
{"category":"NETWORK","details":{"raw_payload":"{\"x\": 0.0, \"y\": -0.144, \"z\": 1.068, \"ts\": 1776898814.447294}","reason":"MQTT client not initialized","topic":"sensors/adxl345/raw"},"device":"rpi-9a2f6ea2e358535b","event":"MQTT_PUBLISH_SKIPPED","level":"WARNING","seq":321,"sig":"72020b697ebb6eb9","ts":"2026-04-22T23:00:14.687500+00:00"}
{"category":"NETWORK","details":{"raw_payload":"{\"x\": -0.004, \"y\": -0.148, \"z\": 1.04, \"ts\": 1776898814.457294}","reason":"MQTT client not initialized","topic":"sensors/adxl345/raw"},"device":"rpi-9a2f6ea2e358535b","event":"MQTT_PUBLISH_SKIPPED","level":"WARNING","seq":322,"sig":"4d729e29cf42b95f","ts":"2026-04-22T23:00:14.687582+00:00"}
{"category":"NETWORK","details":{"raw_payload":"{\"x\": -0.008, \"y\": -0.16, \"z\": 1.044, \"ts\": 1776898814.467294}","reason":"MQTT client not initialized","topic":"sensors/adxl345/raw"},"device":"rpi-9a2f6ea2e358535b","event":"MQTT_PUBLISH_SKIPPED","level":"WARNING","seq":323,"sig":"9e856b7b0fa44948","ts":"2026-04-22T23:00:14.687657+00:00"}
{"category":"NETWORK","details":{"raw_payload":"{\"x\": -0.02, \"y\": -0.164, \"z\": 1.036, \"ts\": 1776898814.477294}","reason":"MQTT client not initialized","topic":"sensors/adxl345/raw"},"device":"rpi-9a2f6ea2e358535b","event":"MQTT_PUBLISH_SKIPPED","level":"WARNING","seq":324,"sig":"8b9f43ece51e21eb","ts":"2026-04-22T23:00:14.687731+00:00"}
{"category":"NETWORK","details":{"raw_payload":"{\"x\": 0.0, \"y\": -0.18, \"z\": 1.044, \"ts\": 1776898814.487294}","reason":"MQTT client not initialized","topic":"sensors/adxl345/raw"},"device":"rpi-9a2f6ea2e358535b","event":"MQTT_PUBLISH_SKIPPED","level":"WARNING","seq":325,"sig":"3b8fea4f51130b40","ts":"2026-04-22T23:00:14.687803+00:00"}
{"category":"NETWORK","details":{"raw_payload":"{\"x\": -0.004, \"y\": -0.164, \"z\": 1.044, \"ts\": 1776898814.497294}","reason":"MQTT client not initialized","topic":"sensors/adxl345/raw"},"device":"rpi-9a2f6ea2e358535b","event":"MQTT_PUBLISH_SKIPPED","level":"WARNING","seq":326,"sig":"655e8adcd44dd39b","ts":"2026-04-22T23:00:14.687874+00:00"}
{"category":"NETWORK","details":{"raw_payload":"{\"x\": -0.012, \"y\": -0.152, \"z\": 1.028, \"ts\": 1776898814.507294}","reason":"MQTT client not initialized","topic":"sensors/adxl345/raw"},"device":"rpi-9a2f6ea2e358535b","event":"MQTT_PUBLISH_SKIPPED","level":"WARNING","seq":327,"sig":"d2dfa9b915e33391","ts":"2026-04-22T23:00:14.687943+00:00"}
{"category":"NETWORK","details":{"raw_payload":"{\"x\": -0.024, \"y\": -0.156, \"z\": 1.056, \"ts\": 1776898814.517294}","reason":"MQTT client not initialized","topic":"sensors/adxl345/raw"},"device":"rpi-9a2f6ea2e358535b","event":"MQTT_PUBLISH_SKIPPED","level":"WARNING","seq":328,"sig":"8d1db6e910231289","ts":"2026-04-22T23:00:14.688011+00:00"}
{"category":"NETWORK","details":{"raw_payload":"{\"x\": -0.008, \"y\": -0.176, \"z\": 1.028, \"ts\": 1776898814.527294}","reason":"MQTT client not initialized","topic":"sensors/adxl345/raw"},"device":"rpi-9a2f6ea2e358535b","event":"MQTT_PUBLISH_SKIPPED","level":"WARNING","seq":329,"sig":"c5e768e188484382","ts":"2026-04-22T23:00:14.688078+00:00"}
{"category":"NETWORK","details":{"raw_payload":"{\"x\": 0.008, \"y\": -0.164, \"z\": 1.036, \"ts\": 1776898814.537294}","reason":"MQTT client not initialized","topic":"sensors/adxl345/raw"},"device":"rpi-9a2f6ea2e358535b","event":"MQTT_PUBLISH_SKIPPED","level":"WARNING","seq":330,"sig":"8d7fb97c119319ae","ts":"2026-04-22T23:00:14.688146+00:00"}
{"category":"NETWORK","details":{"raw_payload":"{\"x\": -0.028, \"y\": -0.164, \"z\": 1.052, \"ts\": 1776898814.547294}","reason":"MQTT client not initialized","topic":"sensors/adxl345/raw"},"device":"rpi-9a2f6ea2e358535b","event":"MQTT_PUBLISH_SKIPPED","level":"WARNING","seq":331,"sig":"be764807bbd6deae","ts":"2026-04-22T23:00:14.688212+00:00"}
{"category":"NETWORK","details":{"raw_payload":"{\"x\": -0.024, \"y\": -0.156, \"z\": 1.04, \"ts\": 1776898814.557294}","reason":"MQTT client not initialized","topic":"sensors/adxl345/raw"},"device":"rpi-9a2f6ea2e358535b","event":"MQTT_PUBLISH_SKIPPED","level":"WARNING","seq":332,"sig":"6bf57911677b27d0","ts":"2026-04-22T23:00:14.688279+00:00"}
{"category":"NETWORK","details":{"raw_payload":"{\"x\": -0.016, \"y\": -0.144, \"z\": 1.056, \"ts\": 1776898814.5672941}","reason":"MQTT client not initialized","topic":"sensors/adxl345/raw"},"device":"rpi-9a2f6ea2e358535b","event":"MQTT_PUBLISH_SKIPPED","level":"WARNING","seq":333,"sig":"a748d50a247a9d34","ts":"2026-04-22T23:00:14.688346+00:00"}
{"category":"NETWORK","details":{"raw_payload":"{\"x\": -0.012, \"y\": -0.152, \"z\": 1.04, \"ts\": 1776898814.577294}","reason":"MQTT client not initialized","topic":"sensors/adxl345/raw"},"device":"rpi-9a2f6ea2e358535b","event":"MQTT_PUBLISH_SKIPPED","level":"WARNING","seq":334,"sig":"80f51a804f5a0e20","ts":"2026-04-22T23:00:14.688412+00:00"}
{"category":"NETWORK","details":{"raw_payload":"{\"x\": -0.012, \"y\": -0.156, \"z\": 1.048, \"ts\": 1776898814.587294}","reason":"MQTT client not initialized","topic":"sensors/adxl345/raw"},"device":"rpi-9a2f6ea2e358535b","event":"MQTT_PUBLISH_SKIPPED","level":"WARNING","seq":335,"sig":"86e41cf4898de9bc","ts":"2026-04-22T23:00:14.688480+00:00"}
{"category":"NETWORK","details":{"raw_payload":"{\"x\": -0.024, \"y\": -0.168, \"z\": 1.068, \"ts\": 1776898814.597294}","reason":"MQTT client not initialized","topic":"sensors/adxl345/raw"},"device":"rpi-9a2f6ea2e358535b","event":"MQTT_PUBLISH_SKIPPED","level":"WARNING","seq":336,"sig":"4a518b2d069e4b56","ts":"2026-04-22T23:00:14.688551+00:00"}
{"category":"NETWORK","details":{"raw_payload":"{\"x\": -0.012, \"y\": -0.152, \"z\": 1.056, \"ts\": 1776898814.607294}","reason":"MQTT client not initialized","topic":"sensors/adxl345/raw"},"device":"rpi-9a2f6ea2e358535b","event":"MQTT_PUBLISH_SKIPPED","level":"WARNING","seq":337,"sig":"da7b1a1a1b58d8d8","ts":"2026-04-22T23:00:14.688628+00:00"}
{"category":"NETWORK","details":{"raw_payload":"{\"x\": -0.012, \"y\": -0.152, \"z\": 1.048, \"ts\": 1776898814.617294}","reason":"MQTT client not initialized","topic":"sensors/adxl345/raw"},"device":"rpi-9a2f6ea2e358535b","event":"MQTT_PUBLISH_SKIPPED","level":"WARNING","seq":338,"sig":"8721f34ca14a12fa","ts":"2026-04-22T23:00:14.688709+00:00"}
{"category":"NETWORK","details":{"raw_payload":"{\"x\": -0.016, \"y\": -0.172, \"z\": 1.06, \"ts\": 1776898814.627294}","reason":"MQTT client not initialized","topic":"sensors/adxl345/raw"},"device":"rpi-9a2f6ea2e358535b","event":"MQTT_PUBLISH_SKIPPED","level":"WARNING","seq":339,"sig":"ef716a6e44f7dafe","ts":"2026-04-22T23:00:14.688781+00:00"}
{"category":"NETWORK","details":{"raw_payload":"{\"x\": -0.008, \"y\": -0.164, \"z\": 1.056, \"ts\": 1776898814.637294}","reason":"MQTT client not initialized","topic":"sensors/adxl345/raw"},"device":"rpi-9a2f6ea2e358535b","event":"MQTT_PUBLISH_SKIPPED","level":"WARNING","seq":340,"sig":"8e330af341a590f1","ts":"2026-04-22T23:00:14.688850+00:00"}
{"category":"NETWORK","details":{"raw_payload":"{\"x\": -0.016, \"y\": -0.156, \"z\": 1.052, \"ts\": 1776898814.647294}","reason":"MQTT client not initialized","topic":"sensors/adxl345/raw"},"device":"rpi-9a2f6ea2e358535b","event":"MQTT_PUBLISH_SKIPPED","level":"WARNING","seq":341,"sig":"ad3533ba2af3eeaf","ts":"2026-04-22T23:00:14.688917+00:00"}
{"category":"NETWORK","details":{"raw_payload":"{\"x\": 0.0, \"y\": -0.14, \"z\": 1.048, \"ts\": 1776898814.657294}","reason":"MQTT client not initialized","topic":"sensors/adxl345/raw"},"device":"rpi-9a2f6ea2e358535b","event":"MQTT_PUBLISH_SKIPPED","level":"WARNING","seq":342,"sig":"be2008947b5d4fb1","ts":"2026-04-22T23:00:14.688985+00:00"}
{"category":"NETWORK","details":{"raw_payload":"{\"x\": -0.028, \"y\": -0.164, \"z\": 1.048, \"ts\": 1776898814.667294}","reason":"MQTT client not initialized","topic":"sensors/adxl345/raw"},"device":"rpi-9a2f6ea2e358535b","event":"MQTT_PUBLISH_SKIPPED","level":"WARNING","seq":343,"sig":"7a35ef576da71a46","ts":"2026-04-22T23:00:14.689052+00:00"}
{"category":"NETWORK","details":{"raw_payload":"{\"x\": -0.016, \"y\": -0.16, \"z\": 1.056, \"ts\": 1776898814.677294}","reason":"MQTT client not initialized","topic":"sensors/adxl345/raw"},"device":"rpi-9a2f6ea2e358535b","event":"MQTT_PUBLISH_SKIPPED","level":"WARNING","seq":344,"sig":"77816a0d0b979613","ts":"2026-04-22T23:00:14.689120+00:00"}
{"category":"DATA","details":{"band_hz":[3.0,8.0],"batch_ts":1776898814.6873,"x_peak_g":0.003482,"x_peak_hz":7.0,"y_peak_g":0.004393,"y_peak_hz":8.0,"z_peak_g":0.002824,"z_peak_hz":5.0},"device":"rpi-9a2f6ea2e358535b","event":"FFT_RESULT","level":"INFO","seq":345,"sig":"5d1e66daaeb0d280","ts":"2026-04-22T23:00:14.689464+00:00"}
{"category":"NETWORK","details":{"fft_payload":"{\"fft\": {\"band_hz\": [3.0, 8.0], \"x\": {\"peak_hz\": 7.0, \"peak_amp_g\": 0.003482, \"mean_amp_g\": 0.001876}, \"y\": {\"peak_hz\": 8.0, \"peak_amp_g\": 0.004393, \"mean_amp_g\": 0.001977}, \"z\": {\"peak_hz\": 5.0, \"peak_amp_g\": 0.002824, \"mean_amp_g\": 0.002281}}, \"ts\": 1776898814.687294}","reason":"MQTT client not initialized","topic":"sensors/adxl345/fft"},"device":"rpi-9a2f6ea2e358535b","event":"MQTT_PUBLISH_SKIPPED","level":"WARNING","seq":346,"sig":"b1df2c3b6a828115","ts":"2026-04-22T23:00:14.689570+00:00"}
{"category":"SENSOR","details":{"batch_ts":1776898814.9373,"sample_count":25},"device":"rpi-9a2f6ea2e358535b","event":"FIFO_READ","level":"INFO","seq":347,"sig":"fb2dec6ef1a28e25","ts":"2026-04-22T23:00:14.937313+00:00"}
{"category":"NETWORK","details":{"raw_payload":"{\"x\": -0.032, \"y\": -0.152, \"z\": 1.044, \"ts\": 1776898814.6873078}","reason":"MQTT client not initialized","topic":"sensors/adxl345/raw"},"device":"rpi-9a2f6ea2e358535b","event":"MQTT_PUBLISH_SKIPPED","level":"WARNING","seq":348,"sig":"bae2c206f0067829","ts":"2026-04-22T23:00:14.937448+00:00"}
{"category":"NETWORK","details":{"raw_payload":"{\"x\": -0.004, \"y\": -0.136, \"z\": 1.048, \"ts\": 1776898814.6973078}","reason":"MQTT client not initialized","topic":"sensors/adxl345/raw"},"device":"rpi-9a2f6ea2e358535b","event":"MQTT_PUBLISH_SKIPPED","level":"WARNING","seq":349,"sig":"3dd50141d45abeb0","ts":"2026-04-22T23:00:14.937551+00:00"}
{"category":"NETWORK","details":{"raw_payload":"{\"x\": 0.004, \"y\": -0.14, \"z\": 1.072, \"ts\": 1776898814.7073078}","reason":"MQTT client not initialized","topic":"sensors/adxl345/raw"},"device":"rpi-9a2f6ea2e358535b","event":"MQTT_PUBLISH_SKIPPED","level":"WARNING","seq":350,"sig":"de8d09f7b47091df","ts":"2026-04-22T23:00:14.937636+00:00"}
{"category":"NETWORK","details":{"raw_payload":"{\"x\": -0.024, \"y\": -0.156, \"z\": 1.068, \"ts\": 1776898814.7173078}","reason":"MQTT client not initialized","topic":"sensors/adxl345/raw"},"device":"rpi-9a2f6ea2e358535b","event":"MQTT_PUBLISH_SKIPPED","level":"WARNING","seq":351,"sig":"831ad08db03c9f45","ts":"2026-04-22T23:00:14.937713+00:00"}
{"category":"NETWORK","details":{"raw_payload":"{\"x\": -0.028, \"y\": -0.152, \"z\": 1.044, \"ts\": 1776898814.7273078}","reason":"MQTT client not initialized","topic":"sensors/adxl345/raw"},"device":"rpi-9a2f6ea2e358535b","event":"MQTT_PUBLISH_SKIPPED","level":"WARNING","seq":352,"sig":"93e6ae58d3f4d770","ts":"2026-04-22T23:00:14.937787+00:00"}
{"category":"NETWORK","details":{"raw_payload":"{\"x\": -0.004, \"y\": -0.152, \"z\": 1.044, \"ts\": 1776898814.7373078}","reason":"MQTT client not initialized","topic":"sensors/adxl345/raw"},"device":"rpi-9a2f6ea2e358535b","event":"MQTT_PUBLISH_SKIPPED","level":"WARNING","seq":353,"sig":"e44f74f0e294acda","ts":"2026-04-22T23:00:14.937860+00:00"}
{"category":"NETWORK","details":{"raw_payload":"{\"x\": -0.024, \"y\": -0.152, \"z\": 1.048, \"ts\": 1776898814.7473078}","reason":"MQTT client not initialized","topic":"sensors/adxl345/raw"},"device":"rpi-9a2f6ea2e358535b","event":"MQTT_PUBLISH_SKIPPED","level":"WARNING","seq":354,"sig":"ffc42eff9fcf5069","ts":"2026-04-22T23:00:14.937930+00:00"}
{"category":"NETWORK","details":{"raw_payload":"{\"x\": -0.016, \"y\": -0.164, \"z\": 1.04, \"ts\": 1776898814.7573078}","reason":"MQTT client not initialized","topic":"sensors/adxl345/raw"},"device":"rpi-9a2f6ea2e358535b","event":"MQTT_PUBLISH_SKIPPED","level":"WARNING","seq":355,"sig":"5349474f1ed6d657","ts":"2026-04-22T23:00:14.938000+00:00"}
{"category":"NETWORK","details":{"raw_payload":"{\"x\": -0.02, \"y\": -0.164, \"z\": 1.04, \"ts\": 1776898814.7673078}","reason":"MQTT client not initialized","topic":"sensors/adxl345/raw"},"device":"rpi-9a2f6ea2e358535b","event":"MQTT_PUBLISH_SKIPPED","level":"WARNING","seq":356,"sig":"eae8ae1dcb36d14d","ts":"2026-04-22T23:00:14.938070+00:00"}
{"category":"NETWORK","details":{"raw_payload":"{\"x\": -0.02, \"y\": -0.16, \"z\": 1.048, \"ts\": 1776898814.7773077}","reason":"MQTT client not initialized","topic":"sensors/adxl345/raw"},"device":"rpi-9a2f6ea2e358535b","event":"MQTT_PUBLISH_SKIPPED","level":"WARNING","seq":357,"sig":"078db545857d55f3","ts":"2026-04-22T23:00:14.938140+00:00"}
{"category":"NETWORK","details":{"raw_payload":"{\"x\": -0.008, \"y\": -0.148, \"z\": 1.04, \"ts\": 1776898814.7873077}","reason":"MQTT client not initialized","topic":"sensors/adxl345/raw"},"device":"rpi-9a2f6ea2e358535b","event":"MQTT_PUBLISH_SKIPPED","level":"WARNING","seq":358,"sig":"89741375855541c7","ts":"2026-04-22T23:00:14.938209+00:00"}
{"category":"NETWORK","details":{"raw_payload":"{\"x\": -0.012, \"y\": -0.16, \"z\": 1.032, \"ts\": 1776898814.7973077}","reason":"MQTT client not initialized","topic":"sensors/adxl345/raw"},"device":"rpi-9a2f6ea2e358535b","event":"MQTT_PUBLISH_SKIPPED","level":"WARNING","seq":359,"sig":"fb34940be756cd12","ts":"2026-04-22T23:00:14.938288+00:00"}
{"category":"NETWORK","details":{"raw_payload":"{\"x\": -0.024, \"y\": -0.16, \"z\": 1.064, \"ts\": 1776898814.8073077}","reason":"MQTT client not initialized","topic":"sensors/adxl345/raw"},"device":"rpi-9a2f6ea2e358535b","event":"MQTT_PUBLISH_SKIPPED","level":"WARNING","seq":360,"sig":"4800feff893cd1cf","ts":"2026-04-22T23:00:14.938361+00:00"}
{"category":"NETWORK","details":{"raw_payload":"{\"x\": -0.024, \"y\": -0.156, \"z\": 1.052, \"ts\": 1776898814.817308}","reason":"MQTT client not initialized","topic":"sensors/adxl345/raw"},"device":"rpi-9a2f6ea2e358535b","event":"MQTT_PUBLISH_SKIPPED","level":"WARNING","seq":361,"sig":"2d716d3bbcd57dd6","ts":"2026-04-22T23:00:14.938431+00:00"}
{"category":"NETWORK","details":{"raw_payload":"{\"x\": -0.024, \"y\": -0.168, \"z\": 1.052, \"ts\": 1776898814.827308}","reason":"MQTT client not initialized","topic":"sensors/adxl345/raw"},"device":"rpi-9a2f6ea2e358535b","event":"MQTT_PUBLISH_SKIPPED","level":"WARNING","seq":362,"sig":"73e82b45cd77ef59","ts":"2026-04-22T23:00:14.938500+00:00"}
{"category":"NETWORK","details":{"raw_payload":"{\"x\": -0.004, \"y\": -0.164, \"z\": 1.052, \"ts\": 1776898814.837308}","reason":"MQTT client not initialized","topic":"sensors/adxl345/raw"},"device":"rpi-9a2f6ea2e358535b","event":"MQTT_PUBLISH_SKIPPED","level":"WARNING","seq":363,"sig":"b453b5803d9d9360","ts":"2026-04-22T23:00:14.938567+00:00"}
{"category":"NETWORK","details":{"raw_payload":"{\"x\": -0.008, \"y\": -0.164, \"z\": 1.044, \"ts\": 1776898814.847308}","reason":"MQTT client not initialized","topic":"sensors/adxl345/raw"},"device":"rpi-9a2f6ea2e358535b","event":"MQTT_PUBLISH_SKIPPED","level":"WARNING","seq":364,"sig":"50743c4c190e493e","ts":"2026-04-22T23:00:14.938636+00:00"}
{"category":"NETWORK","details":{"raw_payload":"{\"x\": -0.008, \"y\": -0.148, \"z\": 1.044, \"ts\": 1776898814.857308}","reason":"MQTT client not initialized","topic":"sensors/adxl345/raw"},"device":"rpi-9a2f6ea2e358535b","event":"MQTT_PUBLISH_SKIPPED","level":"WARNING","seq":365,"sig":"f42b0e8e14b83289","ts":"2026-04-22T23:00:14.938703+00:00"}
{"category":"NETWORK","details":{"raw_payload":"{\"x\": -0.012, \"y\": -0.148, \"z\": 1.064, \"ts\": 1776898814.867308}","reason":"MQTT client not initialized","topic":"sensors/adxl345/raw"},"device":"rpi-9a2f6ea2e358535b","event":"MQTT_PUBLISH_SKIPPED","level":"WARNING","seq":366,"sig":"ffdd0dc7bb4bf092","ts":"2026-04-22T23:00:14.938770+00:00"}
{"category":"NETWORK","details":{"raw_payload":"{\"x\": -0.008, \"y\": -0.148, \"z\": 1.048, \"ts\": 1776898814.877308}","reason":"MQTT client not initialized","topic":"sensors/adxl345/raw"},"device":"rpi-9a2f6ea2e358535b","event":"MQTT_PUBLISH_SKIPPED","level":"WARNING","seq":367,"sig":"5cb2d34722bf743a","ts":"2026-04-22T23:00:14.938837+00:00"}
{"category":"NETWORK","details":{"raw_payload":"{\"x\": -0.012, \"y\": -0.168, \"z\": 1.052, \"ts\": 1776898814.887308}","reason":"MQTT client not initialized","topic":"sensors/adxl345/raw"},"device":"rpi-9a2f6ea2e358535b","event":"MQTT_PUBLISH_SKIPPED","level":"WARNING","seq":368,"sig":"6cb9284fbe3694fe","ts":"2026-04-22T23:00:14.938905+00:00"}
{"category":"NETWORK","details":{"raw_payload":"{\"x\": -0.012, \"y\": -0.156, \"z\": 1.048, \"ts\": 1776898814.8973079}","reason":"MQTT client not initialized","topic":"sensors/adxl345/raw"},"device":"rpi-9a2f6ea2e358535b","event":"MQTT_PUBLISH_SKIPPED","level":"WARNING","seq":369,"sig":"4f04b06fdb5f7aca","ts":"2026-04-22T23:00:14.938973+00:00"}
{"category":"NETWORK","details":{"raw_payload":"{\"x\": -0.02, \"y\": -0.176, \"z\": 1.032, \"ts\": 1776898814.9073079}","reason":"MQTT client not initialized","topic":"sensors/adxl345/raw"},"device":"rpi-9a2f6ea2e358535b","event":"MQTT_PUBLISH_SKIPPED","level":"WARNING","seq":370,"sig":"ad03dd00515b0148","ts":"2026-04-22T23:00:14.939043+00:00"}
{"category":"NETWORK","details":{"raw_payload":"{\"x\": -0.004, \"y\": -0.168, \"z\": 1.04, \"ts\": 1776898814.9173079}","reason":"MQTT client not initialized","topic":"sensors/adxl345/raw"},"device":"rpi-9a2f6ea2e358535b","event":"MQTT_PUBLISH_SKIPPED","level":"WARNING","seq":371,"sig":"f9e6d0e9328c1e7a","ts":"2026-04-22T23:00:14.939114+00:00"}
{"category":"NETWORK","details":{"raw_payload":"{\"x\": -0.024, \"y\": -0.14, \"z\": 1.024, \"ts\": 1776898814.9273078}","reason":"MQTT client not initialized","topic":"sensors/adxl345/raw"},"device":"rpi-9a2f6ea2e358535b","event":"MQTT_PUBLISH_SKIPPED","level":"WARNING","seq":372,"sig":"58eaff4436250652","ts":"2026-04-22T23:00:14.939184+00:00"}
{"category":"SENSOR","details":{"batch_ts":1776898815.1864,"sample_count":24},"device":"rpi-9a2f6ea2e358535b","event":"FIFO_READ","level":"INFO","seq":373,"sig":"3793cfd50810f814","ts":"2026-04-22T23:00:15.186437+00:00"}
{"category":"NETWORK","details":{"raw_payload":"{\"x\": -0.012, \"y\": -0.144, \"z\": 1.06, \"ts\": 1776898814.9464312}","reason":"MQTT client not initialized","topic":"sensors/adxl345/raw"},"device":"rpi-9a2f6ea2e358535b","event":"MQTT_PUBLISH_SKIPPED","level":"WARNING","seq":374,"sig":"fb68ba2c54b22098","ts":"2026-04-22T23:00:15.186568+00:00"}
{"category":"NETWORK","details":{"raw_payload":"{\"x\": 0.0, \"y\": -0.144, \"z\": 1.072, \"ts\": 1776898814.9564312}","reason":"MQTT client not initialized","topic":"sensors/adxl345/raw"},"device":"rpi-9a2f6ea2e358535b","event":"MQTT_PUBLISH_SKIPPED","level":"WARNING","seq":375,"sig":"04786629e66e1b0a","ts":"2026-04-22T23:00:15.186669+00:00"}
{"category":"NETWORK","details":{"raw_payload":"{\"x\": -0.004, \"y\": -0.136, \"z\": 1.068, \"ts\": 1776898814.9664311}","reason":"MQTT client not initialized","topic":"sensors/adxl345/raw"},"device":"rpi-9a2f6ea2e358535b","event":"MQTT_PUBLISH_SKIPPED","level":"WARNING","seq":376,"sig":"d8fdebee08d4f5fa","ts":"2026-04-22T23:00:15.186750+00:00"}
{"category":"NETWORK","details":{"raw_payload":"{\"x\": -0.012, \"y\": -0.156, \"z\": 1.06, \"ts\": 1776898814.9764311}","reason":"MQTT client not initialized","topic":"sensors/adxl345/raw"},"device":"rpi-9a2f6ea2e358535b","event":"MQTT_PUBLISH_SKIPPED","level":"WARNING","seq":377,"sig":"5d34231362fd14c0","ts":"2026-04-22T23:00:15.186825+00:00"}
{"category":"NETWORK","details":{"raw_payload":"{\"x\": -0.024, \"y\": -0.156, \"z\": 1.036, \"ts\": 1776898814.9864311}","reason":"MQTT client not initialized","topic":"sensors/adxl345/raw"},"device":"rpi-9a2f6ea2e358535b","event":"MQTT_PUBLISH_SKIPPED","level":"WARNING","seq":378,"sig":"0bfe442580393e45","ts":"2026-04-22T23:00:15.186899+00:00"}
{"category":"NETWORK","details":{"raw_payload":"{\"x\": -0.008, \"y\": -0.168, \"z\": 1.044, \"ts\": 1776898814.996431}","reason":"MQTT client not initialized","topic":"sensors/adxl345/raw"},"device":"rpi-9a2f6ea2e358535b","event":"MQTT_PUBLISH_SKIPPED","level":"WARNING","seq":379,"sig":"0fa2537e2cf150e4","ts":"2026-04-22T23:00:15.186969+00:00"}
{"category":"NETWORK","details":{"raw_payload":"{\"x\": -0.012, \"y\": -0.156, \"z\": 1.064, \"ts\": 1776898815.006431}","reason":"MQTT client not initialized","topic":"sensors/adxl345/raw"},"device":"rpi-9a2f6ea2e358535b","event":"MQTT_PUBLISH_SKIPPED","level":"WARNING","seq":380,"sig":"eb59a35cd2c9c3ca","ts":"2026-04-22T23:00:15.187036+00:00"}
{"category":"NETWORK","details":{"raw_payload":"{\"x\": -0.02, \"y\": -0.152, \"z\": 1.032, \"ts\": 1776898815.016431}","reason":"MQTT client not initialized","topic":"sensors/adxl345/raw"},"device":"rpi-9a2f6ea2e358535b","event":"MQTT_PUBLISH_SKIPPED","level":"WARNING","seq":381,"sig":"8446785b899725ba","ts":"2026-04-22T23:00:15.187107+00:00"}
{"category":"NETWORK","details":{"raw_payload":"{\"x\": -0.004, \"y\": -0.144, \"z\": 1.048, \"ts\": 1776898815.026431}","reason":"MQTT client not initialized","topic":"sensors/adxl345/raw"},"device":"rpi-9a2f6ea2e358535b","event":"MQTT_PUBLISH_SKIPPED","level":"WARNING","seq":382,"sig":"2f719bb7e6562752","ts":"2026-04-22T23:00:15.187178+00:00"}
{"category":"NETWORK","details":{"raw_payload":"{\"x\": -0.008, \"y\": -0.152, \"z\": 1.052, \"ts\": 1776898815.036431}","reason":"MQTT client not initialized","topic":"sensors/adxl345/raw"},"device":"rpi-9a2f6ea2e358535b","event":"MQTT_PUBLISH_SKIPPED","level":"WARNING","seq":383,"sig":"ae842a7e968c17a1","ts":"2026-04-22T23:00:15.187251+00:00"}
{"category":"NETWORK","details":{"raw_payload":"{\"x\": -0.008, \"y\": -0.168, \"z\": 1.068, \"ts\": 1776898815.046431}","reason":"MQTT client not initialized","topic":"sensors/adxl345/raw"},"device":"rpi-9a2f6ea2e358535b","event":"MQTT_PUBLISH_SKIPPED","level":"WARNING","seq":384,"sig":"8113abb45025dbab","ts":"2026-04-22T23:00:15.187320+00:00"}
{"category":"NETWORK","details":{"raw_payload":"{\"x\": -0.016, \"y\": -0.16, \"z\": 1.052, \"ts\": 1776898815.056431}","reason":"MQTT client not initialized","topic":"sensors/adxl345/raw"},"device":"rpi-9a2f6ea2e358535b","event":"MQTT_PUBLISH_SKIPPED","level":"WARNING","seq":385,"sig":"31fa48cfe4c26bd2","ts":"2026-04-22T23:00:15.187388+00:00"}
{"category":"NETWORK","details":{"raw_payload":"{\"x\": -0.028, \"y\": -0.164, \"z\": 1.056, \"ts\": 1776898815.0664313}","reason":"MQTT client not initialized","topic":"sensors/adxl345/raw"},"device":"rpi-9a2f6ea2e358535b","event":"MQTT_PUBLISH_SKIPPED","level":"WARNING","seq":386,"sig":"04afcd41526451b6","ts":"2026-04-22T23:00:15.187457+00:00"}
{"category":"NETWORK","details":{"raw_payload":"{\"x\": -0.008, \"y\": -0.164, \"z\": 1.04, \"ts\": 1776898815.0764313}","reason":"MQTT client not initialized","topic":"sensors/adxl345/raw"},"device":"rpi-9a2f6ea2e358535b","event":"MQTT_PUBLISH_SKIPPED","level":"WARNING","seq":387,"sig":"28da89969b6a2442","ts":"2026-04-22T23:00:15.187525+00:00"}
{"category":"NETWORK","details":{"raw_payload":"{\"x\": -0.008, \"y\": -0.164, \"z\": 1.044, \"ts\": 1776898815.0864313}","reason":"MQTT client not initialized","topic":"sensors/adxl345/raw"},"device":"rpi-9a2f6ea2e358535b","event":"MQTT_PUBLISH_SKIPPED","level":"WARNING","seq":388,"sig":"e97b6411d271a646","ts":"2026-04-22T23:00:15.187592+00:00"}
{"category":"NETWORK","details":{"raw_payload":"{\"x\": -0.028, \"y\": -0.164, \"z\": 1.036, \"ts\": 1776898815.0964313}","reason":"MQTT client not initialized","topic":"sensors/adxl345/raw"},"device":"rpi-9a2f6ea2e358535b","event":"MQTT_PUBLISH_SKIPPED","level":"WARNING","seq":389,"sig":"84c4132535ae8360","ts":"2026-04-22T23:00:15.187659+00:00"}
{"category":"NETWORK","details":{"raw_payload":"{\"x\": -0.02, \"y\": -0.144, \"z\": 1.064, \"ts\": 1776898815.1064312}","reason":"MQTT client not initialized","topic":"sensors/adxl345/raw"},"device":"rpi-9a2f6ea2e358535b","event":"MQTT_PUBLISH_SKIPPED","level":"WARNING","seq":390,"sig":"29229cdfb55cfa8e","ts":"2026-04-22T23:00:15.187725+00:00"}
{"category":"NETWORK","details":{"raw_payload":"{\"x\": -0.024, \"y\": -0.144, \"z\": 1.044, \"ts\": 1776898815.1164312}","reason":"MQTT client not initialized","topic":"sensors/adxl345/raw"},"device":"rpi-9a2f6ea2e358535b","event":"MQTT_PUBLISH_SKIPPED","level":"WARNING","seq":391,"sig":"0a9c0ef615c95c3c","ts":"2026-04-22T23:00:15.187794+00:00"}
{"category":"NETWORK","details":{"raw_payload":"{\"x\": 0.0, \"y\": -0.152, \"z\": 1.052, \"ts\": 1776898815.1264312}","reason":"MQTT client not initialized","topic":"sensors/adxl345/raw"},"device":"rpi-9a2f6ea2e358535b","event":"MQTT_PUBLISH_SKIPPED","level":"WARNING","seq":392,"sig":"03f6284339423320","ts":"2026-04-22T23:00:15.187861+00:00"}
{"category":"NETWORK","details":{"raw_payload":"{\"x\": 0.0, \"y\": -0.172, \"z\": 1.044, \"ts\": 1776898815.1364312}","reason":"MQTT client not initialized","topic":"sensors/adxl345/raw"},"device":"rpi-9a2f6ea2e358535b","event":"MQTT_PUBLISH_SKIPPED","level":"WARNING","seq":393,"sig":"77d327f9b335dbc6","ts":"2026-04-22T23:00:15.187927+00:00"}
{"category":"NETWORK","details":{"raw_payload":"{\"x\": -0.004, \"y\": -0.16, \"z\": 1.06, \"ts\": 1776898815.1464312}","reason":"MQTT client not initialized","topic":"sensors/adxl345/raw"},"device":"rpi-9a2f6ea2e358535b","event":"MQTT_PUBLISH_SKIPPED","level":"WARNING","seq":394,"sig":"133ad5bc4e9ae785","ts":"2026-04-22T23:00:15.187996+00:00"}
{"category":"NETWORK","details":{"raw_payload":"{\"x\": -0.004, \"y\": -0.172, \"z\": 1.06, \"ts\": 1776898815.1564312}","reason":"MQTT client not initialized","topic":"sensors/adxl345/raw"},"device":"rpi-9a2f6ea2e358535b","event":"MQTT_PUBLISH_SKIPPED","level":"WARNING","seq":395,"sig":"eba09a788a42ea90","ts":"2026-04-22T23:00:15.188066+00:00"}
{"category":"NETWORK","details":{"raw_payload":"{\"x\": -0.016, \"y\": -0.156, \"z\": 1.052, \"ts\": 1776898815.1664312}","reason":"MQTT client not initialized","topic":"sensors/adxl345/raw"},"device":"rpi-9a2f6ea2e358535b","event":"MQTT_PUBLISH_SKIPPED","level":"WARNING","seq":396,"sig":"56a5f8bebc859327","ts":"2026-04-22T23:00:15.188134+00:00"}
{"category":"NETWORK","details":{"raw_payload":"{\"x\": 0.004, \"y\": -0.152, \"z\": 1.056, \"ts\": 1776898815.1764312}","reason":"MQTT client not initialized","topic":"sensors/adxl345/raw"},"device":"rpi-9a2f6ea2e358535b","event":"MQTT_PUBLISH_SKIPPED","level":"WARNING","seq":397,"sig":"15fe4e62f79e5a96","ts":"2026-04-22T23:00:15.188200+00:00"}
{"category":"SENSOR","details":{"batch_ts":1776898815.4373,"sample_count":25},"device":"rpi-9a2f6ea2e358535b","event":"FIFO_READ","level":"INFO","seq":398,"sig":"3fddaf45acf62d2a","ts":"2026-04-22T23:00:15.437326+00:00"}
{"category":"NETWORK","details":{"raw_payload":"{\"x\": -0.02, \"y\": -0.16, \"z\": 1.06, \"ts\": 1776898815.1873188}","reason":"MQTT client not initialized","topic":"sensors/adxl345/raw"},"device":"rpi-9a2f6ea2e358535b","event":"MQTT_PUBLISH_SKIPPED","level":"WARNING","seq":399,"sig":"5fbe30b6f225f55b","ts":"2026-04-22T23:00:15.437477+00:00"}
{"category":"NETWORK","details":{"raw_payload":"{\"x\": -0.02, \"y\": -0.156, \"z\": 1.044, \"ts\": 1776898815.1973188}","reason":"MQTT client not initialized","topic":"sensors/adxl345/raw"},"device":"rpi-9a2f6ea2e358535b","event":"MQTT_PUBLISH_SKIPPED","level":"WARNING","seq":400,"sig":"d12f1fb38f05c7af","ts":"2026-04-22T23:00:15.437570+00:00"}
{"category":"NETWORK","details":{"raw_payload":"{\"x\": -0.012, \"y\": -0.144, \"z\": 1.052, \"ts\": 1776898815.2073188}","reason":"MQTT client not initialized","topic":"sensors/adxl345/raw"},"device":"rpi-9a2f6ea2e358535b","event":"MQTT_PUBLISH_SKIPPED","level":"WARNING","seq":401,"sig":"fd1092f10a921839","ts":"2026-04-22T23:00:15.437652+00:00"}
{"category":"NETWORK","details":{"raw_payload":"{\"x\": 0.004, \"y\": -0.144, \"z\": 1.056, \"ts\": 1776898815.2173188}","reason":"MQTT client not initialized","topic":"sensors/adxl345/raw"},"device":"rpi-9a2f6ea2e358535b","event":"MQTT_PUBLISH_SKIPPED","level":"WARNING","seq":402,"sig":"1e538ff73541ba2b","ts":"2026-04-22T23:00:15.437730+00:00"}
{"category":"NETWORK","details":{"raw_payload":"{\"x\": -0.02, \"y\": -0.168, \"z\": 1.052, \"ts\": 1776898815.2273188}","reason":"MQTT client not initialized","topic":"sensors/adxl345/raw"},"device":"rpi-9a2f6ea2e358535b","event":"MQTT_PUBLISH_SKIPPED","level":"WARNING","seq":403,"sig":"dbb56bd998386180","ts":"2026-04-22T23:00:15.437806+00:00"}
{"category":"NETWORK","details":{"raw_payload":"{\"x\": -0.012, \"y\": -0.156, \"z\": 1.048, \"ts\": 1776898815.2373188}","reason":"MQTT client not initialized","topic":"sensors/adxl345/raw"},"device":"rpi-9a2f6ea2e358535b","event":"MQTT_PUBLISH_SKIPPED","level":"WARNING","seq":404,"sig":"64ed81ea8aa3d159","ts":"2026-04-22T23:00:15.437878+00:00"}
{"category":"NETWORK","details":{"raw_payload":"{\"x\": -0.016, \"y\": -0.164, \"z\": 1.064, \"ts\": 1776898815.2473187}","reason":"MQTT client not initialized","topic":"sensors/adxl345/raw"},"device":"rpi-9a2f6ea2e358535b","event":"MQTT_PUBLISH_SKIPPED","level":"WARNING","seq":405,"sig":"620c1e1357a505db","ts":"2026-04-22T23:00:15.437947+00:00"}
{"category":"NETWORK","details":{"raw_payload":"{\"x\": -0.012, \"y\": -0.168, \"z\": 1.052, \"ts\": 1776898815.2573187}","reason":"MQTT client not initialized","topic":"sensors/adxl345/raw"},"device":"rpi-9a2f6ea2e358535b","event":"MQTT_PUBLISH_SKIPPED","level":"WARNING","seq":406,"sig":"32b46a66081cd158","ts":"2026-04-22T23:00:15.438016+00:00"}
{"category":"NETWORK","details":{"raw_payload":"{\"x\": -0.016, \"y\": -0.164, \"z\": 1.04, \"ts\": 1776898815.2673187}","reason":"MQTT client not initialized","topic":"sensors/adxl345/raw"},"device":"rpi-9a2f6ea2e358535b","event":"MQTT_PUBLISH_SKIPPED","level":"WARNING","seq":407,"sig":"c45b8822043c3c46","ts":"2026-04-22T23:00:15.438104+00:00"}
{"category":"NETWORK","details":{"raw_payload":"{\"x\": -0.008, \"y\": -0.156, \"z\": 1.052, \"ts\": 1776898815.2773187}","reason":"MQTT client not initialized","topic":"sensors/adxl345/raw"},"device":"rpi-9a2f6ea2e358535b","event":"MQTT_PUBLISH_SKIPPED","level":"WARNING","seq":408,"sig":"8c748a23534b02e1","ts":"2026-04-22T23:00:15.438177+00:00"}
{"category":"NETWORK","details":{"raw_payload":"{\"x\": -0.008, \"y\": -0.148, \"z\": 1.048, \"ts\": 1776898815.2873187}","reason":"MQTT client not initialized","topic":"sensors/adxl345/raw"},"device":"rpi-9a2f6ea2e358535b","event":"MQTT_PUBLISH_SKIPPED","level":"WARNING","seq":409,"sig":"0ab93d130027b658","ts":"2026-04-22T23:00:15.438247+00:00"}
{"category":"NETWORK","details":{"raw_payload":"{\"x\": -0.016, \"y\": -0.16, \"z\": 1.052, \"ts\": 1776898815.2973187}","reason":"MQTT client not initialized","topic":"sensors/adxl345/raw"},"device":"rpi-9a2f6ea2e358535b","event":"MQTT_PUBLISH_SKIPPED","level":"WARNING","seq":410,"sig":"f68fb9957d37e46b","ts":"2026-04-22T23:00:15.438316+00:00"}
{"category":"NETWORK","details":{"raw_payload":"{\"x\": -0.024, \"y\": -0.172, \"z\": 1.036, \"ts\": 1776898815.3073187}","reason":"MQTT client not initialized","topic":"sensors/adxl345/raw"},"device":"rpi-9a2f6ea2e358535b","event":"MQTT_PUBLISH_SKIPPED","level":"WARNING","seq":411,"sig":"5a512ad3ee51c7f9","ts":"2026-04-22T23:00:15.438385+00:00"}
{"category":"NETWORK","details":{"raw_payload":"{\"x\": -0.02, \"y\": -0.152, \"z\": 1.052, \"ts\": 1776898815.317319}","reason":"MQTT client not initialized","topic":"sensors/adxl345/raw"},"device":"rpi-9a2f6ea2e358535b","event":"MQTT_PUBLISH_SKIPPED","level":"WARNING","seq":412,"sig":"73564ebaa07f9d89","ts":"2026-04-22T23:00:15.438451+00:00"}
{"category":"NETWORK","details":{"raw_payload":"{\"x\": -0.004, \"y\": -0.148, \"z\": 1.036, \"ts\": 1776898815.327319}","reason":"MQTT client not initialized","topic":"sensors/adxl345/raw"},"device":"rpi-9a2f6ea2e358535b","event":"MQTT_PUBLISH_SKIPPED","level":"WARNING","seq":413,"sig":"e637731d3a6cca0c","ts":"2026-04-22T23:00:15.438521+00:00"}
{"category":"NETWORK","details":{"raw_payload":"{\"x\": -0.008, \"y\": -0.16, \"z\": 1.06, \"ts\": 1776898815.337319}","reason":"MQTT client not initialized","topic":"sensors/adxl345/raw"},"device":"rpi-9a2f6ea2e358535b","event":"MQTT_PUBLISH_SKIPPED","level":"WARNING","seq":414,"sig":"9ed6ccb1fcf7370d","ts":"2026-04-22T23:00:15.438590+00:00"}
{"category":"NETWORK","details":{"raw_payload":"{\"x\": -0.004, \"y\": -0.172, \"z\": 1.052, \"ts\": 1776898815.347319}","reason":"MQTT client not initialized","topic":"sensors/adxl345/raw"},"device":"rpi-9a2f6ea2e358535b","event":"MQTT_PUBLISH_SKIPPED","level":"WARNING","seq":415,"sig":"3ac9129c0c3f8cc5","ts":"2026-04-22T23:00:15.438657+00:00"}
{"category":"NETWORK","details":{"raw_payload":"{\"x\": -0.012, \"y\": -0.172, \"z\": 1.06, \"ts\": 1776898815.3573189}","reason":"MQTT client not initialized","topic":"sensors/adxl345/raw"},"device":"rpi-9a2f6ea2e358535b","event":"MQTT_PUBLISH_SKIPPED","level":"WARNING","seq":416,"sig":"943ace6af58177b2","ts":"2026-04-22T23:00:15.438727+00:00"}
{"category":"NETWORK","details":{"raw_payload":"{\"x\": -0.02, \"y\": -0.156, \"z\": 1.052, \"ts\": 1776898815.3673189}","reason":"MQTT client not initialized","topic":"sensors/adxl345/raw"},"device":"rpi-9a2f6ea2e358535b","event":"MQTT_PUBLISH_SKIPPED","level":"WARNING","seq":417,"sig":"4598bd33bd05a2c2","ts":"2026-04-22T23:00:15.438793+00:00"}
{"category":"NETWORK","details":{"raw_payload":"{\"x\": 0.0, \"y\": -0.16, \"z\": 1.06, \"ts\": 1776898815.3773189}","reason":"MQTT client not initialized","topic":"sensors/adxl345/raw"},"device":"rpi-9a2f6ea2e358535b","event":"MQTT_PUBLISH_SKIPPED","level":"WARNING","seq":418,"sig":"c205cc7884c64a7e","ts":"2026-04-22T23:00:15.438861+00:00"}
{"category":"NETWORK","details":{"raw_payload":"{\"x\": -0.028, \"y\": -0.168, \"z\": 1.072, \"ts\": 1776898815.3873188}","reason":"MQTT client not initialized","topic":"sensors/adxl345/raw"},"device":"rpi-9a2f6ea2e358535b","event":"MQTT_PUBLISH_SKIPPED","level":"WARNING","seq":419,"sig":"be10ed5e63922870","ts":"2026-04-22T23:00:15.438930+00:00"}
{"category":"NETWORK","details":{"raw_payload":"{\"x\": -0.004, \"y\": -0.156, \"z\": 1.064, \"ts\": 1776898815.3973188}","reason":"MQTT client not initialized","topic":"sensors/adxl345/raw"},"device":"rpi-9a2f6ea2e358535b","event":"MQTT_PUBLISH_SKIPPED","level":"WARNING","seq":420,"sig":"23620b825b028329","ts":"2026-04-22T23:00:15.438999+00:00"}
{"category":"NETWORK","details":{"raw_payload":"{\"x\": -0.008, \"y\": -0.168, \"z\": 1.056, \"ts\": 1776898815.4073188}","reason":"MQTT client not initialized","topic":"sensors/adxl345/raw"},"device":"rpi-9a2f6ea2e358535b","event":"MQTT_PUBLISH_SKIPPED","level":"WARNING","seq":421,"sig":"36ff468995cce225","ts":"2026-04-22T23:00:15.439068+00:00"}
{"category":"NETWORK","details":{"raw_payload":"{\"x\": -0.012, \"y\": -0.16, \"z\": 1.056, \"ts\": 1776898815.4173188}","reason":"MQTT client not initialized","topic":"sensors/adxl345/raw"},"device":"rpi-9a2f6ea2e358535b","event":"MQTT_PUBLISH_SKIPPED","level":"WARNING","seq":422,"sig":"759ddda1c6621809","ts":"2026-04-22T23:00:15.439137+00:00"}
{"category":"NETWORK","details":{"raw_payload":"{\"x\": -0.032, \"y\": -0.172, \"z\": 1.068, \"ts\": 1776898815.4273188}","reason":"MQTT client not initialized","topic":"sensors/adxl345/raw"},"device":"rpi-9a2f6ea2e358535b","event":"MQTT_PUBLISH_SKIPPED","level":"WARNING","seq":423,"sig":"96fc9e8033ced4a0","ts":"2026-04-22T23:00:15.439205+00:00"}
{"category":"SENSOR","details":{"batch_ts":1776898815.6873,"sample_count":25},"device":"rpi-9a2f6ea2e358535b","event":"FIFO_READ","level":"INFO","seq":424,"sig":"c4ae56f60501b593","ts":"2026-04-22T23:00:15.687304+00:00"}
{"category":"NETWORK","details":{"raw_payload":"{\"x\": -0.004, \"y\": -0.16, \"z\": 1.048, \"ts\": 1776898815.4372997}","reason":"MQTT client not initialized","topic":"sensors/adxl345/raw"},"device":"rpi-9a2f6ea2e358535b","event":"MQTT_PUBLISH_SKIPPED","level":"WARNING","seq":425,"sig":"4a1750c455e82f45","ts":"2026-04-22T23:00:15.687427+00:00"}
{"category":"NETWORK","details":{"raw_payload":"{\"x\": -0.008, \"y\": -0.168, \"z\": 1.056, \"ts\": 1776898815.4472997}","reason":"MQTT client not initialized","topic":"sensors/adxl345/raw"},"device":"rpi-9a2f6ea2e358535b","event":"MQTT_PUBLISH_SKIPPED","level":"WARNING","seq":426,"sig":"3b954ea690f41f16","ts":"2026-04-22T23:00:15.687522+00:00"}
{"category":"NETWORK","details":{"raw_payload":"{\"x\": -0.012, \"y\": -0.14, \"z\": 1.044, \"ts\": 1776898815.4572997}","reason":"MQTT client not initialized","topic":"sensors/adxl345/raw"},"device":"rpi-9a2f6ea2e358535b","event":"MQTT_PUBLISH_SKIPPED","level":"WARNING","seq":427,"sig":"275bdbe9f08a2418","ts":"2026-04-22T23:00:15.687604+00:00"}
{"category":"NETWORK","details":{"raw_payload":"{\"x\": 0.0, \"y\": -0.164, \"z\": 1.076, \"ts\": 1776898815.4672997}","reason":"MQTT client not initialized","topic":"sensors/adxl345/raw"},"device":"rpi-9a2f6ea2e358535b","event":"MQTT_PUBLISH_SKIPPED","level":"WARNING","seq":428,"sig":"14a363f08c40fb3c","ts":"2026-04-22T23:00:15.687677+00:00"}
{"category":"NETWORK","details":{"raw_payload":"{\"x\": -0.016, \"y\": -0.16, \"z\": 1.048, \"ts\": 1776898815.4772997}","reason":"MQTT client not initialized","topic":"sensors/adxl345/raw"},"device":"rpi-9a2f6ea2e358535b","event":"MQTT_PUBLISH_SKIPPED","level":"WARNING","seq":429,"sig":"40b49ca73c667026","ts":"2026-04-22T23:00:15.687753+00:00"}
{"category":"NETWORK","details":{"raw_payload":"{\"x\": -0.028, \"y\": -0.164, \"z\": 1.048, \"ts\": 1776898815.4872997}","reason":"MQTT client not initialized","topic":"sensors/adxl345/raw"},"device":"rpi-9a2f6ea2e358535b","event":"MQTT_PUBLISH_SKIPPED","level":"WARNING","seq":430,"sig":"b32ca21fe0586bd5","ts":"2026-04-22T23:00:15.687839+00:00"}
{"category":"NETWORK","details":{"raw_payload":"{\"x\": -0.016, \"y\": -0.16, \"z\": 1.052, \"ts\": 1776898815.4972997}","reason":"MQTT client not initialized","topic":"sensors/adxl345/raw"},"device":"rpi-9a2f6ea2e358535b","event":"MQTT_PUBLISH_SKIPPED","level":"WARNING","seq":431,"sig":"9e9271843a8cf863","ts":"2026-04-22T23:00:15.687926+00:00"}
{"category":"NETWORK","details":{"raw_payload":"{\"x\": -0.024, \"y\": -0.16, \"z\": 1.064, \"ts\": 1776898815.5072997}","reason":"MQTT client not initialized","topic":"sensors/adxl345/raw"},"device":"rpi-9a2f6ea2e358535b","event":"MQTT_PUBLISH_SKIPPED","level":"WARNING","seq":432,"sig":"c2faafbb3643e849","ts":"2026-04-22T23:00:15.688006+00:00"}
{"category":"NETWORK","details":{"raw_payload":"{\"x\": 0.008, \"y\": -0.16, \"z\": 1.044, \"ts\": 1776898815.5172997}","reason":"MQTT client not initialized","topic":"sensors/adxl345/raw"},"device":"rpi-9a2f6ea2e358535b","event":"MQTT_PUBLISH_SKIPPED","level":"WARNING","seq":433,"sig":"8c9042efcd4ec311","ts":"2026-04-22T23:00:15.688080+00:00"}
{"category":"NETWORK","details":{"raw_payload":"{\"x\": -0.02, \"y\": -0.152, \"z\": 1.056, \"ts\": 1776898815.5272996}","reason":"MQTT client not initialized","topic":"sensors/adxl345/raw"},"device":"rpi-9a2f6ea2e358535b","event":"MQTT_PUBLISH_SKIPPED","level":"WARNING","seq":434,"sig":"96b36cad70c9d25b","ts":"2026-04-22T23:00:15.688152+00:00"}
{"category":"NETWORK","details":{"raw_payload":"{\"x\": -0.008, \"y\": -0.168, \"z\": 1.056, \"ts\": 1776898815.5372996}","reason":"MQTT client not initialized","topic":"sensors/adxl345/raw"},"device":"rpi-9a2f6ea2e358535b","event":"MQTT_PUBLISH_SKIPPED","level":"WARNING","seq":435,"sig":"52abc41a24024f2e","ts":"2026-04-22T23:00:15.688224+00:00"}
{"category":"NETWORK","details":{"raw_payload":"{\"x\": -0.004, \"y\": -0.168, \"z\": 1.06, \"ts\": 1776898815.5472996}","reason":"MQTT client not initialized","topic":"sensors/adxl345/raw"},"device":"rpi-9a2f6ea2e358535b","event":"MQTT_PUBLISH_SKIPPED","level":"WARNING","seq":436,"sig":"f95c291ac3b233f6","ts":"2026-04-22T23:00:15.688297+00:00"}
{"category":"NETWORK","details":{"raw_payload":"{\"x\": -0.02, \"y\": -0.16, \"z\": 1.044, \"ts\": 1776898815.5572996}","reason":"MQTT client not initialized","topic":"sensors/adxl345/raw"},"device":"rpi-9a2f6ea2e358535b","event":"MQTT_PUBLISH_SKIPPED","level":"WARNING","seq":437,"sig":"c86837f4facd0a90","ts":"2026-04-22T23:00:15.688369+00:00"}
{"category":"NETWORK","details":{"raw_payload":"{\"x\": -0.004, \"y\": -0.148, \"z\": 1.044, \"ts\": 1776898815.5672998}","reason":"MQTT client not initialized","topic":"sensors/adxl345/raw"},"device":"rpi-9a2f6ea2e358535b","event":"MQTT_PUBLISH_SKIPPED","level":"WARNING","seq":438,"sig":"125e3431b38259b8","ts":"2026-04-22T23:00:15.688441+00:00"}
{"category":"NETWORK","details":{"raw_payload":"{\"x\": -0.012, \"y\": -0.164, \"z\": 1.052, \"ts\": 1776898815.5772998}","reason":"MQTT client not initialized","topic":"sensors/adxl345/raw"},"device":"rpi-9a2f6ea2e358535b","event":"MQTT_PUBLISH_SKIPPED","level":"WARNING","seq":439,"sig":"f7871e5e734433c0","ts":"2026-04-22T23:00:15.688514+00:00"}
{"category":"NETWORK","details":{"raw_payload":"{\"x\": -0.012, \"y\": -0.14, \"z\": 1.032, \"ts\": 1776898815.5872998}","reason":"MQTT client not initialized","topic":"sensors/adxl345/raw"},"device":"rpi-9a2f6ea2e358535b","event":"MQTT_PUBLISH_SKIPPED","level":"WARNING","seq":440,"sig":"056ba699254d8e4e","ts":"2026-04-22T23:00:15.688583+00:00"}
{"category":"NETWORK","details":{"raw_payload":"{\"x\": -0.004, \"y\": -0.152, \"z\": 1.052, \"ts\": 1776898815.5972998}","reason":"MQTT client not initialized","topic":"sensors/adxl345/raw"},"device":"rpi-9a2f6ea2e358535b","event":"MQTT_PUBLISH_SKIPPED","level":"WARNING","seq":441,"sig":"006fd466fa5d4ff7","ts":"2026-04-22T23:00:15.688667+00:00"}
{"category":"NETWORK","details":{"raw_payload":"{\"x\": -0.016, \"y\": -0.16, \"z\": 1.068, \"ts\": 1776898815.6072998}","reason":"MQTT client not initialized","topic":"sensors/adxl345/raw"},"device":"rpi-9a2f6ea2e358535b","event":"MQTT_PUBLISH_SKIPPED","level":"WARNING","seq":442,"sig":"23c24af8238842c3","ts":"2026-04-22T23:00:15.688742+00:00"}
{"category":"NETWORK","details":{"raw_payload":"{\"x\": -0.004, \"y\": -0.172, \"z\": 1.068, \"ts\": 1776898815.6172998}","reason":"MQTT client not initialized","topic":"sensors/adxl345/raw"},"device":"rpi-9a2f6ea2e358535b","event":"MQTT_PUBLISH_SKIPPED","level":"WARNING","seq":443,"sig":"a43406d777df2763","ts":"2026-04-22T23:00:15.688814+00:00"}
{"category":"NETWORK","details":{"raw_payload":"{\"x\": -0.012, \"y\": -0.156, \"z\": 1.036, \"ts\": 1776898815.6272998}","reason":"MQTT client not initialized","topic":"sensors/adxl345/raw"},"device":"rpi-9a2f6ea2e358535b","event":"MQTT_PUBLISH_SKIPPED","level":"WARNING","seq":444,"sig":"35813a7217cb07f9","ts":"2026-04-22T23:00:15.688885+00:00"}
{"category":"NETWORK","details":{"raw_payload":"{\"x\": -0.02, \"y\": -0.156, \"z\": 1.048, \"ts\": 1776898815.6372998}","reason":"MQTT client not initialized","topic":"sensors/adxl345/raw"},"device":"rpi-9a2f6ea2e358535b","event":"MQTT_PUBLISH_SKIPPED","level":"WARNING","seq":445,"sig":"df2143e8c91038de","ts":"2026-04-22T23:00:15.688953+00:00"}
{"category":"NETWORK","details":{"raw_payload":"{\"x\": -0.02, \"y\": -0.172, \"z\": 1.024, \"ts\": 1776898815.6472998}","reason":"MQTT client not initialized","topic":"sensors/adxl345/raw"},"device":"rpi-9a2f6ea2e358535b","event":"MQTT_PUBLISH_SKIPPED","level":"WARNING","seq":446,"sig":"e294322e05f8bdc8","ts":"2026-04-22T23:00:15.689020+00:00"}
{"category":"NETWORK","details":{"raw_payload":"{\"x\": -0.02, \"y\": -0.152, \"z\": 1.044, \"ts\": 1776898815.6572998}","reason":"MQTT client not initialized","topic":"sensors/adxl345/raw"},"device":"rpi-9a2f6ea2e358535b","event":"MQTT_PUBLISH_SKIPPED","level":"WARNING","seq":447,"sig":"5c7870898aa21a5a","ts":"2026-04-22T23:00:15.689087+00:00"}
{"category":"NETWORK","details":{"raw_payload":"{\"x\": -0.008, \"y\": -0.16, \"z\": 1.036, \"ts\": 1776898815.6672997}","reason":"MQTT client not initialized","topic":"sensors/adxl345/raw"},"device":"rpi-9a2f6ea2e358535b","event":"MQTT_PUBLISH_SKIPPED","level":"WARNING","seq":448,"sig":"736cdc4e6a3d0d79","ts":"2026-04-22T23:00:15.689154+00:00"}
{"category":"NETWORK","details":{"raw_payload":"{\"x\": -0.008, \"y\": -0.172, \"z\": 1.048, \"ts\": 1776898815.6772997}","reason":"MQTT client not initialized","topic":"sensors/adxl345/raw"},"device":"rpi-9a2f6ea2e358535b","event":"MQTT_PUBLISH_SKIPPED","level":"WARNING","seq":449,"sig":"89a6a43fdbecd2b2","ts":"2026-04-22T23:00:15.689221+00:00"}
{"category":"SENSOR","details":{"batch_ts":1776898815.9373,"sample_count":25},"device":"rpi-9a2f6ea2e358535b","event":"FIFO_READ","level":"INFO","seq":450,"sig":"c73eabb541b5c993","ts":"2026-04-22T23:00:15.937308+00:00"}
{"category":"NETWORK","details":{"raw_payload":"{\"x\": -0.008, \"y\": -0.16, \"z\": 1.044, \"ts\": 1776898815.6873035}","reason":"MQTT client not initialized","topic":"sensors/adxl345/raw"},"device":"rpi-9a2f6ea2e358535b","event":"MQTT_PUBLISH_SKIPPED","level":"WARNING","seq":451,"sig":"51a275ce3919a45f","ts":"2026-04-22T23:00:15.937425+00:00"}
{"category":"NETWORK","details":{"raw_payload":"{\"x\": -0.016, \"y\": -0.156, \"z\": 1.06, \"ts\": 1776898815.6973035}","reason":"MQTT client not initialized","topic":"sensors/adxl345/raw"},"device":"rpi-9a2f6ea2e358535b","event":"MQTT_PUBLISH_SKIPPED","level":"WARNING","seq":452,"sig":"16e8bdc7626a312c","ts":"2026-04-22T23:00:15.937515+00:00"}
{"category":"NETWORK","details":{"raw_payload":"{\"x\": 0.0, \"y\": -0.164, \"z\": 1.072, \"ts\": 1776898815.7073035}","reason":"MQTT client not initialized","topic":"sensors/adxl345/raw"},"device":"rpi-9a2f6ea2e358535b","event":"MQTT_PUBLISH_SKIPPED","level":"WARNING","seq":453,"sig":"6d2fc7906a3375c6","ts":"2026-04-22T23:00:15.937595+00:00"}
{"category":"NETWORK","details":{"raw_payload":"{\"x\": 0.0, \"y\": -0.14, \"z\": 1.052, \"ts\": 1776898815.7173035}","reason":"MQTT client not initialized","topic":"sensors/adxl345/raw"},"device":"rpi-9a2f6ea2e358535b","event":"MQTT_PUBLISH_SKIPPED","level":"WARNING","seq":454,"sig":"303799f5d352af28","ts":"2026-04-22T23:00:15.937665+00:00"}
{"category":"NETWORK","details":{"raw_payload":"{\"x\": -0.004, \"y\": -0.16, \"z\": 1.06, \"ts\": 1776898815.7273035}","reason":"MQTT client not initialized","topic":"sensors/adxl345/raw"},"device":"rpi-9a2f6ea2e358535b","event":"MQTT_PUBLISH_SKIPPED","level":"WARNING","seq":455,"sig":"b3b18745fd26bda1","ts":"2026-04-22T23:00:15.937755+00:00"}
{"category":"NETWORK","details":{"raw_payload":"{\"x\": 0.0, \"y\": -0.156, \"z\": 1.068, \"ts\": 1776898815.7373035}","reason":"MQTT client not initialized","topic":"sensors/adxl345/raw"},"device":"rpi-9a2f6ea2e358535b","event":"MQTT_PUBLISH_SKIPPED","level":"WARNING","seq":456,"sig":"aa66a987aaeed754","ts":"2026-04-22T23:00:15.937828+00:00"}
{"category":"NETWORK","details":{"raw_payload":"{\"x\": -0.004, \"y\": -0.152, \"z\": 1.036, \"ts\": 1776898815.7473035}","reason":"MQTT client not initialized","topic":"sensors/adxl345/raw"},"device":"rpi-9a2f6ea2e358535b","event":"MQTT_PUBLISH_SKIPPED","level":"WARNING","seq":457,"sig":"2b46e9bcfb353da5","ts":"2026-04-22T23:00:15.937899+00:00"}
{"category":"NETWORK","details":{"raw_payload":"{\"x\": -0.012, \"y\": -0.152, \"z\": 1.06, \"ts\": 1776898815.7573035}","reason":"MQTT client not initialized","topic":"sensors/adxl345/raw"},"device":"rpi-9a2f6ea2e358535b","event":"MQTT_PUBLISH_SKIPPED","level":"WARNING","seq":458,"sig":"8a5a72ce6362a0fb","ts":"2026-04-22T23:00:15.937968+00:00"}
{"category":"NETWORK","details":{"raw_payload":"{\"x\": -0.016, \"y\": -0.176, \"z\": 1.056, \"ts\": 1776898815.7673035}","reason":"MQTT client not initialized","topic":"sensors/adxl345/raw"},"device":"rpi-9a2f6ea2e358535b","event":"MQTT_PUBLISH_SKIPPED","level":"WARNING","seq":459,"sig":"ea77e286a274f02a","ts":"2026-04-22T23:00:15.938037+00:00"}
{"category":"NETWORK","details":{"raw_payload":"{\"x\": -0.02, \"y\": -0.16, \"z\": 1.072, \"ts\": 1776898815.7773035}","reason":"MQTT client not initialized","topic":"sensors/adxl345/raw"},"device":"rpi-9a2f6ea2e358535b","event":"MQTT_PUBLISH_SKIPPED","level":"WARNING","seq":460,"sig":"310b088a32d294a5","ts":"2026-04-22T23:00:15.938104+00:00"}
{"category":"NETWORK","details":{"raw_payload":"{\"x\": -0.028, \"y\": -0.156, \"z\": 1.056, \"ts\": 1776898815.7873034}","reason":"MQTT client not initialized","topic":"sensors/adxl345/raw"},"device":"rpi-9a2f6ea2e358535b","event":"MQTT_PUBLISH_SKIPPED","level":"WARNING","seq":461,"sig":"c0f34cac4efd8aac","ts":"2026-04-22T23:00:15.938172+00:00"}
{"category":"NETWORK","details":{"raw_payload":"{\"x\": -0.016, \"y\": -0.168, \"z\": 1.044, \"ts\": 1776898815.7973034}","reason":"MQTT client not initialized","topic":"sensors/adxl345/raw"},"device":"rpi-9a2f6ea2e358535b","event":"MQTT_PUBLISH_SKIPPED","level":"WARNING","seq":462,"sig":"fd0ed546ba251b93","ts":"2026-04-22T23:00:15.938241+00:00"}
{"category":"NETWORK","details":{"raw_payload":"{\"x\": -0.004, \"y\": -0.176, \"z\": 1.052, \"ts\": 1776898815.8073034}","reason":"MQTT client not initialized","topic":"sensors/adxl345/raw"},"device":"rpi-9a2f6ea2e358535b","event":"MQTT_PUBLISH_SKIPPED","level":"WARNING","seq":463,"sig":"e539dbd738192df5","ts":"2026-04-22T23:00:15.938308+00:00"}
{"category":"NETWORK","details":{"raw_payload":"{\"x\": -0.016, \"y\": -0.176, \"z\": 1.064, \"ts\": 1776898815.8173037}","reason":"MQTT client not initialized","topic":"sensors/adxl345/raw"},"device":"rpi-9a2f6ea2e358535b","event":"MQTT_PUBLISH_SKIPPED","level":"WARNING","seq":464,"sig":"ba39b972d738d3a6","ts":"2026-04-22T23:00:15.938378+00:00"}
{"category":"NETWORK","details":{"raw_payload":"{\"x\": -0.008, \"y\": -0.164, \"z\": 1.048, \"ts\": 1776898815.8273036}","reason":"MQTT client not initialized","topic":"sensors/adxl345/raw"},"device":"rpi-9a2f6ea2e358535b","event":"MQTT_PUBLISH_SKIPPED","level":"WARNING","seq":465,"sig":"920bdb435cb7f31a","ts":"2026-04-22T23:00:15.938447+00:00"}
{"category":"NETWORK","details":{"raw_payload":"{\"x\": -0.008, \"y\": -0.156, \"z\": 1.044, \"ts\": 1776898815.8373036}","reason":"MQTT client not initialized","topic":"sensors/adxl345/raw"},"device":"rpi-9a2f6ea2e358535b","event":"MQTT_PUBLISH_SKIPPED","level":"WARNING","seq":466,"sig":"58dbd9d33f0aa5f0","ts":"2026-04-22T23:00:15.938513+00:00"}
{"category":"NETWORK","details":{"raw_payload":"{\"x\": -0.008, \"y\": -0.156, \"z\": 1.072, \"ts\": 1776898815.8473036}","reason":"MQTT client not initialized","topic":"sensors/adxl345/raw"},"device":"rpi-9a2f6ea2e358535b","event":"MQTT_PUBLISH_SKIPPED","level":"WARNING","seq":467,"sig":"23cc6a0a99f8e8fd","ts":"2026-04-22T23:00:15.938581+00:00"}
{"category":"NETWORK","details":{"raw_payload":"{\"x\": -0.016, \"y\": -0.156, \"z\": 1.056, \"ts\": 1776898815.8573036}","reason":"MQTT client not initialized","topic":"sensors/adxl345/raw"},"device":"rpi-9a2f6ea2e358535b","event":"MQTT_PUBLISH_SKIPPED","level":"WARNING","seq":468,"sig":"a7713dc55818d384","ts":"2026-04-22T23:00:15.938649+00:00"}
{"category":"NETWORK","details":{"raw_payload":"{\"x\": -0.02, \"y\": -0.148, \"z\": 1.056, \"ts\": 1776898815.8673036}","reason":"MQTT client not initialized","topic":"sensors/adxl345/raw"},"device":"rpi-9a2f6ea2e358535b","event":"MQTT_PUBLISH_SKIPPED","level":"WARNING","seq":469,"sig":"6e0ed99bec01010b","ts":"2026-04-22T23:00:15.938716+00:00"}
{"category":"NETWORK","details":{"raw_payload":"{\"x\": -0.012, \"y\": -0.148, \"z\": 1.048, \"ts\": 1776898815.8773036}","reason":"MQTT client not initialized","topic":"sensors/adxl345/raw"},"device":"rpi-9a2f6ea2e358535b","event":"MQTT_PUBLISH_SKIPPED","level":"WARNING","seq":470,"sig":"c1ba245d41b9513b","ts":"2026-04-22T23:00:15.938783+00:00"}
{"category":"NETWORK","details":{"raw_payload":"{\"x\": -0.016, \"y\": -0.152, \"z\": 1.056, \"ts\": 1776898815.8873036}","reason":"MQTT client not initialized","topic":"sensors/adxl345/raw"},"device":"rpi-9a2f6ea2e358535b","event":"MQTT_PUBLISH_SKIPPED","level":"WARNING","seq":471,"sig":"ded1f12307905b2d","ts":"2026-04-22T23:00:15.938850+00:00"}
{"category":"NETWORK","details":{"raw_payload":"{\"x\": -0.024, \"y\": -0.152, \"z\": 1.06, \"ts\": 1776898815.8973036}","reason":"MQTT client not initialized","topic":"sensors/adxl345/raw"},"device":"rpi-9a2f6ea2e358535b","event":"MQTT_PUBLISH_SKIPPED","level":"WARNING","seq":472,"sig":"4eef42aa5086d2f4","ts":"2026-04-22T23:00:15.938916+00:00"}
{"category":"NETWORK","details":{"raw_payload":"{\"x\": -0.012, \"y\": -0.164, \"z\": 1.056, \"ts\": 1776898815.9073036}","reason":"MQTT client not initialized","topic":"sensors/adxl345/raw"},"device":"rpi-9a2f6ea2e358535b","event":"MQTT_PUBLISH_SKIPPED","level":"WARNING","seq":473,"sig":"3cc8c965ad110720","ts":"2026-04-22T23:00:15.938982+00:00"}
{"category":"NETWORK","details":{"raw_payload":"{\"x\": -0.008, \"y\": -0.152, \"z\": 1.052, \"ts\": 1776898815.9173036}","reason":"MQTT client not initialized","topic":"sensors/adxl345/raw"},"device":"rpi-9a2f6ea2e358535b","event":"MQTT_PUBLISH_SKIPPED","level":"WARNING","seq":474,"sig":"1a5c50b58d3c5b3d","ts":"2026-04-22T23:00:15.939048+00:00"}
{"category":"NETWORK","details":{"raw_payload":"{\"x\": -0.016, \"y\": -0.156, \"z\": 1.064, \"ts\": 1776898815.9273036}","reason":"MQTT client not initialized","topic":"sensors/adxl345/raw"},"device":"rpi-9a2f6ea2e358535b","event":"MQTT_PUBLISH_SKIPPED","level":"WARNING","seq":475,"sig":"28a1894b0d986eb6","ts":"2026-04-22T23:00:15.939115+00:00"}
{"category":"DATA","details":{"band_hz":[3.0,8.0],"batch_ts":1776898815.9373,"x_peak_g":0.002549,"x_peak_hz":7.0,"y_peak_g":0.002971,"y_peak_hz":3.0,"z_peak_g":0.002718,"z_peak_hz":3.0},"device":"rpi-9a2f6ea2e358535b","event":"FFT_RESULT","level":"INFO","seq":476,"sig":"80fe7e0e4eb722bd","ts":"2026-04-22T23:00:15.939464+00:00"}
{"category":"NETWORK","details":{"fft_payload":"{\"fft\": {\"band_hz\": [3.0, 8.0], \"x\": {\"peak_hz\": 7.0, \"peak_amp_g\": 0.002549, \"mean_amp_g\": 0.001492}, \"y\": {\"peak_hz\": 3.0, \"peak_amp_g\": 0.002971, \"mean_amp_g\": 0.002185}, \"z\": {\"peak_hz\": 3.0, \"peak_amp_g\": 0.002718, \"mean_amp_g\": 0.001879}}, \"ts\": 1776898815.9373035}","reason":"MQTT client not initialized","topic":"sensors/adxl345/fft"},"device":"rpi-9a2f6ea2e358535b","event":"MQTT_PUBLISH_SKIPPED","level":"WARNING","seq":477,"sig":"b0defacf7e02a30b","ts":"2026-04-22T23:00:15.939571+00:00"}
{"category":"SENSOR","details":{"batch_ts":1776898816.1873,"sample_count":25},"device":"rpi-9a2f6ea2e358535b","event":"FIFO_READ","level":"INFO","seq":478,"sig":"5d994d23f162cc2f","ts":"2026-04-22T23:00:16.187311+00:00"}
{"category":"NETWORK","details":{"raw_payload":"{\"x\": -0.012, \"y\": -0.156, \"z\": 1.052, \"ts\": 1776898815.9373057}","reason":"MQTT client not initialized","topic":"sensors/adxl345/raw"},"device":"rpi-9a2f6ea2e358535b","event":"MQTT_PUBLISH_SKIPPED","level":"WARNING","seq":479,"sig":"f7c71c1f9f9d8b96","ts":"2026-04-22T23:00:16.187448+00:00"}
{"category":"NETWORK","details":{"raw_payload":"{\"x\": -0.016, \"y\": -0.156, \"z\": 1.032, \"ts\": 1776898815.9473057}","reason":"MQTT client not initialized","topic":"sensors/adxl345/raw"},"device":"rpi-9a2f6ea2e358535b","event":"MQTT_PUBLISH_SKIPPED","level":"WARNING","seq":480,"sig":"7571d914e7efcb8f","ts":"2026-04-22T23:00:16.187554+00:00"}
{"category":"NETWORK","details":{"raw_payload":"{\"x\": -0.004, \"y\": -0.132, \"z\": 1.048, \"ts\": 1776898815.9573057}","reason":"MQTT client not initialized","topic":"sensors/adxl345/raw"},"device":"rpi-9a2f6ea2e358535b","event":"MQTT_PUBLISH_SKIPPED","level":"WARNING","seq":481,"sig":"d0385f35054702fa","ts":"2026-04-22T23:00:16.187638+00:00"}
{"category":"NETWORK","details":{"raw_payload":"{\"x\": -0.012, \"y\": -0.156, \"z\": 1.06, \"ts\": 1776898815.9673057}","reason":"MQTT client not initialized","topic":"sensors/adxl345/raw"},"device":"rpi-9a2f6ea2e358535b","event":"MQTT_PUBLISH_SKIPPED","level":"WARNING","seq":482,"sig":"6d0f83d2aaf34041","ts":"2026-04-22T23:00:16.187713+00:00"}
{"category":"NETWORK","details":{"raw_payload":"{\"x\": -0.02, \"y\": -0.16, \"z\": 1.052, \"ts\": 1776898815.9773057}","reason":"MQTT client not initialized","topic":"sensors/adxl345/raw"},"device":"rpi-9a2f6ea2e358535b","event":"MQTT_PUBLISH_SKIPPED","level":"WARNING","seq":483,"sig":"923371439f4072ae","ts":"2026-04-22T23:00:16.187786+00:00"}
{"category":"NETWORK","details":{"raw_payload":"{\"x\": -0.012, \"y\": -0.164, \"z\": 1.056, \"ts\": 1776898815.9873056}","reason":"MQTT client not initialized","topic":"sensors/adxl345/raw"},"device":"rpi-9a2f6ea2e358535b","event":"MQTT_PUBLISH_SKIPPED","level":"WARNING","seq":484,"sig":"7e24e0a045317cb0","ts":"2026-04-22T23:00:16.187857+00:00"}
{"category":"NETWORK","details":{"raw_payload":"{\"x\": -0.004, \"y\": -0.156, \"z\": 1.048, \"ts\": 1776898815.9973056}","reason":"MQTT client not initialized","topic":"sensors/adxl345/raw"},"device":"rpi-9a2f6ea2e358535b","event":"MQTT_PUBLISH_SKIPPED","level":"WARNING","seq":485,"sig":"9d06573f0f9b2e09","ts":"2026-04-22T23:00:16.187927+00:00"}
{"category":"NETWORK","details":{"raw_payload":"{\"x\": -0.02, \"y\": -0.16, \"z\": 1.056, \"ts\": 1776898816.0073056}","reason":"MQTT client not initialized","topic":"sensors/adxl345/raw"},"device":"rpi-9a2f6ea2e358535b","event":"MQTT_PUBLISH_SKIPPED","level":"WARNING","seq":486,"sig":"837f74cf959dde22","ts":"2026-04-22T23:00:16.187997+00:00"}
{"category":"NETWORK","details":{"raw_payload":"{\"x\": -0.008, \"y\": -0.136, \"z\": 1.032, \"ts\": 1776898816.0173056}","reason":"MQTT client not initialized","topic":"sensors/adxl345/raw"},"device":"rpi-9a2f6ea2e358535b","event":"MQTT_PUBLISH_SKIPPED","level":"WARNING","seq":487,"sig":"6caaf7962f0ff837","ts":"2026-04-22T23:00:16.188067+00:00"}
{"category":"NETWORK","details":{"raw_payload":"{\"x\": -0.016, \"y\": -0.144, \"z\": 1.056, \"ts\": 1776898816.0273056}","reason":"MQTT client not initialized","topic":"sensors/adxl345/raw"},"device":"rpi-9a2f6ea2e358535b","event":"MQTT_PUBLISH_SKIPPED","level":"WARNING","seq":488,"sig":"51a353d32c81f427","ts":"2026-04-22T23:00:16.188137+00:00"}
{"category":"NETWORK","details":{"raw_payload":"{\"x\": -0.032, \"y\": -0.18, \"z\": 1.052, \"ts\": 1776898816.0373056}","reason":"MQTT client not initialized","topic":"sensors/adxl345/raw"},"device":"rpi-9a2f6ea2e358535b","event":"MQTT_PUBLISH_SKIPPED","level":"WARNING","seq":489,"sig":"17bb7e1f40c3cf7d","ts":"2026-04-22T23:00:16.188206+00:00"}
{"category":"NETWORK","details":{"raw_payload":"{\"x\": -0.012, \"y\": -0.164, \"z\": 1.052, \"ts\": 1776898816.0473056}","reason":"MQTT client not initialized","topic":"sensors/adxl345/raw"},"device":"rpi-9a2f6ea2e358535b","event":"MQTT_PUBLISH_SKIPPED","level":"WARNING","seq":490,"sig":"c9754ad0010ed116","ts":"2026-04-22T23:00:16.188278+00:00"}
{"category":"NETWORK","details":{"raw_payload":"{\"x\": 0.0, \"y\": -0.164, \"z\": 1.052, \"ts\": 1776898816.0573056}","reason":"MQTT client not initialized","topic":"sensors/adxl345/raw"},"device":"rpi-9a2f6ea2e358535b","event":"MQTT_PUBLISH_SKIPPED","level":"WARNING","seq":491,"sig":"b1a3f144ef61270f","ts":"2026-04-22T23:00:16.188347+00:00"}
{"category":"NETWORK","details":{"raw_payload":"{\"x\": -0.012, \"y\": -0.16, \"z\": 1.068, \"ts\": 1776898816.0673058}","reason":"MQTT client not initialized","topic":"sensors/adxl345/raw"},"device":"rpi-9a2f6ea2e358535b","event":"MQTT_PUBLISH_SKIPPED","level":"WARNING","seq":492,"sig":"8c04ae858223df27","ts":"2026-04-22T23:00:16.188414+00:00"}
{"category":"NETWORK","details":{"raw_payload":"{\"x\": -0.032, \"y\": -0.16, \"z\": 1.068, \"ts\": 1776898816.0773058}","reason":"MQTT client not initialized","topic":"sensors/adxl345/raw"},"device":"rpi-9a2f6ea2e358535b","event":"MQTT_PUBLISH_SKIPPED","level":"WARNING","seq":493,"sig":"68b1f2dd08487a61","ts":"2026-04-22T23:00:16.188482+00:00"}
{"category":"NETWORK","details":{"raw_payload":"{\"x\": -0.036, \"y\": -0.16, \"z\": 1.048, \"ts\": 1776898816.0873058}","reason":"MQTT client not initialized","topic":"sensors/adxl345/raw"},"device":"rpi-9a2f6ea2e358535b","event":"MQTT_PUBLISH_SKIPPED","level":"WARNING","seq":494,"sig":"ec09f485852dec17","ts":"2026-04-22T23:00:16.188549+00:00"}
{"category":"NETWORK","details":{"raw_payload":"{\"x\": -0.004, \"y\": -0.172, \"z\": 1.06, \"ts\": 1776898816.0973058}","reason":"MQTT client not initialized","topic":"sensors/adxl345/raw"},"device":"rpi-9a2f6ea2e358535b","event":"MQTT_PUBLISH_SKIPPED","level":"WARNING","seq":495,"sig":"9496f3ca8ac13f59","ts":"2026-04-22T23:00:16.188616+00:00"}
{"category":"NETWORK","details":{"raw_payload":"{\"x\": -0.004, \"y\": -0.18, \"z\": 1.052, \"ts\": 1776898816.1073058}","reason":"MQTT client not initialized","topic":"sensors/adxl345/raw"},"device":"rpi-9a2f6ea2e358535b","event":"MQTT_PUBLISH_SKIPPED","level":"WARNING","seq":496,"sig":"ad1206f2822a0994","ts":"2026-04-22T23:00:16.188704+00:00"}
{"category":"NETWORK","details":{"raw_payload":"{\"x\": 0.0, \"y\": -0.164, \"z\": 1.056, \"ts\": 1776898816.1173058}","reason":"MQTT client not initialized","topic":"sensors/adxl345/raw"},"device":"rpi-9a2f6ea2e358535b","event":"MQTT_PUBLISH_SKIPPED","level":"WARNING","seq":497,"sig":"353101ed86423008","ts":"2026-04-22T23:00:16.188776+00:00"}
{"category":"NETWORK","details":{"raw_payload":"{\"x\": -0.028, \"y\": -0.16, \"z\": 1.04, \"ts\": 1776898816.1273057}","reason":"MQTT client not initialized","topic":"sensors/adxl345/raw"},"device":"rpi-9a2f6ea2e358535b","event":"MQTT_PUBLISH_SKIPPED","level":"WARNING","seq":498,"sig":"a2bfe8a635bebb92","ts":"2026-04-22T23:00:16.188844+00:00"}
{"category":"NETWORK","details":{"raw_payload":"{\"x\": -0.016, \"y\": -0.148, \"z\": 1.068, \"ts\": 1776898816.1373057}","reason":"MQTT client not initialized","topic":"sensors/adxl345/raw"},"device":"rpi-9a2f6ea2e358535b","event":"MQTT_PUBLISH_SKIPPED","level":"WARNING","seq":499,"sig":"c974d6f9cca330ea","ts":"2026-04-22T23:00:16.188912+00:00"}
{"category":"NETWORK","details":{"raw_payload":"{\"x\": 0.0, \"y\": -0.172, \"z\": 1.052, \"ts\": 1776898816.1473057}","reason":"MQTT client not initialized","topic":"sensors/adxl345/raw"},"device":"rpi-9a2f6ea2e358535b","event":"MQTT_PUBLISH_SKIPPED","level":"WARNING","seq":500,"sig":"2e41268b7518f099","ts":"2026-04-22T23:00:16.188978+00:00"}
{"category":"NETWORK","details":{"raw_payload":"{\"x\": -0.008, \"y\": -0.164, \"z\": 1.052, \"ts\": 1776898816.1573057}","reason":"MQTT client not initialized","topic":"sensors/adxl345/raw"},"device":"rpi-9a2f6ea2e358535b","event":"MQTT_PUBLISH_SKIPPED","level":"WARNING","seq":501,"sig":"d555cdf9e72b8125","ts":"2026-04-22T23:00:16.189044+00:00"}
{"category":"NETWORK","details":{"raw_payload":"{\"x\": -0.02, \"y\": -0.144, \"z\": 1.052, \"ts\": 1776898816.1673057}","reason":"MQTT client not initialized","topic":"sensors/adxl345/raw"},"device":"rpi-9a2f6ea2e358535b","event":"MQTT_PUBLISH_SKIPPED","level":"WARNING","seq":502,"sig":"2cdd4f70a38b9c35","ts":"2026-04-22T23:00:16.189121+00:00"}
{"category":"NETWORK","details":{"raw_payload":"{\"x\": -0.004, \"y\": -0.164, \"z\": 1.052, \"ts\": 1776898816.1773057}","reason":"MQTT client not initialized","topic":"sensors/adxl345/raw"},"device":"rpi-9a2f6ea2e358535b","event":"MQTT_PUBLISH_SKIPPED","level":"WARNING","seq":503,"sig":"7b3134cef03949b5","ts":"2026-04-22T23:00:16.189191+00:00"}
{"category":"SENSOR","details":{"batch_ts":1776898816.4375,"sample_count":25},"device":"rpi-9a2f6ea2e358535b","event":"FIFO_READ","level":"INFO","seq":504,"sig":"5e445c1eb217e696","ts":"2026-04-22T23:00:16.437526+00:00"}
{"category":"NETWORK","details":{"raw_payload":"{\"x\": -0.012, \"y\": -0.152, \"z\": 1.036, \"ts\": 1776898816.187516}","reason":"MQTT client not initialized","topic":"sensors/adxl345/raw"},"device":"rpi-9a2f6ea2e358535b","event":"MQTT_PUBLISH_SKIPPED","level":"WARNING","seq":505,"sig":"4216a5f62a2a13b0","ts":"2026-04-22T23:00:16.437741+00:00"}
{"category":"NETWORK","details":{"raw_payload":"{\"x\": -0.008, \"y\": -0.152, \"z\": 1.052, \"ts\": 1776898816.197516}","reason":"MQTT client not initialized","topic":"sensors/adxl345/raw"},"device":"rpi-9a2f6ea2e358535b","event":"MQTT_PUBLISH_SKIPPED","level":"WARNING","seq":506,"sig":"5c89b3380dc55b67","ts":"2026-04-22T23:00:16.437888+00:00"}
{"category":"NETWORK","details":{"raw_payload":"{\"x\": -0.02, \"y\": -0.16, \"z\": 1.072, \"ts\": 1776898816.207516}","reason":"MQTT client not initialized","topic":"sensors/adxl345/raw"},"device":"rpi-9a2f6ea2e358535b","event":"MQTT_PUBLISH_SKIPPED","level":"WARNING","seq":507,"sig":"98db698ee5e8b71f","ts":"2026-04-22T23:00:16.438006+00:00"}
{"category":"NETWORK","details":{"raw_payload":"{\"x\": 0.0, \"y\": -0.16, \"z\": 1.076, \"ts\": 1776898816.217516}","reason":"MQTT client not initialized","topic":"sensors/adxl345/raw"},"device":"rpi-9a2f6ea2e358535b","event":"MQTT_PUBLISH_SKIPPED","level":"WARNING","seq":508,"sig":"a9a3fc211680631c","ts":"2026-04-22T23:00:16.438117+00:00"}
{"category":"NETWORK","details":{"raw_payload":"{\"x\": -0.004, \"y\": -0.156, \"z\": 1.06, \"ts\": 1776898816.227516}","reason":"MQTT client not initialized","topic":"sensors/adxl345/raw"},"device":"rpi-9a2f6ea2e358535b","event":"MQTT_PUBLISH_SKIPPED","level":"WARNING","seq":509,"sig":"c39feb6f7deb6690","ts":"2026-04-22T23:00:16.438225+00:00"}
{"category":"NETWORK","details":{"raw_payload":"{\"x\": -0.012, \"y\": -0.148, \"z\": 1.036, \"ts\": 1776898816.237516}","reason":"MQTT client not initialized","topic":"sensors/adxl345/raw"},"device":"rpi-9a2f6ea2e358535b","event":"MQTT_PUBLISH_SKIPPED","level":"WARNING","seq":510,"sig":"220c794db8a53c7c","ts":"2026-04-22T23:00:16.438333+00:00"}
{"category":"NETWORK","details":{"raw_payload":"{\"x\": -0.02, \"y\": -0.168, \"z\": 1.056, \"ts\": 1776898816.247516}","reason":"MQTT client not initialized","topic":"sensors/adxl345/raw"},"device":"rpi-9a2f6ea2e358535b","event":"MQTT_PUBLISH_SKIPPED","level":"WARNING","seq":511,"sig":"9cc120e447ae05a7","ts":"2026-04-22T23:00:16.438438+00:00"}
{"category":"NETWORK","details":{"raw_payload":"{\"x\": -0.02, \"y\": -0.136, \"z\": 1.056, \"ts\": 1776898816.257516}","reason":"MQTT client not initialized","topic":"sensors/adxl345/raw"},"device":"rpi-9a2f6ea2e358535b","event":"MQTT_PUBLISH_SKIPPED","level":"WARNING","seq":512,"sig":"70f54685d67d1f95","ts":"2026-04-22T23:00:16.438544+00:00"}
{"category":"NETWORK","details":{"raw_payload":"{\"x\": -0.008, \"y\": -0.148, \"z\": 1.032, \"ts\": 1776898816.267516}","reason":"MQTT client not initialized","topic":"sensors/adxl345/raw"},"device":"rpi-9a2f6ea2e358535b","event":"MQTT_PUBLISH_SKIPPED","level":"WARNING","seq":513,"sig":"c79a5cab0356732b","ts":"2026-04-22T23:00:16.438652+00:00"}
{"category":"NETWORK","details":{"raw_payload":"{\"x\": -0.02, \"y\": -0.168, \"z\": 1.064, \"ts\": 1776898816.277516}","reason":"MQTT client not initialized","topic":"sensors/adxl345/raw"},"device":"rpi-9a2f6ea2e358535b","event":"MQTT_PUBLISH_SKIPPED","level":"WARNING","seq":514,"sig":"772459f927c4c284","ts":"2026-04-22T23:00:16.438764+00:00"}
{"category":"NETWORK","details":{"raw_payload":"{\"x\": -0.016, \"y\": -0.16, \"z\": 1.048, \"ts\": 1776898816.2875159}","reason":"MQTT client not initialized","topic":"sensors/adxl345/raw"},"device":"rpi-9a2f6ea2e358535b","event":"MQTT_PUBLISH_SKIPPED","level":"WARNING","seq":515,"sig":"32755ddd62f7b210","ts":"2026-04-22T23:00:16.438872+00:00"}
{"category":"NETWORK","details":{"raw_payload":"{\"x\": -0.008, \"y\": -0.164, \"z\": 1.052, \"ts\": 1776898816.2975159}","reason":"MQTT client not initialized","topic":"sensors/adxl345/raw"},"device":"rpi-9a2f6ea2e358535b","event":"MQTT_PUBLISH_SKIPPED","level":"WARNING","seq":516,"sig":"9a0fe65d3d1bc8a5","ts":"2026-04-22T23:00:16.438979+00:00"}
{"category":"NETWORK","details":{"raw_payload":"{\"x\": -0.008, \"y\": -0.152, \"z\": 1.052, \"ts\": 1776898816.3075159}","reason":"MQTT client not initialized","topic":"sensors/adxl345/raw"},"device":"rpi-9a2f6ea2e358535b","event":"MQTT_PUBLISH_SKIPPED","level":"WARNING","seq":517,"sig":"500b2d8df5b29df3","ts":"2026-04-22T23:00:16.439087+00:00"}
{"category":"NETWORK","details":{"raw_payload":"{\"x\": -0.008, \"y\": -0.164, \"z\": 1.048, \"ts\": 1776898816.317516}","reason":"MQTT client not initialized","topic":"sensors/adxl345/raw"},"device":"rpi-9a2f6ea2e358535b","event":"MQTT_PUBLISH_SKIPPED","level":"WARNING","seq":518,"sig":"4a0c6a04ecc670f9","ts":"2026-04-22T23:00:16.439193+00:00"}
{"category":"NETWORK","details":{"raw_payload":"{\"x\": -0.012, \"y\": -0.176, \"z\": 1.064, \"ts\": 1776898816.327516}","reason":"MQTT client not initialized","topic":"sensors/adxl345/raw"},"device":"rpi-9a2f6ea2e358535b","event":"MQTT_PUBLISH_SKIPPED","level":"WARNING","seq":519,"sig":"790161865e4973a7","ts":"2026-04-22T23:00:16.439298+00:00"}
{"category":"NETWORK","details":{"raw_payload":"{\"x\": -0.02, \"y\": -0.16, \"z\": 1.056, \"ts\": 1776898816.337516}","reason":"MQTT client not initialized","topic":"sensors/adxl345/raw"},"device":"rpi-9a2f6ea2e358535b","event":"MQTT_PUBLISH_SKIPPED","level":"WARNING","seq":520,"sig":"84029d806bb0b01c","ts":"2026-04-22T23:00:16.439404+00:00"}
{"category":"NETWORK","details":{"raw_payload":"{\"x\": -0.016, \"y\": -0.136, \"z\": 1.036, \"ts\": 1776898816.347516}","reason":"MQTT client not initialized","topic":"sensors/adxl345/raw"},"device":"rpi-9a2f6ea2e358535b","event":"MQTT_PUBLISH_SKIPPED","level":"WARNING","seq":521,"sig":"3e3a3a89edca80b3","ts":"2026-04-22T23:00:16.439509+00:00"}
{"category":"NETWORK","details":{"raw_payload":"{\"x\": 0.0, \"y\": -0.164, \"z\": 1.044, \"ts\": 1776898816.357516}","reason":"MQTT client not initialized","topic":"sensors/adxl345/raw"},"device":"rpi-9a2f6ea2e358535b","event":"MQTT_PUBLISH_SKIPPED","level":"WARNING","seq":522,"sig":"a68862698cb631cc","ts":"2026-04-22T23:00:16.439615+00:00"}
{"category":"NETWORK","details":{"raw_payload":"{\"x\": -0.016, \"y\": -0.164, \"z\": 1.06, \"ts\": 1776898816.367516}","reason":"MQTT client not initialized","topic":"sensors/adxl345/raw"},"device":"rpi-9a2f6ea2e358535b","event":"MQTT_PUBLISH_SKIPPED","level":"WARNING","seq":523,"sig":"8f8bc361f0f15d77","ts":"2026-04-22T23:00:16.439720+00:00"}
{"category":"NETWORK","details":{"raw_payload":"{\"x\": -0.02, \"y\": -0.156, \"z\": 1.052, \"ts\": 1776898816.377516}","reason":"MQTT client not initialized","topic":"sensors/adxl345/raw"},"device":"rpi-9a2f6ea2e358535b","event":"MQTT_PUBLISH_SKIPPED","level":"WARNING","seq":524,"sig":"06408e6d889c1917","ts":"2026-04-22T23:00:16.439826+00:00"}
{"category":"NETWORK","details":{"raw_payload":"{\"x\": 0.0, \"y\": -0.16, \"z\": 1.052, \"ts\": 1776898816.387516}","reason":"MQTT client not initialized","topic":"sensors/adxl345/raw"},"device":"rpi-9a2f6ea2e358535b","event":"MQTT_PUBLISH_SKIPPED","level":"WARNING","seq":525,"sig":"f0899bbbacd3dd4b","ts":"2026-04-22T23:00:16.439932+00:00"}
{"category":"NETWORK","details":{"raw_payload":"{\"x\": -0.016, \"y\": -0.144, \"z\": 1.04, \"ts\": 1776898816.397516}","reason":"MQTT client not initialized","topic":"sensors/adxl345/raw"},"device":"rpi-9a2f6ea2e358535b","event":"MQTT_PUBLISH_SKIPPED","level":"WARNING","seq":526,"sig":"4ed021a827ca73a2","ts":"2026-04-22T23:00:16.440042+00:00"}
{"category":"NETWORK","details":{"raw_payload":"{\"x\": -0.012, \"y\": -0.16, \"z\": 1.064, \"ts\": 1776898816.407516}","reason":"MQTT client not initialized","topic":"sensors/adxl345/raw"},"device":"rpi-9a2f6ea2e358535b","event":"MQTT_PUBLISH_SKIPPED","level":"WARNING","seq":527,"sig":"c38c751b8ec3530c","ts":"2026-04-22T23:00:16.440151+00:00"}
{"category":"NETWORK","details":{"raw_payload":"{\"x\": -0.02, \"y\": -0.16, \"z\": 1.04, \"ts\": 1776898816.417516}","reason":"MQTT client not initialized","topic":"sensors/adxl345/raw"},"device":"rpi-9a2f6ea2e358535b","event":"MQTT_PUBLISH_SKIPPED","level":"WARNING","seq":528,"sig":"7de17ed0b6eba855","ts":"2026-04-22T23:00:16.440259+00:00"}
{"category":"NETWORK","details":{"raw_payload":"{\"x\": -0.012, \"y\": -0.152, \"z\": 1.044, \"ts\": 1776898816.427516}","reason":"MQTT client not initialized","topic":"sensors/adxl345/raw"},"device":"rpi-9a2f6ea2e358535b","event":"MQTT_PUBLISH_SKIPPED","level":"WARNING","seq":529,"sig":"b7ba3f359de0728a","ts":"2026-04-22T23:00:16.440366+00:00"}
{"category":"SENSOR","details":{"batch_ts":1776898816.6875,"sample_count":25},"device":"rpi-9a2f6ea2e358535b","event":"FIFO_READ","level":"INFO","seq":530,"sig":"8eb4bc30cb2a2578","ts":"2026-04-22T23:00:16.687527+00:00"}
{"category":"NETWORK","details":{"raw_payload":"{\"x\": -0.016, \"y\": -0.164, \"z\": 1.06, \"ts\": 1776898816.4375181}","reason":"MQTT client not initialized","topic":"sensors/adxl345/raw"},"device":"rpi-9a2f6ea2e358535b","event":"MQTT_PUBLISH_SKIPPED","level":"WARNING","seq":531,"sig":"fd04252e67444cb0","ts":"2026-04-22T23:00:16.687730+00:00"}
{"category":"NETWORK","details":{"raw_payload":"{\"x\": -0.012, \"y\": -0.136, \"z\": 1.068, \"ts\": 1776898816.447518}","reason":"MQTT client not initialized","topic":"sensors/adxl345/raw"},"device":"rpi-9a2f6ea2e358535b","event":"MQTT_PUBLISH_SKIPPED","level":"WARNING","seq":532,"sig":"3a4cd6156518491c","ts":"2026-04-22T23:00:16.687880+00:00"}
{"category":"NETWORK","details":{"raw_payload":"{\"x\": -0.004, \"y\": -0.124, \"z\": 1.044, \"ts\": 1776898816.457518}","reason":"MQTT client not initialized","topic":"sensors/adxl345/raw"},"device":"rpi-9a2f6ea2e358535b","event":"MQTT_PUBLISH_SKIPPED","level":"WARNING","seq":533,"sig":"0ec147dccec2d93f","ts":"2026-04-22T23:00:16.688007+00:00"}
{"category":"NETWORK","details":{"raw_payload":"{\"x\": -0.008, \"y\": -0.148, \"z\": 1.036, \"ts\": 1776898816.467518}","reason":"MQTT client not initialized","topic":"sensors/adxl345/raw"},"device":"rpi-9a2f6ea2e358535b","event":"MQTT_PUBLISH_SKIPPED","level":"WARNING","seq":534,"sig":"5626a6026fc2f24f","ts":"2026-04-22T23:00:16.688123+00:00"}
{"category":"NETWORK","details":{"raw_payload":"{\"x\": -0.004, \"y\": -0.156, \"z\": 1.048, \"ts\": 1776898816.477518}","reason":"MQTT client not initialized","topic":"sensors/adxl345/raw"},"device":"rpi-9a2f6ea2e358535b","event":"MQTT_PUBLISH_SKIPPED","level":"WARNING","seq":535,"sig":"af49440a46bb7565","ts":"2026-04-22T23:00:16.688234+00:00"}
{"category":"NETWORK","details":{"raw_payload":"{\"x\": 0.004, \"y\": -0.164, \"z\": 1.052, \"ts\": 1776898816.487518}","reason":"MQTT client not initialized","topic":"sensors/adxl345/raw"},"device":"rpi-9a2f6ea2e358535b","event":"MQTT_PUBLISH_SKIPPED","level":"WARNING","seq":536,"sig":"662246a22dc1417f","ts":"2026-04-22T23:00:16.688344+00:00"}
{"category":"NETWORK","details":{"raw_payload":"{\"x\": -0.012, \"y\": -0.168, \"z\": 1.064, \"ts\": 1776898816.497518}","reason":"MQTT client not initialized","topic":"sensors/adxl345/raw"},"device":"rpi-9a2f6ea2e358535b","event":"MQTT_PUBLISH_SKIPPED","level":"WARNING","seq":537,"sig":"339e1f3af8e2571f","ts":"2026-04-22T23:00:16.688455+00:00"}
{"category":"NETWORK","details":{"raw_payload":"{\"x\": -0.02, \"y\": -0.16, \"z\": 1.048, \"ts\": 1776898816.507518}","reason":"MQTT client not initialized","topic":"sensors/adxl345/raw"},"device":"rpi-9a2f6ea2e358535b","event":"MQTT_PUBLISH_SKIPPED","level":"WARNING","seq":538,"sig":"546c1416e95c201f","ts":"2026-04-22T23:00:16.688567+00:00"}
{"category":"NETWORK","details":{"raw_payload":"{\"x\": -0.032, \"y\": -0.16, \"z\": 1.068, \"ts\": 1776898816.517518}","reason":"MQTT client not initialized","topic":"sensors/adxl345/raw"},"device":"rpi-9a2f6ea2e358535b","event":"MQTT_PUBLISH_SKIPPED","level":"WARNING","seq":539,"sig":"bbbd6d7deb283060","ts":"2026-04-22T23:00:16.688696+00:00"}
{"category":"NETWORK","details":{"raw_payload":"{\"x\": -0.02, \"y\": -0.164, \"z\": 1.044, \"ts\": 1776898816.527518}","reason":"MQTT client not initialized","topic":"sensors/adxl345/raw"},"device":"rpi-9a2f6ea2e358535b","event":"MQTT_PUBLISH_SKIPPED","level":"WARNING","seq":540,"sig":"304ec2cca31b75db","ts":"2026-04-22T23:00:16.688809+00:00"}
{"category":"NETWORK","details":{"raw_payload":"{\"x\": -0.008, \"y\": -0.152, \"z\": 1.068, \"ts\": 1776898816.537518}","reason":"MQTT client not initialized","topic":"sensors/adxl345/raw"},"device":"rpi-9a2f6ea2e358535b","event":"MQTT_PUBLISH_SKIPPED","level":"WARNING","seq":541,"sig":"39b422c2343e49e6","ts":"2026-04-22T23:00:16.688916+00:00"}
{"category":"NETWORK","details":{"raw_payload":"{\"x\": -0.04, \"y\": -0.16, \"z\": 1.052, \"ts\": 1776898816.547518}","reason":"MQTT client not initialized","topic":"sensors/adxl345/raw"},"device":"rpi-9a2f6ea2e358535b","event":"MQTT_PUBLISH_SKIPPED","level":"WARNING","seq":542,"sig":"ce14e51278ee22c3","ts":"2026-04-22T23:00:16.689022+00:00"}
{"category":"NETWORK","details":{"raw_payload":"{\"x\": -0.012, \"y\": -0.156, \"z\": 1.04, \"ts\": 1776898816.557518}","reason":"MQTT client not initialized","topic":"sensors/adxl345/raw"},"device":"rpi-9a2f6ea2e358535b","event":"MQTT_PUBLISH_SKIPPED","level":"WARNING","seq":543,"sig":"2076134c5dbdbbe8","ts":"2026-04-22T23:00:16.689126+00:00"}
{"category":"NETWORK","details":{"raw_payload":"{\"x\": -0.016, \"y\": -0.156, \"z\": 1.028, \"ts\": 1776898816.5675182}","reason":"MQTT client not initialized","topic":"sensors/adxl345/raw"},"device":"rpi-9a2f6ea2e358535b","event":"MQTT_PUBLISH_SKIPPED","level":"WARNING","seq":544,"sig":"e9a15a09d6de8a18","ts":"2026-04-22T23:00:16.689229+00:00"}
{"category":"NETWORK","details":{"raw_payload":"{\"x\": -0.02, \"y\": -0.148, \"z\": 1.056, \"ts\": 1776898816.5775182}","reason":"MQTT client not initialized","topic":"sensors/adxl345/raw"},"device":"rpi-9a2f6ea2e358535b","event":"MQTT_PUBLISH_SKIPPED","level":"WARNING","seq":545,"sig":"8204fdfdcfbc5797","ts":"2026-04-22T23:00:16.689333+00:00"}
{"category":"NETWORK","details":{"raw_payload":"{\"x\": 0.008, \"y\": -0.152, \"z\": 1.056, \"ts\": 1776898816.5875182}","reason":"MQTT client not initialized","topic":"sensors/adxl345/raw"},"device":"rpi-9a2f6ea2e358535b","event":"MQTT_PUBLISH_SKIPPED","level":"WARNING","seq":546,"sig":"dbf6dda8eab17cf7","ts":"2026-04-22T23:00:16.689436+00:00"}
{"category":"NETWORK","details":{"raw_payload":"{\"x\": -0.008, \"y\": -0.164, \"z\": 1.068, \"ts\": 1776898816.5975182}","reason":"MQTT client not initialized","topic":"sensors/adxl345/raw"},"device":"rpi-9a2f6ea2e358535b","event":"MQTT_PUBLISH_SKIPPED","level":"WARNING","seq":547,"sig":"414a7d0a1052e639","ts":"2026-04-22T23:00:16.689539+00:00"}
{"category":"NETWORK","details":{"raw_payload":"{\"x\": -0.012, \"y\": -0.156, \"z\": 1.032, \"ts\": 1776898816.6075182}","reason":"MQTT client not initialized","topic":"sensors/adxl345/raw"},"device":"rpi-9a2f6ea2e358535b","event":"MQTT_PUBLISH_SKIPPED","level":"WARNING","seq":548,"sig":"c39b505b34c26052","ts":"2026-04-22T23:00:16.689642+00:00"}
{"category":"NETWORK","details":{"raw_payload":"{\"x\": -0.008, \"y\": -0.148, \"z\": 1.044, \"ts\": 1776898816.6175182}","reason":"MQTT client not initialized","topic":"sensors/adxl345/raw"},"device":"rpi-9a2f6ea2e358535b","event":"MQTT_PUBLISH_SKIPPED","level":"WARNING","seq":549,"sig":"3fd1ed5f1d771e3f","ts":"2026-04-22T23:00:16.689745+00:00"}
{"category":"NETWORK","details":{"raw_payload":"{\"x\": 0.0, \"y\": -0.164, \"z\": 1.064, \"ts\": 1776898816.6275182}","reason":"MQTT client not initialized","topic":"sensors/adxl345/raw"},"device":"rpi-9a2f6ea2e358535b","event":"MQTT_PUBLISH_SKIPPED","level":"WARNING","seq":550,"sig":"b4e2601b37321a41","ts":"2026-04-22T23:00:16.689864+00:00"}
{"category":"NETWORK","details":{"raw_payload":"{\"x\": -0.004, \"y\": -0.164, \"z\": 1.06, \"ts\": 1776898816.6375182}","reason":"MQTT client not initialized","topic":"sensors/adxl345/raw"},"device":"rpi-9a2f6ea2e358535b","event":"MQTT_PUBLISH_SKIPPED","level":"WARNING","seq":551,"sig":"01f52fc87a02ee0b","ts":"2026-04-22T23:00:16.689972+00:00"}
{"category":"NETWORK","details":{"raw_payload":"{\"x\": -0.016, \"y\": -0.164, \"z\": 1.056, \"ts\": 1776898816.6475182}","reason":"MQTT client not initialized","topic":"sensors/adxl345/raw"},"device":"rpi-9a2f6ea2e358535b","event":"MQTT_PUBLISH_SKIPPED","level":"WARNING","seq":552,"sig":"8d28c8a835c9b404","ts":"2026-04-22T23:00:16.690077+00:00"}
{"category":"NETWORK","details":{"raw_payload":"{\"x\": 0.0, \"y\": -0.168, \"z\": 1.052, \"ts\": 1776898816.6575181}","reason":"MQTT client not initialized","topic":"sensors/adxl345/raw"},"device":"rpi-9a2f6ea2e358535b","event":"MQTT_PUBLISH_SKIPPED","level":"WARNING","seq":553,"sig":"a4c737ba0acbb69a","ts":"2026-04-22T23:00:16.690182+00:00"}
{"category":"NETWORK","details":{"raw_payload":"{\"x\": -0.004, \"y\": -0.148, \"z\": 1.06, \"ts\": 1776898816.6675181}","reason":"MQTT client not initialized","topic":"sensors/adxl345/raw"},"device":"rpi-9a2f6ea2e358535b","event":"MQTT_PUBLISH_SKIPPED","level":"WARNING","seq":554,"sig":"3cdf36ec800cc167","ts":"2026-04-22T23:00:16.690285+00:00"}
{"category":"NETWORK","details":{"raw_payload":"{\"x\": -0.016, \"y\": -0.172, \"z\": 1.06, \"ts\": 1776898816.6775181}","reason":"MQTT client not initialized","topic":"sensors/adxl345/raw"},"device":"rpi-9a2f6ea2e358535b","event":"MQTT_PUBLISH_SKIPPED","level":"WARNING","seq":555,"sig":"b3021da9eabf30ff","ts":"2026-04-22T23:00:16.690389+00:00"}
{"category":"SENSOR","details":{"batch_ts":1776898816.9375,"sample_count":25},"device":"rpi-9a2f6ea2e358535b","event":"FIFO_READ","level":"INFO","seq":556,"sig":"b240172a491c4fcf","ts":"2026-04-22T23:00:16.937503+00:00"}
{"category":"NETWORK","details":{"raw_payload":"{\"x\": -0.028, \"y\": -0.152, \"z\": 1.04, \"ts\": 1776898816.6874955}","reason":"MQTT client not initialized","topic":"sensors/adxl345/raw"},"device":"rpi-9a2f6ea2e358535b","event":"MQTT_PUBLISH_SKIPPED","level":"WARNING","seq":557,"sig":"b71a5b67af9ed711","ts":"2026-04-22T23:00:16.937667+00:00"}
{"category":"NETWORK","details":{"raw_payload":"{\"x\": -0.012, \"y\": -0.148, \"z\": 1.044, \"ts\": 1776898816.6974955}","reason":"MQTT client not initialized","topic":"sensors/adxl345/raw"},"device":"rpi-9a2f6ea2e358535b","event":"MQTT_PUBLISH_SKIPPED","level":"WARNING","seq":558,"sig":"98433aa2a51fca57","ts":"2026-04-22T23:00:16.937792+00:00"}
{"category":"NETWORK","details":{"raw_payload":"{\"x\": 0.0, \"y\": -0.152, \"z\": 1.052, \"ts\": 1776898816.7074955}","reason":"MQTT client not initialized","topic":"sensors/adxl345/raw"},"device":"rpi-9a2f6ea2e358535b","event":"MQTT_PUBLISH_SKIPPED","level":"WARNING","seq":559,"sig":"0ed0070a4bf98cfc","ts":"2026-04-22T23:00:16.937890+00:00"}
{"category":"NETWORK","details":{"raw_payload":"{\"x\": 0.008, \"y\": -0.156, \"z\": 1.044, \"ts\": 1776898816.7174954}","reason":"MQTT client not initialized","topic":"sensors/adxl345/raw"},"device":"rpi-9a2f6ea2e358535b","event":"MQTT_PUBLISH_SKIPPED","level":"WARNING","seq":560,"sig":"493f2ea284cfca88","ts":"2026-04-22T23:00:16.937981+00:00"}
{"category":"NETWORK","details":{"raw_payload":"{\"x\": -0.004, \"y\": -0.164, \"z\": 1.052, \"ts\": 1776898816.7274954}","reason":"MQTT client not initialized","topic":"sensors/adxl345/raw"},"device":"rpi-9a2f6ea2e358535b","event":"MQTT_PUBLISH_SKIPPED","level":"WARNING","seq":561,"sig":"f805241f6eb9c1ee","ts":"2026-04-22T23:00:16.938070+00:00"}
{"category":"NETWORK","details":{"raw_payload":"{\"x\": -0.008, \"y\": -0.152, \"z\": 1.044, \"ts\": 1776898816.7374954}","reason":"MQTT client not initialized","topic":"sensors/adxl345/raw"},"device":"rpi-9a2f6ea2e358535b","event":"MQTT_PUBLISH_SKIPPED","level":"WARNING","seq":562,"sig":"4ebdd457ce49cb95","ts":"2026-04-22T23:00:16.938162+00:00"}
{"category":"NETWORK","details":{"raw_payload":"{\"x\": -0.028, \"y\": -0.156, \"z\": 1.06, \"ts\": 1776898816.7474954}","reason":"MQTT client not initialized","topic":"sensors/adxl345/raw"},"device":"rpi-9a2f6ea2e358535b","event":"MQTT_PUBLISH_SKIPPED","level":"WARNING","seq":563,"sig":"c05c0b1f1fc5e6fd","ts":"2026-04-22T23:00:16.938251+00:00"}
{"category":"NETWORK","details":{"raw_payload":"{\"x\": -0.004, \"y\": -0.156, \"z\": 1.048, \"ts\": 1776898816.7574954}","reason":"MQTT client not initialized","topic":"sensors/adxl345/raw"},"device":"rpi-9a2f6ea2e358535b","event":"MQTT_PUBLISH_SKIPPED","level":"WARNING","seq":564,"sig":"fb1206f332554e21","ts":"2026-04-22T23:00:16.938337+00:00"}
{"category":"NETWORK","details":{"raw_payload":"{\"x\": 0.0, \"y\": -0.156, \"z\": 1.044, \"ts\": 1776898816.7674954}","reason":"MQTT client not initialized","topic":"sensors/adxl345/raw"},"device":"rpi-9a2f6ea2e358535b","event":"MQTT_PUBLISH_SKIPPED","level":"WARNING","seq":565,"sig":"b1b46d01ac32a198","ts":"2026-04-22T23:00:16.938422+00:00"}
{"category":"NETWORK","details":{"raw_payload":"{\"x\": -0.008, \"y\": -0.148, \"z\": 1.04, \"ts\": 1776898816.7774954}","reason":"MQTT client not initialized","topic":"sensors/adxl345/raw"},"device":"rpi-9a2f6ea2e358535b","event":"MQTT_PUBLISH_SKIPPED","level":"WARNING","seq":566,"sig":"1e9432a4a941a157","ts":"2026-04-22T23:00:16.938509+00:00"}
{"category":"NETWORK","details":{"raw_payload":"{\"x\": -0.02, \"y\": -0.16, \"z\": 1.04, \"ts\": 1776898816.7874954}","reason":"MQTT client not initialized","topic":"sensors/adxl345/raw"},"device":"rpi-9a2f6ea2e358535b","event":"MQTT_PUBLISH_SKIPPED","level":"WARNING","seq":567,"sig":"32c81e6041bb5505","ts":"2026-04-22T23:00:16.938596+00:00"}
{"category":"NETWORK","details":{"raw_payload":"{\"x\": -0.016, \"y\": -0.148, \"z\": 1.072, \"ts\": 1776898816.7974954}","reason":"MQTT client not initialized","topic":"sensors/adxl345/raw"},"device":"rpi-9a2f6ea2e358535b","event":"MQTT_PUBLISH_SKIPPED","level":"WARNING","seq":568,"sig":"27b4a08ea66564e5","ts":"2026-04-22T23:00:16.938682+00:00"}
{"category":"NETWORK","details":{"raw_payload":"{\"x\": -0.02, \"y\": -0.148, \"z\": 1.044, \"ts\": 1776898816.8074954}","reason":"MQTT client not initialized","topic":"sensors/adxl345/raw"},"device":"rpi-9a2f6ea2e358535b","event":"MQTT_PUBLISH_SKIPPED","level":"WARNING","seq":569,"sig":"1e8fd2b4cee06df0","ts":"2026-04-22T23:00:16.938767+00:00"}
{"category":"NETWORK","details":{"raw_payload":"{\"x\": -0.016, \"y\": -0.168, \"z\": 1.052, \"ts\": 1776898816.8174956}","reason":"MQTT client not initialized","topic":"sensors/adxl345/raw"},"device":"rpi-9a2f6ea2e358535b","event":"MQTT_PUBLISH_SKIPPED","level":"WARNING","seq":570,"sig":"5d71f42eefa03005","ts":"2026-04-22T23:00:16.938864+00:00"}
{"category":"NETWORK","details":{"raw_payload":"{\"x\": -0.028, \"y\": -0.156, \"z\": 1.044, \"ts\": 1776898816.8274956}","reason":"MQTT client not initialized","topic":"sensors/adxl345/raw"},"device":"rpi-9a2f6ea2e358535b","event":"MQTT_PUBLISH_SKIPPED","level":"WARNING","seq":571,"sig":"48fafc481c33994a","ts":"2026-04-22T23:00:16.938962+00:00"}
{"category":"NETWORK","details":{"raw_payload":"{\"x\": -0.02, \"y\": -0.168, \"z\": 1.052, \"ts\": 1776898816.8374956}","reason":"MQTT client not initialized","topic":"sensors/adxl345/raw"},"device":"rpi-9a2f6ea2e358535b","event":"MQTT_PUBLISH_SKIPPED","level":"WARNING","seq":572,"sig":"316b4c01b15922da","ts":"2026-04-22T23:00:16.939052+00:00"}
{"category":"NETWORK","details":{"raw_payload":"{\"x\": -0.012, \"y\": -0.16, \"z\": 1.064, \"ts\": 1776898816.8474956}","reason":"MQTT client not initialized","topic":"sensors/adxl345/raw"},"device":"rpi-9a2f6ea2e358535b","event":"MQTT_PUBLISH_SKIPPED","level":"WARNING","seq":573,"sig":"018e0f8cc2a13ec9","ts":"2026-04-22T23:00:16.939148+00:00"}
{"category":"NETWORK","details":{"raw_payload":"{\"x\": -0.016, \"y\": -0.156, \"z\": 1.036, \"ts\": 1776898816.8574955}","reason":"MQTT client not initialized","topic":"sensors/adxl345/raw"},"device":"rpi-9a2f6ea2e358535b","event":"MQTT_PUBLISH_SKIPPED","level":"WARNING","seq":574,"sig":"7938f3f6f23413d8","ts":"2026-04-22T23:00:16.939243+00:00"}
{"category":"NETWORK","details":{"raw_payload":"{\"x\": -0.024, \"y\": -0.164, \"z\": 1.04, \"ts\": 1776898816.8674955}","reason":"MQTT client not initialized","topic":"sensors/adxl345/raw"},"device":"rpi-9a2f6ea2e358535b","event":"MQTT_PUBLISH_SKIPPED","level":"WARNING","seq":575,"sig":"da9fa55467defa07","ts":"2026-04-22T23:00:16.939333+00:00"}
{"category":"NETWORK","details":{"raw_payload":"{\"x\": -0.012, \"y\": -0.156, \"z\": 1.048, \"ts\": 1776898816.8774955}","reason":"MQTT client not initialized","topic":"sensors/adxl345/raw"},"device":"rpi-9a2f6ea2e358535b","event":"MQTT_PUBLISH_SKIPPED","level":"WARNING","seq":576,"sig":"f7f500f44f269d9e","ts":"2026-04-22T23:00:16.939421+00:00"}
{"category":"NETWORK","details":{"raw_payload":"{\"x\": -0.016, \"y\": -0.164, \"z\": 1.036, \"ts\": 1776898816.8874955}","reason":"MQTT client not initialized","topic":"sensors/adxl345/raw"},"device":"rpi-9a2f6ea2e358535b","event":"MQTT_PUBLISH_SKIPPED","level":"WARNING","seq":577,"sig":"5693db9c0a42af52","ts":"2026-04-22T23:00:16.939510+00:00"}
{"category":"NETWORK","details":{"raw_payload":"{\"x\": -0.012, \"y\": -0.16, \"z\": 1.06, \"ts\": 1776898816.8974955}","reason":"MQTT client not initialized","topic":"sensors/adxl345/raw"},"device":"rpi-9a2f6ea2e358535b","event":"MQTT_PUBLISH_SKIPPED","level":"WARNING","seq":578,"sig":"d6388d1afbaa527f","ts":"2026-04-22T23:00:16.939597+00:00"}
{"category":"NETWORK","details":{"raw_payload":"{\"x\": -0.016, \"y\": -0.172, \"z\": 1.064, \"ts\": 1776898816.9074955}","reason":"MQTT client not initialized","topic":"sensors/adxl345/raw"},"device":"rpi-9a2f6ea2e358535b","event":"MQTT_PUBLISH_SKIPPED","level":"WARNING","seq":579,"sig":"c970d820e7ad6123","ts":"2026-04-22T23:00:16.939686+00:00"}
{"category":"NETWORK","details":{"raw_payload":"{\"x\": 0.004, \"y\": -0.148, \"z\": 1.064, \"ts\": 1776898816.9174955}","reason":"MQTT client not initialized","topic":"sensors/adxl345/raw"},"device":"rpi-9a2f6ea2e358535b","event":"MQTT_PUBLISH_SKIPPED","level":"WARNING","seq":580,"sig":"e9071c496835f309","ts":"2026-04-22T23:00:16.939777+00:00"}
{"category":"NETWORK","details":{"raw_payload":"{\"x\": -0.016, \"y\": -0.16, \"z\": 1.06, \"ts\": 1776898816.9274955}","reason":"MQTT client not initialized","topic":"sensors/adxl345/raw"},"device":"rpi-9a2f6ea2e358535b","event":"MQTT_PUBLISH_SKIPPED","level":"WARNING","seq":581,"sig":"b1a0d96d17262e3f","ts":"2026-04-22T23:00:16.939875+00:00"}
{"category":"DATA","details":{"band_hz":[3.0,8.0],"batch_ts":1776898816.9375,"x_peak_g":0.003236,"x_peak_hz":4.0,"y_peak_g":0.003701,"y_peak_hz":4.0,"z_peak_g":0.003172,"z_peak_hz":7.0},"device":"rpi-9a2f6ea2e358535b","event":"FFT_RESULT","level":"INFO","seq":582,"sig":"4743b3e8146033ff","ts":"2026-04-22T23:00:16.940348+00:00"}
{"category":"NETWORK","details":{"fft_payload":"{\"fft\": {\"band_hz\": [3.0, 8.0], \"x\": {\"peak_hz\": 4.0, \"peak_amp_g\": 0.003236, \"mean_amp_g\": 0.002092}, \"y\": {\"peak_hz\": 4.0, \"peak_amp_g\": 0.003701, \"mean_amp_g\": 0.001834}, \"z\": {\"peak_hz\": 7.0, \"peak_amp_g\": 0.003172, \"mean_amp_g\": 0.00108}}, \"ts\": 1776898816.9374955}","reason":"MQTT client not initialized","topic":"sensors/adxl345/fft"},"device":"rpi-9a2f6ea2e358535b","event":"MQTT_PUBLISH_SKIPPED","level":"WARNING","seq":583,"sig":"94be363a604f1004","ts":"2026-04-22T23:00:16.940500+00:00"}
{"category":"SENSOR","details":{"batch_ts":1776898817.1875,"sample_count":25},"device":"rpi-9a2f6ea2e358535b","event":"FIFO_READ","level":"INFO","seq":584,"sig":"8364f7f9f2734e9f","ts":"2026-04-22T23:00:17.187511+00:00"}
{"category":"NETWORK","details":{"raw_payload":"{\"x\": -0.024, \"y\": -0.156, \"z\": 1.048, \"ts\": 1776898816.9375024}","reason":"MQTT client not initialized","topic":"sensors/adxl345/raw"},"device":"rpi-9a2f6ea2e358535b","event":"MQTT_PUBLISH_SKIPPED","level":"WARNING","seq":585,"sig":"d35c9a1118677d6f","ts":"2026-04-22T23:00:17.187734+00:00"}
{"category":"NETWORK","details":{"raw_payload":"{\"x\": 0.008, \"y\": -0.132, \"z\": 1.06, \"ts\": 1776898816.9475024}","reason":"MQTT client not initialized","topic":"sensors/adxl345/raw"},"device":"rpi-9a2f6ea2e358535b","event":"MQTT_PUBLISH_SKIPPED","level":"WARNING","seq":586,"sig":"1cc0bb525767e07a","ts":"2026-04-22T23:00:17.187911+00:00"}
{"category":"NETWORK","details":{"raw_payload":"{\"x\": -0.004, \"y\": -0.148, \"z\": 1.084, \"ts\": 1776898816.9575024}","reason":"MQTT client not initialized","topic":"sensors/adxl345/raw"},"device":"rpi-9a2f6ea2e358535b","event":"MQTT_PUBLISH_SKIPPED","level":"WARNING","seq":587,"sig":"40e2298322ee38d8","ts":"2026-04-22T23:00:17.188045+00:00"}
{"category":"NETWORK","details":{"raw_payload":"{\"x\": 0.0, \"y\": -0.152, \"z\": 1.056, \"ts\": 1776898816.9675024}","reason":"MQTT client not initialized","topic":"sensors/adxl345/raw"},"device":"rpi-9a2f6ea2e358535b","event":"MQTT_PUBLISH_SKIPPED","level":"WARNING","seq":588,"sig":"9db88b40b1cd54c2","ts":"2026-04-22T23:00:17.188164+00:00"}
{"category":"NETWORK","details":{"raw_payload":"{\"x\": -0.028, \"y\": -0.152, \"z\": 1.044, \"ts\": 1776898816.9775023}","reason":"MQTT client not initialized","topic":"sensors/adxl345/raw"},"device":"rpi-9a2f6ea2e358535b","event":"MQTT_PUBLISH_SKIPPED","level":"WARNING","seq":589,"sig":"f3be8732f9d7afe9","ts":"2026-04-22T23:00:17.188279+00:00"}
{"category":"NETWORK","details":{"raw_payload":"{\"x\": -0.012, \"y\": -0.164, \"z\": 1.06, \"ts\": 1776898816.9875023}","reason":"MQTT client not initialized","topic":"sensors/adxl345/raw"},"device":"rpi-9a2f6ea2e358535b","event":"MQTT_PUBLISH_SKIPPED","level":"WARNING","seq":590,"sig":"f6d431dedb2485ee","ts":"2026-04-22T23:00:17.188394+00:00"}
{"category":"NETWORK","details":{"raw_payload":"{\"x\": -0.004, \"y\": -0.168, \"z\": 1.052, \"ts\": 1776898816.9975023}","reason":"MQTT client not initialized","topic":"sensors/adxl345/raw"},"device":"rpi-9a2f6ea2e358535b","event":"MQTT_PUBLISH_SKIPPED","level":"WARNING","seq":591,"sig":"82261fc5df4b6bc2","ts":"2026-04-22T23:00:17.188504+00:00"}
{"category":"NETWORK","details":{"raw_payload":"{\"x\": -0.008, \"y\": -0.16, \"z\": 1.056, \"ts\": 1776898817.0075023}","reason":"MQTT client not initialized","topic":"sensors/adxl345/raw"},"device":"rpi-9a2f6ea2e358535b","event":"MQTT_PUBLISH_SKIPPED","level":"WARNING","seq":592,"sig":"cb5b50b27d635b52","ts":"2026-04-22T23:00:17.188615+00:00"}
{"category":"NETWORK","details":{"raw_payload":"{\"x\": -0.02, \"y\": -0.168, \"z\": 1.056, \"ts\": 1776898817.0175023}","reason":"MQTT client not initialized","topic":"sensors/adxl345/raw"},"device":"rpi-9a2f6ea2e358535b","event":"MQTT_PUBLISH_SKIPPED","level":"WARNING","seq":593,"sig":"d01a20337ab2e342","ts":"2026-04-22T23:00:17.188771+00:00"}
{"category":"NETWORK","details":{"raw_payload":"{\"x\": -0.012, \"y\": -0.16, \"z\": 1.056, \"ts\": 1776898817.0275023}","reason":"MQTT client not initialized","topic":"sensors/adxl345/raw"},"device":"rpi-9a2f6ea2e358535b","event":"MQTT_PUBLISH_SKIPPED","level":"WARNING","seq":594,"sig":"66d3d07947525f34","ts":"2026-04-22T23:00:17.188887+00:00"}
{"category":"NETWORK","details":{"raw_payload":"{\"x\": -0.004, \"y\": -0.164, \"z\": 1.064, \"ts\": 1776898817.0375023}","reason":"MQTT client not initialized","topic":"sensors/adxl345/raw"},"device":"rpi-9a2f6ea2e358535b","event":"MQTT_PUBLISH_SKIPPED","level":"WARNING","seq":595,"sig":"0e22d42ebb901431","ts":"2026-04-22T23:00:17.188998+00:00"}
{"category":"NETWORK","details":{"raw_payload":"{\"x\": -0.008, \"y\": -0.148, \"z\": 1.036, \"ts\": 1776898817.0475023}","reason":"MQTT client not initialized","topic":"sensors/adxl345/raw"},"device":"rpi-9a2f6ea2e358535b","event":"MQTT_PUBLISH_SKIPPED","level":"WARNING","seq":596,"sig":"f7457c2735e31612","ts":"2026-04-22T23:00:17.189104+00:00"}
{"category":"NETWORK","details":{"raw_payload":"{\"x\": -0.008, \"y\": -0.18, \"z\": 1.048, \"ts\": 1776898817.0575023}","reason":"MQTT client not initialized","topic":"sensors/adxl345/raw"},"device":"rpi-9a2f6ea2e358535b","event":"MQTT_PUBLISH_SKIPPED","level":"WARNING","seq":597,"sig":"ffc72826c75df78d","ts":"2026-04-22T23:00:17.189225+00:00"}
{"category":"NETWORK","details":{"raw_payload":"{\"x\": -0.02, \"y\": -0.148, \"z\": 1.04, \"ts\": 1776898817.0675025}","reason":"MQTT client not initialized","topic":"sensors/adxl345/raw"},"device":"rpi-9a2f6ea2e358535b","event":"MQTT_PUBLISH_SKIPPED","level":"WARNING","seq":598,"sig":"9c0b2a9bf9b1d9fa","ts":"2026-04-22T23:00:17.189335+00:00"}
{"category":"NETWORK","details":{"raw_payload":"{\"x\": -0.008, \"y\": -0.156, \"z\": 1.032, \"ts\": 1776898817.0775025}","reason":"MQTT client not initialized","topic":"sensors/adxl345/raw"},"device":"rpi-9a2f6ea2e358535b","event":"MQTT_PUBLISH_SKIPPED","level":"WARNING","seq":599,"sig":"09bb421428740ef7","ts":"2026-04-22T23:00:17.189442+00:00"}
{"category":"NETWORK","details":{"raw_payload":"{\"x\": -0.016, \"y\": -0.152, \"z\": 1.056, \"ts\": 1776898817.0875025}","reason":"MQTT client not initialized","topic":"sensors/adxl345/raw"},"device":"rpi-9a2f6ea2e358535b","event":"MQTT_PUBLISH_SKIPPED","level":"WARNING","seq":600,"sig":"90d874096c9d626e","ts":"2026-04-22T23:00:17.189548+00:00"}
{"category":"NETWORK","details":{"raw_payload":"{\"x\": -0.012, \"y\": -0.156, \"z\": 1.052, \"ts\": 1776898817.0975025}","reason":"MQTT client not initialized","topic":"sensors/adxl345/raw"},"device":"rpi-9a2f6ea2e358535b","event":"MQTT_PUBLISH_SKIPPED","level":"WARNING","seq":601,"sig":"26b9ffd7a2e3ee3a","ts":"2026-04-22T23:00:17.189652+00:00"}
{"category":"NETWORK","details":{"raw_payload":"{\"x\": -0.012, \"y\": -0.156, \"z\": 1.056, \"ts\": 1776898817.1075025}","reason":"MQTT client not initialized","topic":"sensors/adxl345/raw"},"device":"rpi-9a2f6ea2e358535b","event":"MQTT_PUBLISH_SKIPPED","level":"WARNING","seq":602,"sig":"8832d779c7152580","ts":"2026-04-22T23:00:17.189758+00:00"}
{"category":"NETWORK","details":{"raw_payload":"{\"x\": -0.008, \"y\": -0.152, \"z\": 1.048, \"ts\": 1776898817.1175025}","reason":"MQTT client not initialized","topic":"sensors/adxl345/raw"},"device":"rpi-9a2f6ea2e358535b","event":"MQTT_PUBLISH_SKIPPED","level":"WARNING","seq":603,"sig":"2060a5afe824b977","ts":"2026-04-22T23:00:17.189862+00:00"}
{"category":"NETWORK","details":{"raw_payload":"{\"x\": -0.012, \"y\": -0.168, \"z\": 1.044, \"ts\": 1776898817.1275024}","reason":"MQTT client not initialized","topic":"sensors/adxl345/raw"},"device":"rpi-9a2f6ea2e358535b","event":"MQTT_PUBLISH_SKIPPED","level":"WARNING","seq":604,"sig":"b3c0e5ae01dee88e","ts":"2026-04-22T23:00:17.189966+00:00"}
{"category":"NETWORK","details":{"raw_payload":"{\"x\": -0.016, \"y\": -0.164, \"z\": 1.056, \"ts\": 1776898817.1375024}","reason":"MQTT client not initialized","topic":"sensors/adxl345/raw"},"device":"rpi-9a2f6ea2e358535b","event":"MQTT_PUBLISH_SKIPPED","level":"WARNING","seq":605,"sig":"080616dd1e46c9b5","ts":"2026-04-22T23:00:17.190069+00:00"}
{"category":"NETWORK","details":{"raw_payload":"{\"x\": -0.02, \"y\": -0.16, \"z\": 1.024, \"ts\": 1776898817.1475024}","reason":"MQTT client not initialized","topic":"sensors/adxl345/raw"},"device":"rpi-9a2f6ea2e358535b","event":"MQTT_PUBLISH_SKIPPED","level":"WARNING","seq":606,"sig":"6a5ae089f0892b67","ts":"2026-04-22T23:00:17.190172+00:00"}
{"category":"NETWORK","details":{"raw_payload":"{\"x\": -0.012, \"y\": -0.164, \"z\": 1.052, \"ts\": 1776898817.1575024}","reason":"MQTT client not initialized","topic":"sensors/adxl345/raw"},"device":"rpi-9a2f6ea2e358535b","event":"MQTT_PUBLISH_SKIPPED","level":"WARNING","seq":607,"sig":"87cc550dff503031","ts":"2026-04-22T23:00:17.190277+00:00"}
{"category":"NETWORK","details":{"raw_payload":"{\"x\": -0.012, \"y\": -0.152, \"z\": 1.036, \"ts\": 1776898817.1675024}","reason":"MQTT client not initialized","topic":"sensors/adxl345/raw"},"device":"rpi-9a2f6ea2e358535b","event":"MQTT_PUBLISH_SKIPPED","level":"WARNING","seq":608,"sig":"03816e0c5354efbb","ts":"2026-04-22T23:00:17.190385+00:00"}
{"category":"NETWORK","details":{"raw_payload":"{\"x\": -0.016, \"y\": -0.172, \"z\": 1.048, \"ts\": 1776898817.1775024}","reason":"MQTT client not initialized","topic":"sensors/adxl345/raw"},"device":"rpi-9a2f6ea2e358535b","event":"MQTT_PUBLISH_SKIPPED","level":"WARNING","seq":609,"sig":"f0e182376290e28d","ts":"2026-04-22T23:00:17.190491+00:00"}
{"category":"SENSOR","details":{"batch_ts":1776898817.4375,"sample_count":25},"device":"rpi-9a2f6ea2e358535b","event":"FIFO_READ","level":"INFO","seq":610,"sig":"36277efb72990359","ts":"2026-04-22T23:00:17.437544+00:00"}
{"category":"NETWORK","details":{"raw_payload":"{\"x\": -0.012, \"y\": -0.168, \"z\": 1.036, \"ts\": 1776898817.1875324}","reason":"MQTT client not initialized","topic":"sensors/adxl345/raw"},"device":"rpi-9a2f6ea2e358535b","event":"MQTT_PUBLISH_SKIPPED","level":"WARNING","seq":611,"sig":"247dad51c26cd113","ts":"2026-04-22T23:00:17.437802+00:00"}
{"category":"NETWORK","details":{"raw_payload":"{\"x\": -0.016, \"y\": -0.144, \"z\": 1.052, \"ts\": 1776898817.1975324}","reason":"MQTT client not initialized","topic":"sensors/adxl345/raw"},"device":"rpi-9a2f6ea2e358535b","event":"MQTT_PUBLISH_SKIPPED","level":"WARNING","seq":612,"sig":"24ed23555e839e1d","ts":"2026-04-22T23:00:17.437954+00:00"}
{"category":"NETWORK","details":{"raw_payload":"{\"x\": 0.004, \"y\": -0.132, \"z\": 1.068, \"ts\": 1776898817.2075324}","reason":"MQTT client not initialized","topic":"sensors/adxl345/raw"},"device":"rpi-9a2f6ea2e358535b","event":"MQTT_PUBLISH_SKIPPED","level":"WARNING","seq":613,"sig":"82ee9e0a23cf5356","ts":"2026-04-22T23:00:17.438062+00:00"}
{"category":"NETWORK","details":{"raw_payload":"{\"x\": -0.016, \"y\": -0.144, \"z\": 1.056, \"ts\": 1776898817.2175324}","reason":"MQTT client not initialized","topic":"sensors/adxl345/raw"},"device":"rpi-9a2f6ea2e358535b","event":"MQTT_PUBLISH_SKIPPED","level":"WARNING","seq":614,"sig":"b05f8dba63215d6f","ts":"2026-04-22T23:00:17.438159+00:00"}
{"category":"NETWORK","details":{"raw_payload":"{\"x\": -0.012, \"y\": -0.16, \"z\": 1.04, \"ts\": 1776898817.2275324}","reason":"MQTT client not initialized","topic":"sensors/adxl345/raw"},"device":"rpi-9a2f6ea2e358535b","event":"MQTT_PUBLISH_SKIPPED","level":"WARNING","seq":615,"sig":"4810247e4219cedb","ts":"2026-04-22T23:00:17.438252+00:00"}
{"category":"NETWORK","details":{"raw_payload":"{\"x\": 0.004, \"y\": -0.172, \"z\": 1.056, \"ts\": 1776898817.2375324}","reason":"MQTT client not initialized","topic":"sensors/adxl345/raw"},"device":"rpi-9a2f6ea2e358535b","event":"MQTT_PUBLISH_SKIPPED","level":"WARNING","seq":616,"sig":"c9213decb7c12a50","ts":"2026-04-22T23:00:17.438343+00:00"}
{"category":"NETWORK","details":{"raw_payload":"{\"x\": -0.008, \"y\": -0.172, \"z\": 1.056, \"ts\": 1776898817.2475324}","reason":"MQTT client not initialized","topic":"sensors/adxl345/raw"},"device":"rpi-9a2f6ea2e358535b","event":"MQTT_PUBLISH_SKIPPED","level":"WARNING","seq":617,"sig":"21f96b2cad86d939","ts":"2026-04-22T23:00:17.438440+00:00"}
{"category":"NETWORK","details":{"raw_payload":"{\"x\": -0.024, \"y\": -0.168, \"z\": 1.06, \"ts\": 1776898817.2575324}","reason":"MQTT client not initialized","topic":"sensors/adxl345/raw"},"device":"rpi-9a2f6ea2e358535b","event":"MQTT_PUBLISH_SKIPPED","level":"WARNING","seq":618,"sig":"5bbdf619c7bd8a40","ts":"2026-04-22T23:00:17.438541+00:00"}
{"category":"NETWORK","details":{"raw_payload":"{\"x\": 0.0, \"y\": -0.136, \"z\": 1.048, \"ts\": 1776898817.2675323}","reason":"MQTT client not initialized","topic":"sensors/adxl345/raw"},"device":"rpi-9a2f6ea2e358535b","event":"MQTT_PUBLISH_SKIPPED","level":"WARNING","seq":619,"sig":"6271935a25b45eed","ts":"2026-04-22T23:00:17.438635+00:00"}
{"category":"NETWORK","details":{"raw_payload":"{\"x\": -0.024, \"y\": -0.148, \"z\": 1.04, \"ts\": 1776898817.2775323}","reason":"MQTT client not initialized","topic":"sensors/adxl345/raw"},"device":"rpi-9a2f6ea2e358535b","event":"MQTT_PUBLISH_SKIPPED","level":"WARNING","seq":620,"sig":"ad1b7b694f068cae","ts":"2026-04-22T23:00:17.438732+00:00"}
{"category":"NETWORK","details":{"raw_payload":"{\"x\": -0.012, \"y\": -0.156, \"z\": 1.06, \"ts\": 1776898817.2875323}","reason":"MQTT client not initialized","topic":"sensors/adxl345/raw"},"device":"rpi-9a2f6ea2e358535b","event":"MQTT_PUBLISH_SKIPPED","level":"WARNING","seq":621,"sig":"ae0f8a5e94cc2332","ts":"2026-04-22T23:00:17.438832+00:00"}
{"category":"NETWORK","details":{"raw_payload":"{\"x\": -0.004, \"y\": -0.176, \"z\": 1.052, \"ts\": 1776898817.2975323}","reason":"MQTT client not initialized","topic":"sensors/adxl345/raw"},"device":"rpi-9a2f6ea2e358535b","event":"MQTT_PUBLISH_SKIPPED","level":"WARNING","seq":622,"sig":"635c813de5d644de","ts":"2026-04-22T23:00:17.438933+00:00"}
{"category":"NETWORK","details":{"raw_payload":"{\"x\": -0.004, \"y\": -0.164, \"z\": 1.032, \"ts\": 1776898817.3075323}","reason":"MQTT client not initialized","topic":"sensors/adxl345/raw"},"device":"rpi-9a2f6ea2e358535b","event":"MQTT_PUBLISH_SKIPPED","level":"WARNING","seq":623,"sig":"c2c12cf87b9916d1","ts":"2026-04-22T23:00:17.439028+00:00"}
{"category":"NETWORK","details":{"raw_payload":"{\"x\": -0.012, \"y\": -0.164, \"z\": 1.052, \"ts\": 1776898817.3175325}","reason":"MQTT client not initialized","topic":"sensors/adxl345/raw"},"device":"rpi-9a2f6ea2e358535b","event":"MQTT_PUBLISH_SKIPPED","level":"WARNING","seq":624,"sig":"1e7a157ab6cd14d6","ts":"2026-04-22T23:00:17.439118+00:00"}
{"category":"NETWORK","details":{"raw_payload":"{\"x\": -0.012, \"y\": -0.164, \"z\": 1.036, \"ts\": 1776898817.3275325}","reason":"MQTT client not initialized","topic":"sensors/adxl345/raw"},"device":"rpi-9a2f6ea2e358535b","event":"MQTT_PUBLISH_SKIPPED","level":"WARNING","seq":625,"sig":"f3c307abe81e5582","ts":"2026-04-22T23:00:17.439207+00:00"}
{"category":"NETWORK","details":{"raw_payload":"{\"x\": -0.012, \"y\": -0.16, \"z\": 1.056, \"ts\": 1776898817.3375325}","reason":"MQTT client not initialized","topic":"sensors/adxl345/raw"},"device":"rpi-9a2f6ea2e358535b","event":"MQTT_PUBLISH_SKIPPED","level":"WARNING","seq":626,"sig":"b96bdaf654e56e87","ts":"2026-04-22T23:00:17.439297+00:00"}
{"category":"NETWORK","details":{"raw_payload":"{\"x\": 0.0, \"y\": -0.152, \"z\": 1.048, \"ts\": 1776898817.3475325}","reason":"MQTT client not initialized","topic":"sensors/adxl345/raw"},"device":"rpi-9a2f6ea2e358535b","event":"MQTT_PUBLISH_SKIPPED","level":"WARNING","seq":627,"sig":"f683f729c3db7e8d","ts":"2026-04-22T23:00:17.439392+00:00"}
{"category":"NETWORK","details":{"raw_payload":"{\"x\": -0.024, \"y\": -0.16, \"z\": 1.06, \"ts\": 1776898817.3575325}","reason":"MQTT client not initialized","topic":"sensors/adxl345/raw"},"device":"rpi-9a2f6ea2e358535b","event":"MQTT_PUBLISH_SKIPPED","level":"WARNING","seq":628,"sig":"73de1b96e06612b8","ts":"2026-04-22T23:00:17.439490+00:00"}
{"category":"NETWORK","details":{"raw_payload":"{\"x\": -0.012, \"y\": -0.172, \"z\": 1.04, \"ts\": 1776898817.3675325}","reason":"MQTT client not initialized","topic":"sensors/adxl345/raw"},"device":"rpi-9a2f6ea2e358535b","event":"MQTT_PUBLISH_SKIPPED","level":"WARNING","seq":629,"sig":"ffb088d667176bbd","ts":"2026-04-22T23:00:17.439582+00:00"}
{"category":"NETWORK","details":{"raw_payload":"{\"x\": -0.02, \"y\": -0.164, \"z\": 1.052, \"ts\": 1776898817.3775325}","reason":"MQTT client not initialized","topic":"sensors/adxl345/raw"},"device":"rpi-9a2f6ea2e358535b","event":"MQTT_PUBLISH_SKIPPED","level":"WARNING","seq":630,"sig":"0c13111e680d93f2","ts":"2026-04-22T23:00:17.439671+00:00"}
{"category":"NETWORK","details":{"raw_payload":"{\"x\": -0.02, \"y\": -0.156, \"z\": 1.02, \"ts\": 1776898817.3875325}","reason":"MQTT client not initialized","topic":"sensors/adxl345/raw"},"device":"rpi-9a2f6ea2e358535b","event":"MQTT_PUBLISH_SKIPPED","level":"WARNING","seq":631,"sig":"d783340dc1a2f611","ts":"2026-04-22T23:00:17.439770+00:00"}
{"category":"NETWORK","details":{"raw_payload":"{\"x\": -0.02, \"y\": -0.164, \"z\": 1.06, \"ts\": 1776898817.3975325}","reason":"MQTT client not initialized","topic":"sensors/adxl345/raw"},"device":"rpi-9a2f6ea2e358535b","event":"MQTT_PUBLISH_SKIPPED","level":"WARNING","seq":632,"sig":"a407cf7ea92ab591","ts":"2026-04-22T23:00:17.439871+00:00"}
{"category":"NETWORK","details":{"raw_payload":"{\"x\": -0.004, \"y\": -0.152, \"z\": 1.044, \"ts\": 1776898817.4075325}","reason":"MQTT client not initialized","topic":"sensors/adxl345/raw"},"device":"rpi-9a2f6ea2e358535b","event":"MQTT_PUBLISH_SKIPPED","level":"WARNING","seq":633,"sig":"591765f25e63ee5a","ts":"2026-04-22T23:00:17.439964+00:00"}
{"category":"NETWORK","details":{"raw_payload":"{\"x\": -0.024, \"y\": -0.152, \"z\": 1.052, \"ts\": 1776898817.4175324}","reason":"MQTT client not initialized","topic":"sensors/adxl345/raw"},"device":"rpi-9a2f6ea2e358535b","event":"MQTT_PUBLISH_SKIPPED","level":"WARNING","seq":634,"sig":"7f6d04eb9c5fa7a6","ts":"2026-04-22T23:00:17.440053+00:00"}
{"category":"NETWORK","details":{"raw_payload":"{\"x\": -0.016, \"y\": -0.156, \"z\": 1.056, \"ts\": 1776898817.4275324}","reason":"MQTT client not initialized","topic":"sensors/adxl345/raw"},"device":"rpi-9a2f6ea2e358535b","event":"MQTT_PUBLISH_SKIPPED","level":"WARNING","seq":635,"sig":"0d56efc8bd93ea54","ts":"2026-04-22T23:00:17.440142+00:00"}
{"category":"SENSOR","details":{"batch_ts":1776898817.6875,"sample_count":25},"device":"rpi-9a2f6ea2e358535b","event":"FIFO_READ","level":"INFO","seq":636,"sig":"7a3aafa2cc57d78c","ts":"2026-04-22T23:00:17.687505+00:00"}
{"category":"NETWORK","details":{"raw_payload":"{\"x\": -0.004, \"y\": -0.16, \"z\": 1.044, \"ts\": 1776898817.4374988}","reason":"MQTT client not initialized","topic":"sensors/adxl345/raw"},"device":"rpi-9a2f6ea2e358535b","event":"MQTT_PUBLISH_SKIPPED","level":"WARNING","seq":637,"sig":"065338f6a2b74170","ts":"2026-04-22T23:00:17.687674+00:00"}
{"category":"NETWORK","details":{"raw_payload":"{\"x\": 0.004, \"y\": -0.16, \"z\": 1.06, \"ts\": 1776898817.4474988}","reason":"MQTT client not initialized","topic":"sensors/adxl345/raw"},"device":"rpi-9a2f6ea2e358535b","event":"MQTT_PUBLISH_SKIPPED","level":"WARNING","seq":638,"sig":"7f17e99a92f40c81","ts":"2026-04-22T23:00:17.687787+00:00"}
{"category":"NETWORK","details":{"raw_payload":"{\"x\": -0.012, \"y\": -0.144, \"z\": 1.072, \"ts\": 1776898817.4574988}","reason":"MQTT client not initialized","topic":"sensors/adxl345/raw"},"device":"rpi-9a2f6ea2e358535b","event":"MQTT_PUBLISH_SKIPPED","level":"WARNING","seq":639,"sig":"6ef009660cfba988","ts":"2026-04-22T23:00:17.687883+00:00"}
{"category":"NETWORK","details":{"raw_payload":"{\"x\": -0.016, \"y\": -0.156, \"z\": 1.068, \"ts\": 1776898817.4674988}","reason":"MQTT client not initialized","topic":"sensors/adxl345/raw"},"device":"rpi-9a2f6ea2e358535b","event":"MQTT_PUBLISH_SKIPPED","level":"WARNING","seq":640,"sig":"d9718f6ec17c4ee4","ts":"2026-04-22T23:00:17.687975+00:00"}
{"category":"NETWORK","details":{"raw_payload":"{\"x\": 0.004, \"y\": -0.18, \"z\": 1.072, \"ts\": 1776898817.4774988}","reason":"MQTT client not initialized","topic":"sensors/adxl345/raw"},"device":"rpi-9a2f6ea2e358535b","event":"MQTT_PUBLISH_SKIPPED","level":"WARNING","seq":641,"sig":"2f273f7860ca174c","ts":"2026-04-22T23:00:17.688065+00:00"}
{"category":"NETWORK","details":{"raw_payload":"{\"x\": -0.028, \"y\": -0.152, \"z\": 1.028, \"ts\": 1776898817.4874988}","reason":"MQTT client not initialized","topic":"sensors/adxl345/raw"},"device":"rpi-9a2f6ea2e358535b","event":"MQTT_PUBLISH_SKIPPED","level":"WARNING","seq":642,"sig":"33fe198e0c517215","ts":"2026-04-22T23:00:17.688155+00:00"}
{"category":"NETWORK","details":{"raw_payload":"{\"x\": -0.008, \"y\": -0.16, \"z\": 1.04, \"ts\": 1776898817.4974988}","reason":"MQTT client not initialized","topic":"sensors/adxl345/raw"},"device":"rpi-9a2f6ea2e358535b","event":"MQTT_PUBLISH_SKIPPED","level":"WARNING","seq":643,"sig":"1645bb214fcb0808","ts":"2026-04-22T23:00:17.688244+00:00"}
{"category":"NETWORK","details":{"raw_payload":"{\"x\": 0.004, \"y\": -0.156, \"z\": 1.036, \"ts\": 1776898817.5074987}","reason":"MQTT client not initialized","topic":"sensors/adxl345/raw"},"device":"rpi-9a2f6ea2e358535b","event":"MQTT_PUBLISH_SKIPPED","level":"WARNING","seq":644,"sig":"58828959c7f56604","ts":"2026-04-22T23:00:17.688369+00:00"}
{"category":"NETWORK","details":{"raw_payload":"{\"x\": -0.008, \"y\": -0.156, \"z\": 1.048, \"ts\": 1776898817.5174987}","reason":"MQTT client not initialized","topic":"sensors/adxl345/raw"},"device":"rpi-9a2f6ea2e358535b","event":"MQTT_PUBLISH_SKIPPED","level":"WARNING","seq":645,"sig":"f7d6a76237782d73","ts":"2026-04-22T23:00:17.688476+00:00"}
{"category":"NETWORK","details":{"raw_payload":"{\"x\": -0.008, \"y\": -0.16, \"z\": 1.052, \"ts\": 1776898817.5274987}","reason":"MQTT client not initialized","topic":"sensors/adxl345/raw"},"device":"rpi-9a2f6ea2e358535b","event":"MQTT_PUBLISH_SKIPPED","level":"WARNING","seq":646,"sig":"9597a720b018cb27","ts":"2026-04-22T23:00:17.688575+00:00"}
{"category":"NETWORK","details":{"raw_payload":"{\"x\": -0.032, \"y\": -0.148, \"z\": 1.052, \"ts\": 1776898817.5374987}","reason":"MQTT client not initialized","topic":"sensors/adxl345/raw"},"device":"rpi-9a2f6ea2e358535b","event":"MQTT_PUBLISH_SKIPPED","level":"WARNING","seq":647,"sig":"e80de3b83eb88b86","ts":"2026-04-22T23:00:17.688708+00:00"}
{"category":"NETWORK","details":{"raw_payload":"{\"x\": -0.008, \"y\": -0.152, \"z\": 1.052, \"ts\": 1776898817.5474987}","reason":"MQTT client not initialized","topic":"sensors/adxl345/raw"},"device":"rpi-9a2f6ea2e358535b","event":"MQTT_PUBLISH_SKIPPED","level":"WARNING","seq":648,"sig":"782bdcd8adf1e4db","ts":"2026-04-22T23:00:17.688814+00:00"}
{"category":"NETWORK","details":{"raw_payload":"{\"x\": -0.008, \"y\": -0.164, \"z\": 1.044, \"ts\": 1776898817.5574987}","reason":"MQTT client not initialized","topic":"sensors/adxl345/raw"},"device":"rpi-9a2f6ea2e358535b","event":"MQTT_PUBLISH_SKIPPED","level":"WARNING","seq":649,"sig":"0d2077c32472e906","ts":"2026-04-22T23:00:17.688909+00:00"}
{"category":"NETWORK","details":{"raw_payload":"{\"x\": 0.0, \"y\": -0.168, \"z\": 1.06, \"ts\": 1776898817.567499}","reason":"MQTT client not initialized","topic":"sensors/adxl345/raw"},"device":"rpi-9a2f6ea2e358535b","event":"MQTT_PUBLISH_SKIPPED","level":"WARNING","seq":650,"sig":"779cb4e8cb6acd8c","ts":"2026-04-22T23:00:17.688999+00:00"}
{"category":"NETWORK","details":{"raw_payload":"{\"x\": -0.016, \"y\": -0.172, \"z\": 1.064, \"ts\": 1776898817.577499}","reason":"MQTT client not initialized","topic":"sensors/adxl345/raw"},"device":"rpi-9a2f6ea2e358535b","event":"MQTT_PUBLISH_SKIPPED","level":"WARNING","seq":651,"sig":"d98ee14acd51beac","ts":"2026-04-22T23:00:17.689089+00:00"}
{"category":"NETWORK","details":{"raw_payload":"{\"x\": -0.004, \"y\": -0.168, \"z\": 1.044, \"ts\": 1776898817.587499}","reason":"MQTT client not initialized","topic":"sensors/adxl345/raw"},"device":"rpi-9a2f6ea2e358535b","event":"MQTT_PUBLISH_SKIPPED","level":"WARNING","seq":652,"sig":"431430b5181e484d","ts":"2026-04-22T23:00:17.689177+00:00"}
{"category":"NETWORK","details":{"raw_payload":"{\"x\": -0.024, \"y\": -0.14, \"z\": 1.04, \"ts\": 1776898817.597499}","reason":"MQTT client not initialized","topic":"sensors/adxl345/raw"},"device":"rpi-9a2f6ea2e358535b","event":"MQTT_PUBLISH_SKIPPED","level":"WARNING","seq":653,"sig":"2e7649c63c8e6d6a","ts":"2026-04-22T23:00:17.689266+00:00"}
{"category":"NETWORK","details":{"raw_payload":"{\"x\": -0.032, \"y\": -0.156, \"z\": 1.044, \"ts\": 1776898817.607499}","reason":"MQTT client not initialized","topic":"sensors/adxl345/raw"},"device":"rpi-9a2f6ea2e358535b","event":"MQTT_PUBLISH_SKIPPED","level":"WARNING","seq":654,"sig":"40f1344dca34f493","ts":"2026-04-22T23:00:17.689354+00:00"}
{"category":"NETWORK","details":{"raw_payload":"{\"x\": -0.028, \"y\": -0.164, \"z\": 1.068, \"ts\": 1776898817.6174989}","reason":"MQTT client not initialized","topic":"sensors/adxl345/raw"},"device":"rpi-9a2f6ea2e358535b","event":"MQTT_PUBLISH_SKIPPED","level":"WARNING","seq":655,"sig":"84f51fea32824cf0","ts":"2026-04-22T23:00:17.689443+00:00"}
{"category":"NETWORK","details":{"raw_payload":"{\"x\": -0.016, \"y\": -0.156, \"z\": 1.056, \"ts\": 1776898817.6274989}","reason":"MQTT client not initialized","topic":"sensors/adxl345/raw"},"device":"rpi-9a2f6ea2e358535b","event":"MQTT_PUBLISH_SKIPPED","level":"WARNING","seq":656,"sig":"e6c705f16b57bbe1","ts":"2026-04-22T23:00:17.689536+00:00"}
{"category":"NETWORK","details":{"raw_payload":"{\"x\": 0.0, \"y\": -0.16, \"z\": 1.064, \"ts\": 1776898817.6374989}","reason":"MQTT client not initialized","topic":"sensors/adxl345/raw"},"device":"rpi-9a2f6ea2e358535b","event":"MQTT_PUBLISH_SKIPPED","level":"WARNING","seq":657,"sig":"4cc4ccfa0c181ed8","ts":"2026-04-22T23:00:17.689642+00:00"}
{"category":"NETWORK","details":{"raw_payload":"{\"x\": -0.02, \"y\": -0.152, \"z\": 1.052, \"ts\": 1776898817.6474988}","reason":"MQTT client not initialized","topic":"sensors/adxl345/raw"},"device":"rpi-9a2f6ea2e358535b","event":"MQTT_PUBLISH_SKIPPED","level":"WARNING","seq":658,"sig":"944dbd5f737d375d","ts":"2026-04-22T23:00:17.689744+00:00"}
{"category":"NETWORK","details":{"raw_payload":"{\"x\": -0.012, \"y\": -0.156, \"z\": 1.056, \"ts\": 1776898817.6574988}","reason":"MQTT client not initialized","topic":"sensors/adxl345/raw"},"device":"rpi-9a2f6ea2e358535b","event":"MQTT_PUBLISH_SKIPPED","level":"WARNING","seq":659,"sig":"46901e7e75eb51e6","ts":"2026-04-22T23:00:17.689836+00:00"}
{"category":"NETWORK","details":{"raw_payload":"{\"x\": -0.008, \"y\": -0.16, \"z\": 1.052, \"ts\": 1776898817.6674988}","reason":"MQTT client not initialized","topic":"sensors/adxl345/raw"},"device":"rpi-9a2f6ea2e358535b","event":"MQTT_PUBLISH_SKIPPED","level":"WARNING","seq":660,"sig":"0f4fe3bef9e26268","ts":"2026-04-22T23:00:17.689925+00:00"}
{"category":"NETWORK","details":{"raw_payload":"{\"x\": -0.028, \"y\": -0.156, \"z\": 1.044, \"ts\": 1776898817.6774988}","reason":"MQTT client not initialized","topic":"sensors/adxl345/raw"},"device":"rpi-9a2f6ea2e358535b","event":"MQTT_PUBLISH_SKIPPED","level":"WARNING","seq":661,"sig":"48238eed87d1db38","ts":"2026-04-22T23:00:17.690013+00:00"}
{"category":"SENSOR","details":{"batch_ts":1776898817.9375,"sample_count":25},"device":"rpi-9a2f6ea2e358535b","event":"FIFO_READ","level":"INFO","seq":662,"sig":"57ae4015374631f7","ts":"2026-04-22T23:00:17.937514+00:00"}
{"category":"NETWORK","details":{"raw_payload":"{\"x\": -0.012, \"y\": -0.152, \"z\": 1.036, \"ts\": 1776898817.6875083}","reason":"MQTT client not initialized","topic":"sensors/adxl345/raw"},"device":"rpi-9a2f6ea2e358535b","event":"MQTT_PUBLISH_SKIPPED","level":"WARNING","seq":663,"sig":"264c02517852d8db","ts":"2026-04-22T23:00:17.937682+00:00"}
{"category":"NETWORK","details":{"raw_payload":"{\"x\": 0.008, \"y\": -0.148, \"z\": 1.068, \"ts\": 1776898817.6975083}","reason":"MQTT client not initialized","topic":"sensors/adxl345/raw"},"device":"rpi-9a2f6ea2e358535b","event":"MQTT_PUBLISH_SKIPPED","level":"WARNING","seq":664,"sig":"f4e512b183f5ba18","ts":"2026-04-22T23:00:17.937823+00:00"}
{"category":"NETWORK","details":{"raw_payload":"{\"x\": -0.02, \"y\": -0.14, \"z\": 1.056, \"ts\": 1776898817.7075083}","reason":"MQTT client not initialized","topic":"sensors/adxl345/raw"},"device":"rpi-9a2f6ea2e358535b","event":"MQTT_PUBLISH_SKIPPED","level":"WARNING","seq":665,"sig":"6733025ba25abf1d","ts":"2026-04-22T23:00:17.937946+00:00"}
{"category":"NETWORK","details":{"raw_payload":"{\"x\": -0.008, \"y\": -0.164, \"z\": 1.08, \"ts\": 1776898817.7175083}","reason":"MQTT client not initialized","topic":"sensors/adxl345/raw"},"device":"rpi-9a2f6ea2e358535b","event":"MQTT_PUBLISH_SKIPPED","level":"WARNING","seq":666,"sig":"92305b9cc621d973","ts":"2026-04-22T23:00:17.938063+00:00"}
{"category":"NETWORK","details":{"raw_payload":"{\"x\": 0.0, \"y\": -0.168, \"z\": 1.044, \"ts\": 1776898817.7275083}","reason":"MQTT client not initialized","topic":"sensors/adxl345/raw"},"device":"rpi-9a2f6ea2e358535b","event":"MQTT_PUBLISH_SKIPPED","level":"WARNING","seq":667,"sig":"f79f4fb2ebd04290","ts":"2026-04-22T23:00:17.938177+00:00"}
{"category":"NETWORK","details":{"raw_payload":"{\"x\": -0.02, \"y\": -0.168, \"z\": 1.064, \"ts\": 1776898817.7375083}","reason":"MQTT client not initialized","topic":"sensors/adxl345/raw"},"device":"rpi-9a2f6ea2e358535b","event":"MQTT_PUBLISH_SKIPPED","level":"WARNING","seq":668,"sig":"071051d40f196d22","ts":"2026-04-22T23:00:17.938295+00:00"}
{"category":"NETWORK","details":{"raw_payload":"{\"x\": 0.004, \"y\": -0.172, \"z\": 1.04, \"ts\": 1776898817.7475083}","reason":"MQTT client not initialized","topic":"sensors/adxl345/raw"},"device":"rpi-9a2f6ea2e358535b","event":"MQTT_PUBLISH_SKIPPED","level":"WARNING","seq":669,"sig":"f32b62c496e2c180","ts":"2026-04-22T23:00:17.938409+00:00"}
{"category":"NETWORK","details":{"raw_payload":"{\"x\": -0.008, \"y\": -0.148, \"z\": 1.048, \"ts\": 1776898817.7575083}","reason":"MQTT client not initialized","topic":"sensors/adxl345/raw"},"device":"rpi-9a2f6ea2e358535b","event":"MQTT_PUBLISH_SKIPPED","level":"WARNING","seq":670,"sig":"08d59a5a98e9ccee","ts":"2026-04-22T23:00:17.938521+00:00"}
{"category":"NETWORK","details":{"raw_payload":"{\"x\": -0.008, \"y\": -0.14, \"z\": 1.048, \"ts\": 1776898817.7675083}","reason":"MQTT client not initialized","topic":"sensors/adxl345/raw"},"device":"rpi-9a2f6ea2e358535b","event":"MQTT_PUBLISH_SKIPPED","level":"WARNING","seq":671,"sig":"75ca3cdae2470501","ts":"2026-04-22T23:00:17.938634+00:00"}
{"category":"NETWORK","details":{"raw_payload":"{\"x\": -0.016, \"y\": -0.168, \"z\": 1.048, \"ts\": 1776898817.7775083}","reason":"MQTT client not initialized","topic":"sensors/adxl345/raw"},"device":"rpi-9a2f6ea2e358535b","event":"MQTT_PUBLISH_SKIPPED","level":"WARNING","seq":672,"sig":"7a24d403e51f8c04","ts":"2026-04-22T23:00:17.938744+00:00"}
{"category":"NETWORK","details":{"raw_payload":"{\"x\": -0.028, \"y\": -0.16, \"z\": 1.048, \"ts\": 1776898817.7875082}","reason":"MQTT client not initialized","topic":"sensors/adxl345/raw"},"device":"rpi-9a2f6ea2e358535b","event":"MQTT_PUBLISH_SKIPPED","level":"WARNING","seq":673,"sig":"5d554945648f689f","ts":"2026-04-22T23:00:17.938856+00:00"}
{"category":"NETWORK","details":{"raw_payload":"{\"x\": -0.008, \"y\": -0.148, \"z\": 1.044, \"ts\": 1776898817.7975082}","reason":"MQTT client not initialized","topic":"sensors/adxl345/raw"},"device":"rpi-9a2f6ea2e358535b","event":"MQTT_PUBLISH_SKIPPED","level":"WARNING","seq":674,"sig":"0a798a0bcf9b54da","ts":"2026-04-22T23:00:17.938967+00:00"}
{"category":"NETWORK","details":{"raw_payload":"{\"x\": -0.008, \"y\": -0.152, \"z\": 1.056, \"ts\": 1776898817.8075082}","reason":"MQTT client not initialized","topic":"sensors/adxl345/raw"},"device":"rpi-9a2f6ea2e358535b","event":"MQTT_PUBLISH_SKIPPED","level":"WARNING","seq":675,"sig":"f4c0f9af2c65a4f8","ts":"2026-04-22T23:00:17.939076+00:00"}
{"category":"NETWORK","details":{"raw_payload":"{\"x\": 0.0, \"y\": -0.16, \"z\": 1.06, \"ts\": 1776898817.8175085}","reason":"MQTT client not initialized","topic":"sensors/adxl345/raw"},"device":"rpi-9a2f6ea2e358535b","event":"MQTT_PUBLISH_SKIPPED","level":"WARNING","seq":676,"sig":"6051df69dc57ab17","ts":"2026-04-22T23:00:17.939184+00:00"}
{"category":"NETWORK","details":{"raw_payload":"{\"x\": -0.008, \"y\": -0.156, \"z\": 1.052, \"ts\": 1776898817.8275084}","reason":"MQTT client not initialized","topic":"sensors/adxl345/raw"},"device":"rpi-9a2f6ea2e358535b","event":"MQTT_PUBLISH_SKIPPED","level":"WARNING","seq":677,"sig":"6f4ed4cb5a393d3a","ts":"2026-04-22T23:00:17.939292+00:00"}
{"category":"NETWORK","details":{"raw_payload":"{\"x\": -0.012, \"y\": -0.164, \"z\": 1.056, \"ts\": 1776898817.8375084}","reason":"MQTT client not initialized","topic":"sensors/adxl345/raw"},"device":"rpi-9a2f6ea2e358535b","event":"MQTT_PUBLISH_SKIPPED","level":"WARNING","seq":678,"sig":"e3281aeb75cd5b85","ts":"2026-04-22T23:00:17.939401+00:00"}
{"category":"NETWORK","details":{"raw_payload":"{\"x\": -0.008, \"y\": -0.168, \"z\": 1.048, \"ts\": 1776898817.8475084}","reason":"MQTT client not initialized","topic":"sensors/adxl345/raw"},"device":"rpi-9a2f6ea2e358535b","event":"MQTT_PUBLISH_SKIPPED","level":"WARNING","seq":679,"sig":"9bad150e4df0c310","ts":"2026-04-22T23:00:17.939510+00:00"}
{"category":"NETWORK","details":{"raw_payload":"{\"x\": 0.0, \"y\": -0.16, \"z\": 1.056, \"ts\": 1776898817.8575084}","reason":"MQTT client not initialized","topic":"sensors/adxl345/raw"},"device":"rpi-9a2f6ea2e358535b","event":"MQTT_PUBLISH_SKIPPED","level":"WARNING","seq":680,"sig":"cdd963ff9a2c3c79","ts":"2026-04-22T23:00:17.939624+00:00"}
{"category":"NETWORK","details":{"raw_payload":"{\"x\": -0.008, \"y\": -0.152, \"z\": 1.052, \"ts\": 1776898817.8675084}","reason":"MQTT client not initialized","topic":"sensors/adxl345/raw"},"device":"rpi-9a2f6ea2e358535b","event":"MQTT_PUBLISH_SKIPPED","level":"WARNING","seq":681,"sig":"2f448dff8fa298dc","ts":"2026-04-22T23:00:17.939734+00:00"}
{"category":"NETWORK","details":{"raw_payload":"{\"x\": -0.012, \"y\": -0.144, \"z\": 1.044, \"ts\": 1776898817.8775084}","reason":"MQTT client not initialized","topic":"sensors/adxl345/raw"},"device":"rpi-9a2f6ea2e358535b","event":"MQTT_PUBLISH_SKIPPED","level":"WARNING","seq":682,"sig":"e8a5e516efe2c34c","ts":"2026-04-22T23:00:17.939843+00:00"}
{"category":"NETWORK","details":{"raw_payload":"{\"x\": 0.0, \"y\": -0.18, \"z\": 1.06, \"ts\": 1776898817.8875084}","reason":"MQTT client not initialized","topic":"sensors/adxl345/raw"},"device":"rpi-9a2f6ea2e358535b","event":"MQTT_PUBLISH_SKIPPED","level":"WARNING","seq":683,"sig":"6e741d92d23c11f9","ts":"2026-04-22T23:00:17.939954+00:00"}
{"category":"NETWORK","details":{"raw_payload":"{\"x\": -0.004, \"y\": -0.164, \"z\": 1.052, \"ts\": 1776898817.8975084}","reason":"MQTT client not initialized","topic":"sensors/adxl345/raw"},"device":"rpi-9a2f6ea2e358535b","event":"MQTT_PUBLISH_SKIPPED","level":"WARNING","seq":684,"sig":"f04f0e7096de3fa0","ts":"2026-04-22T23:00:17.940063+00:00"}
{"category":"NETWORK","details":{"raw_payload":"{\"x\": -0.012, \"y\": -0.148, \"z\": 1.056, \"ts\": 1776898817.9075084}","reason":"MQTT client not initialized","topic":"sensors/adxl345/raw"},"device":"rpi-9a2f6ea2e358535b","event":"MQTT_PUBLISH_SKIPPED","level":"WARNING","seq":685,"sig":"f775aad3735c4549","ts":"2026-04-22T23:00:17.940174+00:00"}
{"category":"NETWORK","details":{"raw_payload":"{\"x\": -0.012, \"y\": -0.16, \"z\": 1.044, \"ts\": 1776898817.9175084}","reason":"MQTT client not initialized","topic":"sensors/adxl345/raw"},"device":"rpi-9a2f6ea2e358535b","event":"MQTT_PUBLISH_SKIPPED","level":"WARNING","seq":686,"sig":"761abb6310d1dfd8","ts":"2026-04-22T23:00:17.940282+00:00"}
{"category":"NETWORK","details":{"raw_payload":"{\"x\": -0.008, \"y\": -0.18, \"z\": 1.044, \"ts\": 1776898817.9275084}","reason":"MQTT client not initialized","topic":"sensors/adxl345/raw"},"device":"rpi-9a2f6ea2e358535b","event":"MQTT_PUBLISH_SKIPPED","level":"WARNING","seq":687,"sig":"4551c722237f4be3","ts":"2026-04-22T23:00:17.940391+00:00"}
{"category":"DATA","details":{"band_hz":[3.0,8.0],"batch_ts":1776898817.9375,"x_peak_g":0.00206,"x_peak_hz":4.0,"y_peak_g":0.00288,"y_peak_hz":7.0,"z_peak_g":0.003498,"z_peak_hz":8.0},"device":"rpi-9a2f6ea2e358535b","event":"FFT_RESULT","level":"INFO","seq":688,"sig":"8c4eae868c4a413f","ts":"2026-04-22T23:00:17.940910+00:00"}
{"category":"NETWORK","details":{"fft_payload":"{\"fft\": {\"band_hz\": [3.0, 8.0], \"x\": {\"peak_hz\": 4.0, \"peak_amp_g\": 0.00206, \"mean_amp_g\": 0.001449}, \"y\": {\"peak_hz\": 7.0, \"peak_amp_g\": 0.00288, \"mean_amp_g\": 0.001451}, \"z\": {\"peak_hz\": 8.0, \"peak_amp_g\": 0.003498, \"mean_amp_g\": 0.002174}}, \"ts\": 1776898817.9375083}","reason":"MQTT client not initialized","topic":"sensors/adxl345/fft"},"device":"rpi-9a2f6ea2e358535b","event":"MQTT_PUBLISH_SKIPPED","level":"WARNING","seq":689,"sig":"4e3823516b1b42d0","ts":"2026-04-22T23:00:17.941079+00:00"}
{"category":"SENSOR","details":{"batch_ts":1776898818.1875,"sample_count":25},"device":"rpi-9a2f6ea2e358535b","event":"FIFO_READ","level":"INFO","seq":690,"sig":"807b503689197bb1","ts":"2026-04-22T23:00:18.187503+00:00"}
{"category":"NETWORK","details":{"raw_payload":"{\"x\": -0.032, \"y\": -0.152, \"z\": 1.04, \"ts\": 1776898817.9374957}","reason":"MQTT client not initialized","topic":"sensors/adxl345/raw"},"device":"rpi-9a2f6ea2e358535b","event":"MQTT_PUBLISH_SKIPPED","level":"WARNING","seq":691,"sig":"383021ed31aa32c7","ts":"2026-04-22T23:00:18.187693+00:00"}
{"category":"NETWORK","details":{"raw_payload":"{\"x\": -0.012, \"y\": -0.144, \"z\": 1.044, \"ts\": 1776898817.9474957}","reason":"MQTT client not initialized","topic":"sensors/adxl345/raw"},"device":"rpi-9a2f6ea2e358535b","event":"MQTT_PUBLISH_SKIPPED","level":"WARNING","seq":692,"sig":"882710bda596cd2e","ts":"2026-04-22T23:00:18.187866+00:00"}
{"category":"NETWORK","details":{"raw_payload":"{\"x\": -0.028, \"y\": -0.144, \"z\": 1.028, \"ts\": 1776898817.9574957}","reason":"MQTT client not initialized","topic":"sensors/adxl345/raw"},"device":"rpi-9a2f6ea2e358535b","event":"MQTT_PUBLISH_SKIPPED","level":"WARNING","seq":693,"sig":"3391d834fd0e74fa","ts":"2026-04-22T23:00:18.188000+00:00"}
{"category":"NETWORK","details":{"raw_payload":"{\"x\": -0.012, \"y\": -0.176, \"z\": 1.072, \"ts\": 1776898817.9674957}","reason":"MQTT client not initialized","topic":"sensors/adxl345/raw"},"device":"rpi-9a2f6ea2e358535b","event":"MQTT_PUBLISH_SKIPPED","level":"WARNING","seq":694,"sig":"8324ca87eaada9be","ts":"2026-04-22T23:00:18.188121+00:00"}
{"category":"NETWORK","details":{"raw_payload":"{\"x\": -0.024, \"y\": -0.16, \"z\": 1.04, \"ts\": 1776898817.9774957}","reason":"MQTT client not initialized","topic":"sensors/adxl345/raw"},"device":"rpi-9a2f6ea2e358535b","event":"MQTT_PUBLISH_SKIPPED","level":"WARNING","seq":695,"sig":"582a5791684b86ab","ts":"2026-04-22T23:00:18.188238+00:00"}
{"category":"NETWORK","details":{"raw_payload":"{\"x\": -0.008, \"y\": -0.164, \"z\": 1.06, \"ts\": 1776898817.9874957}","reason":"MQTT client not initialized","topic":"sensors/adxl345/raw"},"device":"rpi-9a2f6ea2e358535b","event":"MQTT_PUBLISH_SKIPPED","level":"WARNING","seq":696,"sig":"ea0c48b48d7901ee","ts":"2026-04-22T23:00:18.188350+00:00"}
{"category":"NETWORK","details":{"raw_payload":"{\"x\": 0.0, \"y\": -0.14, \"z\": 1.06, \"ts\": 1776898817.9974957}","reason":"MQTT client not initialized","topic":"sensors/adxl345/raw"},"device":"rpi-9a2f6ea2e358535b","event":"MQTT_PUBLISH_SKIPPED","level":"WARNING","seq":697,"sig":"972c731bdbd6563f","ts":"2026-04-22T23:00:18.188462+00:00"}
{"category":"NETWORK","details":{"raw_payload":"{\"x\": -0.004, \"y\": -0.16, \"z\": 1.044, \"ts\": 1776898818.0074956}","reason":"MQTT client not initialized","topic":"sensors/adxl345/raw"},"device":"rpi-9a2f6ea2e358535b","event":"MQTT_PUBLISH_SKIPPED","level":"WARNING","seq":698,"sig":"6c3c97cfce588af8","ts":"2026-04-22T23:00:18.188570+00:00"}
{"category":"NETWORK","details":{"raw_payload":"{\"x\": -0.012, \"y\": -0.16, \"z\": 1.04, \"ts\": 1776898818.0174956}","reason":"MQTT client not initialized","topic":"sensors/adxl345/raw"},"device":"rpi-9a2f6ea2e358535b","event":"MQTT_PUBLISH_SKIPPED","level":"WARNING","seq":699,"sig":"24c88ebdd963c948","ts":"2026-04-22T23:00:18.188701+00:00"}
{"category":"NETWORK","details":{"raw_payload":"{\"x\": -0.024, \"y\": -0.156, \"z\": 1.056, \"ts\": 1776898818.0274956}","reason":"MQTT client not initialized","topic":"sensors/adxl345/raw"},"device":"rpi-9a2f6ea2e358535b","event":"MQTT_PUBLISH_SKIPPED","level":"WARNING","seq":700,"sig":"1dc2ae9f58ddcf1f","ts":"2026-04-22T23:00:18.188818+00:00"}
{"category":"NETWORK","details":{"raw_payload":"{\"x\": -0.008, \"y\": -0.172, \"z\": 1.052, \"ts\": 1776898818.0374956}","reason":"MQTT client not initialized","topic":"sensors/adxl345/raw"},"device":"rpi-9a2f6ea2e358535b","event":"MQTT_PUBLISH_SKIPPED","level":"WARNING","seq":701,"sig":"9e6387716ab9f47f","ts":"2026-04-22T23:00:18.188927+00:00"}
{"category":"NETWORK","details":{"raw_payload":"{\"x\": -0.016, \"y\": -0.144, \"z\": 1.044, \"ts\": 1776898818.0474956}","reason":"MQTT client not initialized","topic":"sensors/adxl345/raw"},"device":"rpi-9a2f6ea2e358535b","event":"MQTT_PUBLISH_SKIPPED","level":"WARNING","seq":702,"sig":"5aa2e294a5b131ba","ts":"2026-04-22T23:00:18.189034+00:00"}
{"category":"NETWORK","details":{"raw_payload":"{\"x\": -0.016, \"y\": -0.164, \"z\": 1.072, \"ts\": 1776898818.0574956}","reason":"MQTT client not initialized","topic":"sensors/adxl345/raw"},"device":"rpi-9a2f6ea2e358535b","event":"MQTT_PUBLISH_SKIPPED","level":"WARNING","seq":703,"sig":"242974925119976c","ts":"2026-04-22T23:00:18.189147+00:00"}
{"category":"NETWORK","details":{"raw_payload":"{\"x\": -0.004, \"y\": -0.164, \"z\": 1.056, \"ts\": 1776898818.0674958}","reason":"MQTT client not initialized","topic":"sensors/adxl345/raw"},"device":"rpi-9a2f6ea2e358535b","event":"MQTT_PUBLISH_SKIPPED","level":"WARNING","seq":704,"sig":"75772a0531faced9","ts":"2026-04-22T23:00:18.189254+00:00"}
{"category":"NETWORK","details":{"raw_payload":"{\"x\": -0.02, \"y\": -0.156, \"z\": 1.056, \"ts\": 1776898818.0774958}","reason":"MQTT client not initialized","topic":"sensors/adxl345/raw"},"device":"rpi-9a2f6ea2e358535b","event":"MQTT_PUBLISH_SKIPPED","level":"WARNING","seq":705,"sig":"af07ff8433175ba3","ts":"2026-04-22T23:00:18.189360+00:00"}
{"category":"NETWORK","details":{"raw_payload":"{\"x\": -0.012, \"y\": -0.172, \"z\": 1.044, \"ts\": 1776898818.0874958}","reason":"MQTT client not initialized","topic":"sensors/adxl345/raw"},"device":"rpi-9a2f6ea2e358535b","event":"MQTT_PUBLISH_SKIPPED","level":"WARNING","seq":706,"sig":"527763958cffc7de","ts":"2026-04-22T23:00:18.189465+00:00"}
{"category":"NETWORK","details":{"raw_payload":"{\"x\": -0.012, \"y\": -0.164, \"z\": 1.06, \"ts\": 1776898818.0974958}","reason":"MQTT client not initialized","topic":"sensors/adxl345/raw"},"device":"rpi-9a2f6ea2e358535b","event":"MQTT_PUBLISH_SKIPPED","level":"WARNING","seq":707,"sig":"5e19a5dacf31d18e","ts":"2026-04-22T23:00:18.189570+00:00"}
{"category":"NETWORK","details":{"raw_payload":"{\"x\": -0.012, \"y\": -0.148, \"z\": 1.048, \"ts\": 1776898818.1074958}","reason":"MQTT client not initialized","topic":"sensors/adxl345/raw"},"device":"rpi-9a2f6ea2e358535b","event":"MQTT_PUBLISH_SKIPPED","level":"WARNING","seq":708,"sig":"27ec2cb0fa04ea8c","ts":"2026-04-22T23:00:18.189676+00:00"}
{"category":"NETWORK","details":{"raw_payload":"{\"x\": -0.008, \"y\": -0.172, \"z\": 1.06, \"ts\": 1776898818.1174958}","reason":"MQTT client not initialized","topic":"sensors/adxl345/raw"},"device":"rpi-9a2f6ea2e358535b","event":"MQTT_PUBLISH_SKIPPED","level":"WARNING","seq":709,"sig":"576a3101f65d2a26","ts":"2026-04-22T23:00:18.189780+00:00"}
{"category":"NETWORK","details":{"raw_payload":"{\"x\": -0.008, \"y\": -0.168, \"z\": 1.052, \"ts\": 1776898818.1274958}","reason":"MQTT client not initialized","topic":"sensors/adxl345/raw"},"device":"rpi-9a2f6ea2e358535b","event":"MQTT_PUBLISH_SKIPPED","level":"WARNING","seq":710,"sig":"d8fd5bc9b5025d90","ts":"2026-04-22T23:00:18.189885+00:00"}
{"category":"NETWORK","details":{"raw_payload":"{\"x\": -0.008, \"y\": -0.168, \"z\": 1.04, \"ts\": 1776898818.1374958}","reason":"MQTT client not initialized","topic":"sensors/adxl345/raw"},"device":"rpi-9a2f6ea2e358535b","event":"MQTT_PUBLISH_SKIPPED","level":"WARNING","seq":711,"sig":"082bd359e7670c2a","ts":"2026-04-22T23:00:18.189988+00:00"}
{"category":"NETWORK","details":{"raw_payload":"{\"x\": -0.016, \"y\": -0.16, \"z\": 1.064, \"ts\": 1776898818.1474957}","reason":"MQTT client not initialized","topic":"sensors/adxl345/raw"},"device":"rpi-9a2f6ea2e358535b","event":"MQTT_PUBLISH_SKIPPED","level":"WARNING","seq":712,"sig":"1ae3e1a58e18066e","ts":"2026-04-22T23:00:18.190093+00:00"}
{"category":"NETWORK","details":{"raw_payload":"{\"x\": -0.016, \"y\": -0.152, \"z\": 1.048, \"ts\": 1776898818.1574957}","reason":"MQTT client not initialized","topic":"sensors/adxl345/raw"},"device":"rpi-9a2f6ea2e358535b","event":"MQTT_PUBLISH_SKIPPED","level":"WARNING","seq":713,"sig":"240709497c9731b3","ts":"2026-04-22T23:00:18.190197+00:00"}
{"category":"NETWORK","details":{"raw_payload":"{\"x\": -0.028, \"y\": -0.168, \"z\": 1.052, \"ts\": 1776898818.1674957}","reason":"MQTT client not initialized","topic":"sensors/adxl345/raw"},"device":"rpi-9a2f6ea2e358535b","event":"MQTT_PUBLISH_SKIPPED","level":"WARNING","seq":714,"sig":"b69e1f58cfdc4b3a","ts":"2026-04-22T23:00:18.190302+00:00"}
{"category":"NETWORK","details":{"raw_payload":"{\"x\": -0.024, \"y\": -0.152, \"z\": 1.048, \"ts\": 1776898818.1774957}","reason":"MQTT client not initialized","topic":"sensors/adxl345/raw"},"device":"rpi-9a2f6ea2e358535b","event":"MQTT_PUBLISH_SKIPPED","level":"WARNING","seq":715,"sig":"073ea4364cf1023d","ts":"2026-04-22T23:00:18.190408+00:00"}
{"category":"SENSOR","details":{"batch_ts":1776898818.4366,"sample_count":24},"device":"rpi-9a2f6ea2e358535b","event":"FIFO_READ","level":"INFO","seq":716,"sig":"f10490c741d8517a","ts":"2026-04-22T23:00:18.436652+00:00"}
{"category":"NETWORK","details":{"raw_payload":"{\"x\": -0.008, \"y\": -0.156, \"z\": 1.052, \"ts\": 1776898818.196642}","reason":"MQTT client not initialized","topic":"sensors/adxl345/raw"},"device":"rpi-9a2f6ea2e358535b","event":"MQTT_PUBLISH_SKIPPED","level":"WARNING","seq":717,"sig":"210fb82ff0f51130","ts":"2026-04-22T23:00:18.436872+00:00"}
{"category":"NETWORK","details":{"raw_payload":"{\"x\": 0.0, \"y\": -0.132, \"z\": 1.056, \"ts\": 1776898818.206642}","reason":"MQTT client not initialized","topic":"sensors/adxl345/raw"},"device":"rpi-9a2f6ea2e358535b","event":"MQTT_PUBLISH_SKIPPED","level":"WARNING","seq":718,"sig":"831153333a79257f","ts":"2026-04-22T23:00:18.437017+00:00"}
{"category":"NETWORK","details":{"raw_payload":"{\"x\": -0.008, \"y\": -0.132, \"z\": 1.052, \"ts\": 1776898818.216642}","reason":"MQTT client not initialized","topic":"sensors/adxl345/raw"},"device":"rpi-9a2f6ea2e358535b","event":"MQTT_PUBLISH_SKIPPED","level":"WARNING","seq":719,"sig":"f1233875aa77f089","ts":"2026-04-22T23:00:18.437143+00:00"}
{"category":"NETWORK","details":{"raw_payload":"{\"x\": -0.024, \"y\": -0.14, \"z\": 1.06, \"ts\": 1776898818.226642}","reason":"MQTT client not initialized","topic":"sensors/adxl345/raw"},"device":"rpi-9a2f6ea2e358535b","event":"MQTT_PUBLISH_SKIPPED","level":"WARNING","seq":720,"sig":"5f8c69a3860f5eaa","ts":"2026-04-22T23:00:18.437261+00:00"}
{"category":"NETWORK","details":{"raw_payload":"{\"x\": -0.024, \"y\": -0.16, \"z\": 1.048, \"ts\": 1776898818.236642}","reason":"MQTT client not initialized","topic":"sensors/adxl345/raw"},"device":"rpi-9a2f6ea2e358535b","event":"MQTT_PUBLISH_SKIPPED","level":"WARNING","seq":721,"sig":"36a5524f0f96232b","ts":"2026-04-22T23:00:18.437372+00:00"}
{"category":"NETWORK","details":{"raw_payload":"{\"x\": -0.004, \"y\": -0.156, \"z\": 1.076, \"ts\": 1776898818.2466419}","reason":"MQTT client not initialized","topic":"sensors/adxl345/raw"},"device":"rpi-9a2f6ea2e358535b","event":"MQTT_PUBLISH_SKIPPED","level":"WARNING","seq":722,"sig":"2c2f6d7ae9fe6f4e","ts":"2026-04-22T23:00:18.437480+00:00"}
{"category":"NETWORK","details":{"raw_payload":"{\"x\": -0.012, \"y\": -0.164, \"z\": 1.04, \"ts\": 1776898818.2566419}","reason":"MQTT client not initialized","topic":"sensors/adxl345/raw"},"device":"rpi-9a2f6ea2e358535b","event":"MQTT_PUBLISH_SKIPPED","level":"WARNING","seq":723,"sig":"1e37faec71130fcd","ts":"2026-04-22T23:00:18.437587+00:00"}
{"category":"NETWORK","details":{"raw_payload":"{\"x\": -0.012, \"y\": -0.156, \"z\": 1.04, \"ts\": 1776898818.2666419}","reason":"MQTT client not initialized","topic":"sensors/adxl345/raw"},"device":"rpi-9a2f6ea2e358535b","event":"MQTT_PUBLISH_SKIPPED","level":"WARNING","seq":724,"sig":"bdb0a739646516af","ts":"2026-04-22T23:00:18.437694+00:00"}
{"category":"NETWORK","details":{"raw_payload":"{\"x\": -0.008, \"y\": -0.16, \"z\": 1.06, \"ts\": 1776898818.2766418}","reason":"MQTT client not initialized","topic":"sensors/adxl345/raw"},"device":"rpi-9a2f6ea2e358535b","event":"MQTT_PUBLISH_SKIPPED","level":"WARNING","seq":725,"sig":"cd2a9484099d8e85","ts":"2026-04-22T23:00:18.437803+00:00"}
{"category":"NETWORK","details":{"raw_payload":"{\"x\": -0.02, \"y\": -0.156, \"z\": 1.052, \"ts\": 1776898818.2866418}","reason":"MQTT client not initialized","topic":"sensors/adxl345/raw"},"device":"rpi-9a2f6ea2e358535b","event":"MQTT_PUBLISH_SKIPPED","level":"WARNING","seq":726,"sig":"88f6806c9cc0ecc3","ts":"2026-04-22T23:00:18.437912+00:00"}
{"category":"NETWORK","details":{"raw_payload":"{\"x\": -0.012, \"y\": -0.16, \"z\": 1.036, \"ts\": 1776898818.2966418}","reason":"MQTT client not initialized","topic":"sensors/adxl345/raw"},"device":"rpi-9a2f6ea2e358535b","event":"MQTT_PUBLISH_SKIPPED","level":"WARNING","seq":727,"sig":"2c6da844520f1b40","ts":"2026-04-22T23:00:18.438025+00:00"}
{"category":"NETWORK","details":{"raw_payload":"{\"x\": -0.02, \"y\": -0.156, \"z\": 1.052, \"ts\": 1776898818.3066418}","reason":"MQTT client not initialized","topic":"sensors/adxl345/raw"},"device":"rpi-9a2f6ea2e358535b","event":"MQTT_PUBLISH_SKIPPED","level":"WARNING","seq":728,"sig":"e121b817aa7bd4ca","ts":"2026-04-22T23:00:18.438133+00:00"}
{"category":"NETWORK","details":{"raw_payload":"{\"x\": -0.012, \"y\": -0.164, \"z\": 1.06, \"ts\": 1776898818.316642}","reason":"MQTT client not initialized","topic":"sensors/adxl345/raw"},"device":"rpi-9a2f6ea2e358535b","event":"MQTT_PUBLISH_SKIPPED","level":"WARNING","seq":729,"sig":"e6b1f1284feb4f3f","ts":"2026-04-22T23:00:18.438241+00:00"}
{"category":"NETWORK","details":{"raw_payload":"{\"x\": -0.012, \"y\": -0.164, \"z\": 1.052, \"ts\": 1776898818.326642}","reason":"MQTT client not initialized","topic":"sensors/adxl345/raw"},"device":"rpi-9a2f6ea2e358535b","event":"MQTT_PUBLISH_SKIPPED","level":"WARNING","seq":730,"sig":"b8460f2baed0f533","ts":"2026-04-22T23:00:18.438348+00:00"}
{"category":"NETWORK","details":{"raw_payload":"{\"x\": -0.008, \"y\": -0.168, \"z\": 1.044, \"ts\": 1776898818.336642}","reason":"MQTT client not initialized","topic":"sensors/adxl345/raw"},"device":"rpi-9a2f6ea2e358535b","event":"MQTT_PUBLISH_SKIPPED","level":"WARNING","seq":731,"sig":"1c00d280bbffa865","ts":"2026-04-22T23:00:18.438452+00:00"}
{"category":"NETWORK","details":{"raw_payload":"{\"x\": -0.012, \"y\": -0.148, \"z\": 1.04, \"ts\": 1776898818.346642}","reason":"MQTT client not initialized","topic":"sensors/adxl345/raw"},"device":"rpi-9a2f6ea2e358535b","event":"MQTT_PUBLISH_SKIPPED","level":"WARNING","seq":732,"sig":"75e0ac9c1be8c5bf","ts":"2026-04-22T23:00:18.438556+00:00"}
{"category":"NETWORK","details":{"raw_payload":"{\"x\": -0.004, \"y\": -0.156, \"z\": 1.06, \"ts\": 1776898818.356642}","reason":"MQTT client not initialized","topic":"sensors/adxl345/raw"},"device":"rpi-9a2f6ea2e358535b","event":"MQTT_PUBLISH_SKIPPED","level":"WARNING","seq":733,"sig":"18f9637d79c80f34","ts":"2026-04-22T23:00:18.438659+00:00"}
{"category":"NETWORK","details":{"raw_payload":"{\"x\": -0.004, \"y\": -0.156, \"z\": 1.056, \"ts\": 1776898818.366642}","reason":"MQTT client not initialized","topic":"sensors/adxl345/raw"},"device":"rpi-9a2f6ea2e358535b","event":"MQTT_PUBLISH_SKIPPED","level":"WARNING","seq":734,"sig":"3234b1e133824758","ts":"2026-04-22T23:00:18.438764+00:00"}
{"category":"NETWORK","details":{"raw_payload":"{\"x\": -0.016, \"y\": -0.164, \"z\": 1.064, \"ts\": 1776898818.376642}","reason":"MQTT client not initialized","topic":"sensors/adxl345/raw"},"device":"rpi-9a2f6ea2e358535b","event":"MQTT_PUBLISH_SKIPPED","level":"WARNING","seq":735,"sig":"06bc84a614173b57","ts":"2026-04-22T23:00:18.438869+00:00"}
{"category":"NETWORK","details":{"raw_payload":"{\"x\": -0.016, \"y\": -0.16, \"z\": 1.044, \"ts\": 1776898818.386642}","reason":"MQTT client not initialized","topic":"sensors/adxl345/raw"},"device":"rpi-9a2f6ea2e358535b","event":"MQTT_PUBLISH_SKIPPED","level":"WARNING","seq":736,"sig":"3f55f3095463b17a","ts":"2026-04-22T23:00:18.438975+00:00"}
{"category":"NETWORK","details":{"raw_payload":"{\"x\": 0.004, \"y\": -0.168, \"z\": 1.032, \"ts\": 1776898818.396642}","reason":"MQTT client not initialized","topic":"sensors/adxl345/raw"},"device":"rpi-9a2f6ea2e358535b","event":"MQTT_PUBLISH_SKIPPED","level":"WARNING","seq":737,"sig":"79d2ad7b3d5c011c","ts":"2026-04-22T23:00:18.439080+00:00"}
{"category":"NETWORK","details":{"raw_payload":"{\"x\": -0.004, \"y\": -0.152, \"z\": 1.056, \"ts\": 1776898818.406642}","reason":"MQTT client not initialized","topic":"sensors/adxl345/raw"},"device":"rpi-9a2f6ea2e358535b","event":"MQTT_PUBLISH_SKIPPED","level":"WARNING","seq":738,"sig":"76aba4e3f931223e","ts":"2026-04-22T23:00:18.439187+00:00"}
{"category":"NETWORK","details":{"raw_payload":"{\"x\": -0.004, \"y\": -0.156, \"z\": 1.04, \"ts\": 1776898818.416642}","reason":"MQTT client not initialized","topic":"sensors/adxl345/raw"},"device":"rpi-9a2f6ea2e358535b","event":"MQTT_PUBLISH_SKIPPED","level":"WARNING","seq":739,"sig":"7dca8a4dce422674","ts":"2026-04-22T23:00:18.439307+00:00"}
{"category":"NETWORK","details":{"raw_payload":"{\"x\": -0.008, \"y\": -0.148, \"z\": 1.048, \"ts\": 1776898818.426642}","reason":"MQTT client not initialized","topic":"sensors/adxl345/raw"},"device":"rpi-9a2f6ea2e358535b","event":"MQTT_PUBLISH_SKIPPED","level":"WARNING","seq":740,"sig":"6bc730fd81c216b2","ts":"2026-04-22T23:00:18.439416+00:00"}
{"category":"SENSOR","details":{"batch_ts":1776898818.6875,"sample_count":25},"device":"rpi-9a2f6ea2e358535b","event":"FIFO_READ","level":"INFO","seq":741,"sig":"cc1aaf18a5817c44","ts":"2026-04-22T23:00:18.687512+00:00"}
{"category":"NETWORK","details":{"raw_payload":"{\"x\": -0.024, \"y\": -0.14, \"z\": 1.052, \"ts\": 1776898818.4375052}","reason":"MQTT client not initialized","topic":"sensors/adxl345/raw"},"device":"rpi-9a2f6ea2e358535b","event":"MQTT_PUBLISH_SKIPPED","level":"WARNING","seq":742,"sig":"92dcb209e17a5218","ts":"2026-04-22T23:00:18.687705+00:00"}
{"category":"NETWORK","details":{"raw_payload":"{\"x\": -0.02, \"y\": -0.172, \"z\": 1.052, \"ts\": 1776898818.4475052}","reason":"MQTT client not initialized","topic":"sensors/adxl345/raw"},"device":"rpi-9a2f6ea2e358535b","event":"MQTT_PUBLISH_SKIPPED","level":"WARNING","seq":743,"sig":"78a70d40c7955db9","ts":"2026-04-22T23:00:18.687850+00:00"}
{"category":"NETWORK","details":{"raw_payload":"{\"x\": 0.008, \"y\": -0.152, \"z\": 1.06, \"ts\": 1776898818.4575052}","reason":"MQTT client not initialized","topic":"sensors/adxl345/raw"},"device":"rpi-9a2f6ea2e358535b","event":"MQTT_PUBLISH_SKIPPED","level":"WARNING","seq":744,"sig":"68d4f5c1da938992","ts":"2026-04-22T23:00:18.687975+00:00"}
{"category":"NETWORK","details":{"raw_payload":"{\"x\": -0.008, \"y\": -0.152, \"z\": 1.064, \"ts\": 1776898818.4675052}","reason":"MQTT client not initialized","topic":"sensors/adxl345/raw"},"device":"rpi-9a2f6ea2e358535b","event":"MQTT_PUBLISH_SKIPPED","level":"WARNING","seq":745,"sig":"c058941cfde8a77e","ts":"2026-04-22T23:00:18.688090+00:00"}
{"category":"NETWORK","details":{"raw_payload":"{\"x\": -0.008, \"y\": -0.164, \"z\": 1.052, \"ts\": 1776898818.4775052}","reason":"MQTT client not initialized","topic":"sensors/adxl345/raw"},"device":"rpi-9a2f6ea2e358535b","event":"MQTT_PUBLISH_SKIPPED","level":"WARNING","seq":746,"sig":"b34ca64f03d5f75c","ts":"2026-04-22T23:00:18.688202+00:00"}
{"category":"NETWORK","details":{"raw_payload":"{\"x\": 0.0, \"y\": -0.16, \"z\": 1.024, \"ts\": 1776898818.4875052}","reason":"MQTT client not initialized","topic":"sensors/adxl345/raw"},"device":"rpi-9a2f6ea2e358535b","event":"MQTT_PUBLISH_SKIPPED","level":"WARNING","seq":747,"sig":"381403ac20cb0973","ts":"2026-04-22T23:00:18.688311+00:00"}
{"category":"NETWORK","details":{"raw_payload":"{\"x\": -0.016, \"y\": -0.164, \"z\": 1.052, \"ts\": 1776898818.4975052}","reason":"MQTT client not initialized","topic":"sensors/adxl345/raw"},"device":"rpi-9a2f6ea2e358535b","event":"MQTT_PUBLISH_SKIPPED","level":"WARNING","seq":748,"sig":"a9950b3bd1b1f63a","ts":"2026-04-22T23:00:18.688419+00:00"}
{"category":"NETWORK","details":{"raw_payload":"{\"x\": -0.02, \"y\": -0.152, \"z\": 1.032, \"ts\": 1776898818.5075052}","reason":"MQTT client not initialized","topic":"sensors/adxl345/raw"},"device":"rpi-9a2f6ea2e358535b","event":"MQTT_PUBLISH_SKIPPED","level":"WARNING","seq":749,"sig":"2377fed88e6fed3b","ts":"2026-04-22T23:00:18.688526+00:00"}
{"category":"NETWORK","details":{"raw_payload":"{\"x\": -0.016, \"y\": -0.148, \"z\": 1.044, \"ts\": 1776898818.5175052}","reason":"MQTT client not initialized","topic":"sensors/adxl345/raw"},"device":"rpi-9a2f6ea2e358535b","event":"MQTT_PUBLISH_SKIPPED","level":"WARNING","seq":750,"sig":"a77b6cd3b5eed22c","ts":"2026-04-22T23:00:18.688647+00:00"}
{"category":"NETWORK","details":{"raw_payload":"{\"x\": -0.02, \"y\": -0.156, \"z\": 1.052, \"ts\": 1776898818.5275052}","reason":"MQTT client not initialized","topic":"sensors/adxl345/raw"},"device":"rpi-9a2f6ea2e358535b","event":"MQTT_PUBLISH_SKIPPED","level":"WARNING","seq":751,"sig":"e67bc5c451d5f51a","ts":"2026-04-22T23:00:18.688779+00:00"}
{"category":"NETWORK","details":{"raw_payload":"{\"x\": -0.004, \"y\": -0.144, \"z\": 1.048, \"ts\": 1776898818.5375051}","reason":"MQTT client not initialized","topic":"sensors/adxl345/raw"},"device":"rpi-9a2f6ea2e358535b","event":"MQTT_PUBLISH_SKIPPED","level":"WARNING","seq":752,"sig":"4fd60fa4e8939999","ts":"2026-04-22T23:00:18.688892+00:00"}
{"category":"NETWORK","details":{"raw_payload":"{\"x\": -0.02, \"y\": -0.148, \"z\": 1.052, \"ts\": 1776898818.5475051}","reason":"MQTT client not initialized","topic":"sensors/adxl345/raw"},"device":"rpi-9a2f6ea2e358535b","event":"MQTT_PUBLISH_SKIPPED","level":"WARNING","seq":753,"sig":"dddb7e0d9bc45dfb","ts":"2026-04-22T23:00:18.688999+00:00"}
{"category":"NETWORK","details":{"raw_payload":"{\"x\": -0.004, \"y\": -0.156, \"z\": 1.064, \"ts\": 1776898818.5575051}","reason":"MQTT client not initialized","topic":"sensors/adxl345/raw"},"device":"rpi-9a2f6ea2e358535b","event":"MQTT_PUBLISH_SKIPPED","level":"WARNING","seq":754,"sig":"deadad157ae790d2","ts":"2026-04-22T23:00:18.689105+00:00"}
{"category":"NETWORK","details":{"raw_payload":"{\"x\": -0.012, \"y\": -0.148, \"z\": 1.072, \"ts\": 1776898818.5675054}","reason":"MQTT client not initialized","topic":"sensors/adxl345/raw"},"device":"rpi-9a2f6ea2e358535b","event":"MQTT_PUBLISH_SKIPPED","level":"WARNING","seq":755,"sig":"e37e1ca8e9dfcbbc","ts":"2026-04-22T23:00:18.689213+00:00"}
{"category":"NETWORK","details":{"raw_payload":"{\"x\": -0.016, \"y\": -0.172, \"z\": 1.072, \"ts\": 1776898818.5775054}","reason":"MQTT client not initialized","topic":"sensors/adxl345/raw"},"device":"rpi-9a2f6ea2e358535b","event":"MQTT_PUBLISH_SKIPPED","level":"WARNING","seq":756,"sig":"014eacc72d5b3db3","ts":"2026-04-22T23:00:18.689320+00:00"}
{"category":"NETWORK","details":{"raw_payload":"{\"x\": -0.008, \"y\": -0.152, \"z\": 1.064, \"ts\": 1776898818.5875053}","reason":"MQTT client not initialized","topic":"sensors/adxl345/raw"},"device":"rpi-9a2f6ea2e358535b","event":"MQTT_PUBLISH_SKIPPED","level":"WARNING","seq":757,"sig":"fcc3f483328f8c69","ts":"2026-04-22T23:00:18.689429+00:00"}
{"category":"NETWORK","details":{"raw_payload":"{\"x\": 0.0, \"y\": -0.172, \"z\": 1.048, \"ts\": 1776898818.5975053}","reason":"MQTT client not initialized","topic":"sensors/adxl345/raw"},"device":"rpi-9a2f6ea2e358535b","event":"MQTT_PUBLISH_SKIPPED","level":"WARNING","seq":758,"sig":"3af26e9f22652da1","ts":"2026-04-22T23:00:18.689540+00:00"}
{"category":"NETWORK","details":{"raw_payload":"{\"x\": -0.024, \"y\": -0.172, \"z\": 1.048, \"ts\": 1776898818.6075053}","reason":"MQTT client not initialized","topic":"sensors/adxl345/raw"},"device":"rpi-9a2f6ea2e358535b","event":"MQTT_PUBLISH_SKIPPED","level":"WARNING","seq":759,"sig":"0bf05db11edf9ed2","ts":"2026-04-22T23:00:18.689648+00:00"}
{"category":"NETWORK","details":{"raw_payload":"{\"x\": -0.004, \"y\": -0.136, \"z\": 1.032, \"ts\": 1776898818.6175053}","reason":"MQTT client not initialized","topic":"sensors/adxl345/raw"},"device":"rpi-9a2f6ea2e358535b","event":"MQTT_PUBLISH_SKIPPED","level":"WARNING","seq":760,"sig":"bfcd1fd4ff2f6760","ts":"2026-04-22T23:00:18.689753+00:00"}
{"category":"NETWORK","details":{"raw_payload":"{\"x\": -0.024, \"y\": -0.168, \"z\": 1.056, \"ts\": 1776898818.6275053}","reason":"MQTT client not initialized","topic":"sensors/adxl345/raw"},"device":"rpi-9a2f6ea2e358535b","event":"MQTT_PUBLISH_SKIPPED","level":"WARNING","seq":761,"sig":"f217f7658ef4db29","ts":"2026-04-22T23:00:18.689857+00:00"}
{"category":"NETWORK","details":{"raw_payload":"{\"x\": -0.012, \"y\": -0.164, \"z\": 1.036, \"ts\": 1776898818.6375053}","reason":"MQTT client not initialized","topic":"sensors/adxl345/raw"},"device":"rpi-9a2f6ea2e358535b","event":"MQTT_PUBLISH_SKIPPED","level":"WARNING","seq":762,"sig":"92558d3a79d86d52","ts":"2026-04-22T23:00:18.689964+00:00"}
{"category":"NETWORK","details":{"raw_payload":"{\"x\": -0.028, \"y\": -0.164, \"z\": 1.064, \"ts\": 1776898818.6475053}","reason":"MQTT client not initialized","topic":"sensors/adxl345/raw"},"device":"rpi-9a2f6ea2e358535b","event":"MQTT_PUBLISH_SKIPPED","level":"WARNING","seq":763,"sig":"460e11644aefb218","ts":"2026-04-22T23:00:18.690077+00:00"}
{"category":"NETWORK","details":{"raw_payload":"{\"x\": -0.024, \"y\": -0.172, \"z\": 1.04, \"ts\": 1776898818.6575053}","reason":"MQTT client not initialized","topic":"sensors/adxl345/raw"},"device":"rpi-9a2f6ea2e358535b","event":"MQTT_PUBLISH_SKIPPED","level":"WARNING","seq":764,"sig":"8a32f123c960bc50","ts":"2026-04-22T23:00:18.690184+00:00"}
{"category":"NETWORK","details":{"raw_payload":"{\"x\": -0.004, \"y\": -0.164, \"z\": 1.056, \"ts\": 1776898818.6675053}","reason":"MQTT client not initialized","topic":"sensors/adxl345/raw"},"device":"rpi-9a2f6ea2e358535b","event":"MQTT_PUBLISH_SKIPPED","level":"WARNING","seq":765,"sig":"b73a3197d4a03f30","ts":"2026-04-22T23:00:18.690288+00:00"}
{"category":"NETWORK","details":{"raw_payload":"{\"x\": -0.016, \"y\": -0.152, \"z\": 1.052, \"ts\": 1776898818.6775053}","reason":"MQTT client not initialized","topic":"sensors/adxl345/raw"},"device":"rpi-9a2f6ea2e358535b","event":"MQTT_PUBLISH_SKIPPED","level":"WARNING","seq":766,"sig":"5a2fce7050d6bd2e","ts":"2026-04-22T23:00:18.690392+00:00"}
{"category":"SENSOR","details":{"batch_ts":1776898818.9375,"sample_count":25},"device":"rpi-9a2f6ea2e358535b","event":"FIFO_READ","level":"INFO","seq":767,"sig":"a1a72545de9db80d","ts":"2026-04-22T23:00:18.937516+00:00"}
{"category":"NETWORK","details":{"raw_payload":"{\"x\": -0.02, \"y\": -0.156, \"z\": 1.052, \"ts\": 1776898818.6875088}","reason":"MQTT client not initialized","topic":"sensors/adxl345/raw"},"device":"rpi-9a2f6ea2e358535b","event":"MQTT_PUBLISH_SKIPPED","level":"WARNING","seq":768,"sig":"d5cd0564c9eb3d26","ts":"2026-04-22T23:00:18.937699+00:00"}
{"category":"NETWORK","details":{"raw_payload":"{\"x\": 0.0, \"y\": -0.144, \"z\": 1.056, \"ts\": 1776898818.6975088}","reason":"MQTT client not initialized","topic":"sensors/adxl345/raw"},"device":"rpi-9a2f6ea2e358535b","event":"MQTT_PUBLISH_SKIPPED","level":"WARNING","seq":769,"sig":"43dba1b3a578a7f8","ts":"2026-04-22T23:00:18.937844+00:00"}
{"category":"NETWORK","details":{"raw_payload":"{\"x\": -0.012, \"y\": -0.144, \"z\": 1.06, \"ts\": 1776898818.7075088}","reason":"MQTT client not initialized","topic":"sensors/adxl345/raw"},"device":"rpi-9a2f6ea2e358535b","event":"MQTT_PUBLISH_SKIPPED","level":"WARNING","seq":770,"sig":"c0cce445c6cdbd6d","ts":"2026-04-22T23:00:18.937967+00:00"}
{"category":"NETWORK","details":{"raw_payload":"{\"x\": 0.0, \"y\": -0.144, \"z\": 1.08, \"ts\": 1776898818.7175088}","reason":"MQTT client not initialized","topic":"sensors/adxl345/raw"},"device":"rpi-9a2f6ea2e358535b","event":"MQTT_PUBLISH_SKIPPED","level":"WARNING","seq":771,"sig":"620c4d954a15a29f","ts":"2026-04-22T23:00:18.938080+00:00"}
{"category":"NETWORK","details":{"raw_payload":"{\"x\": -0.012, \"y\": -0.16, \"z\": 1.056, \"ts\": 1776898818.7275088}","reason":"MQTT client not initialized","topic":"sensors/adxl345/raw"},"device":"rpi-9a2f6ea2e358535b","event":"MQTT_PUBLISH_SKIPPED","level":"WARNING","seq":772,"sig":"7ad34fd43d9c1f61","ts":"2026-04-22T23:00:18.938191+00:00"}
{"category":"NETWORK","details":{"raw_payload":"{\"x\": -0.024, \"y\": -0.156, \"z\": 1.06, \"ts\": 1776898818.7375088}","reason":"MQTT client not initialized","topic":"sensors/adxl345/raw"},"device":"rpi-9a2f6ea2e358535b","event":"MQTT_PUBLISH_SKIPPED","level":"WARNING","seq":773,"sig":"c8bb80f8273d8b83","ts":"2026-04-22T23:00:18.938299+00:00"}
{"category":"NETWORK","details":{"raw_payload":"{\"x\": -0.008, \"y\": -0.168, \"z\": 1.044, \"ts\": 1776898818.7475088}","reason":"MQTT client not initialized","topic":"sensors/adxl345/raw"},"device":"rpi-9a2f6ea2e358535b","event":"MQTT_PUBLISH_SKIPPED","level":"WARNING","seq":774,"sig":"89867a5b76bc33d7","ts":"2026-04-22T23:00:18.938407+00:00"}
{"category":"NETWORK","details":{"raw_payload":"{\"x\": -0.012, \"y\": -0.156, \"z\": 1.06, \"ts\": 1776898818.7575088}","reason":"MQTT client not initialized","topic":"sensors/adxl345/raw"},"device":"rpi-9a2f6ea2e358535b","event":"MQTT_PUBLISH_SKIPPED","level":"WARNING","seq":775,"sig":"5d158af670e1984c","ts":"2026-04-22T23:00:18.938519+00:00"}
{"category":"NETWORK","details":{"raw_payload":"{\"x\": -0.02, \"y\": -0.16, \"z\": 1.052, \"ts\": 1776898818.7675087}","reason":"MQTT client not initialized","topic":"sensors/adxl345/raw"},"device":"rpi-9a2f6ea2e358535b","event":"MQTT_PUBLISH_SKIPPED","level":"WARNING","seq":776,"sig":"6c3678df631d41dd","ts":"2026-04-22T23:00:18.938628+00:00"}
{"category":"NETWORK","details":{"raw_payload":"{\"x\": -0.012, \"y\": -0.16, \"z\": 1.04, \"ts\": 1776898818.7775087}","reason":"MQTT client not initialized","topic":"sensors/adxl345/raw"},"device":"rpi-9a2f6ea2e358535b","event":"MQTT_PUBLISH_SKIPPED","level":"WARNING","seq":777,"sig":"19a7ec6256d4bdd4","ts":"2026-04-22T23:00:18.938738+00:00"}
{"category":"NETWORK","details":{"raw_payload":"{\"x\": -0.008, \"y\": -0.168, \"z\": 1.072, \"ts\": 1776898818.7875087}","reason":"MQTT client not initialized","topic":"sensors/adxl345/raw"},"device":"rpi-9a2f6ea2e358535b","event":"MQTT_PUBLISH_SKIPPED","level":"WARNING","seq":778,"sig":"21e43d6df89c715e","ts":"2026-04-22T23:00:18.938845+00:00"}
{"category":"NETWORK","details":{"raw_payload":"{\"x\": 0.0, \"y\": -0.172, \"z\": 1.052, \"ts\": 1776898818.7975087}","reason":"MQTT client not initialized","topic":"sensors/adxl345/raw"},"device":"rpi-9a2f6ea2e358535b","event":"MQTT_PUBLISH_SKIPPED","level":"WARNING","seq":779,"sig":"40526877ab08224f","ts":"2026-04-22T23:00:18.938949+00:00"}
{"category":"NETWORK","details":{"raw_payload":"{\"x\": -0.016, \"y\": -0.152, \"z\": 1.04, \"ts\": 1776898818.8075087}","reason":"MQTT client not initialized","topic":"sensors/adxl345/raw"},"device":"rpi-9a2f6ea2e358535b","event":"MQTT_PUBLISH_SKIPPED","level":"WARNING","seq":780,"sig":"12d535e992196450","ts":"2026-04-22T23:00:18.939055+00:00"}
{"category":"NETWORK","details":{"raw_payload":"{\"x\": -0.016, \"y\": -0.152, \"z\": 1.056, \"ts\": 1776898818.817509}","reason":"MQTT client not initialized","topic":"sensors/adxl345/raw"},"device":"rpi-9a2f6ea2e358535b","event":"MQTT_PUBLISH_SKIPPED","level":"WARNING","seq":781,"sig":"5370ecae8e817c7b","ts":"2026-04-22T23:00:18.939159+00:00"}
{"category":"NETWORK","details":{"raw_payload":"{\"x\": 0.008, \"y\": -0.148, \"z\": 1.04, \"ts\": 1776898818.827509}","reason":"MQTT client not initialized","topic":"sensors/adxl345/raw"},"device":"rpi-9a2f6ea2e358535b","event":"MQTT_PUBLISH_SKIPPED","level":"WARNING","seq":782,"sig":"b787f9144a7ffc70","ts":"2026-04-22T23:00:18.939265+00:00"}
{"category":"NETWORK","details":{"raw_payload":"{\"x\": -0.008, \"y\": -0.144, \"z\": 1.06, \"ts\": 1776898818.837509}","reason":"MQTT client not initialized","topic":"sensors/adxl345/raw"},"device":"rpi-9a2f6ea2e358535b","event":"MQTT_PUBLISH_SKIPPED","level":"WARNING","seq":783,"sig":"a7f2468f76b13b49","ts":"2026-04-22T23:00:18.939369+00:00"}
{"category":"NETWORK","details":{"raw_payload":"{\"x\": -0.016, \"y\": -0.144, \"z\": 1.044, \"ts\": 1776898818.847509}","reason":"MQTT client not initialized","topic":"sensors/adxl345/raw"},"device":"rpi-9a2f6ea2e358535b","event":"MQTT_PUBLISH_SKIPPED","level":"WARNING","seq":784,"sig":"50e7cf7f976962df","ts":"2026-04-22T23:00:18.939473+00:00"}
{"category":"NETWORK","details":{"raw_payload":"{\"x\": -0.008, \"y\": -0.168, \"z\": 1.044, \"ts\": 1776898818.857509}","reason":"MQTT client not initialized","topic":"sensors/adxl345/raw"},"device":"rpi-9a2f6ea2e358535b","event":"MQTT_PUBLISH_SKIPPED","level":"WARNING","seq":785,"sig":"eba4bfff2b7c72d4","ts":"2026-04-22T23:00:18.939577+00:00"}
{"category":"NETWORK","details":{"raw_payload":"{\"x\": 0.008, \"y\": -0.16, \"z\": 1.068, \"ts\": 1776898818.867509}","reason":"MQTT client not initialized","topic":"sensors/adxl345/raw"},"device":"rpi-9a2f6ea2e358535b","event":"MQTT_PUBLISH_SKIPPED","level":"WARNING","seq":786,"sig":"50bce87b1a591806","ts":"2026-04-22T23:00:18.939682+00:00"}
{"category":"NETWORK","details":{"raw_payload":"{\"x\": -0.012, \"y\": -0.164, \"z\": 1.068, \"ts\": 1776898818.8775089}","reason":"MQTT client not initialized","topic":"sensors/adxl345/raw"},"device":"rpi-9a2f6ea2e358535b","event":"MQTT_PUBLISH_SKIPPED","level":"WARNING","seq":787,"sig":"d9fb3dd08de47995","ts":"2026-04-22T23:00:18.939811+00:00"}
{"category":"NETWORK","details":{"raw_payload":"{\"x\": 0.004, \"y\": -0.168, \"z\": 1.052, \"ts\": 1776898818.8875089}","reason":"MQTT client not initialized","topic":"sensors/adxl345/raw"},"device":"rpi-9a2f6ea2e358535b","event":"MQTT_PUBLISH_SKIPPED","level":"WARNING","seq":788,"sig":"804bfda847cd993f","ts":"2026-04-22T23:00:18.939927+00:00"}
{"category":"NETWORK","details":{"raw_payload":"{\"x\": -0.016, \"y\": -0.168, \"z\": 1.06, \"ts\": 1776898818.8975089}","reason":"MQTT client not initialized","topic":"sensors/adxl345/raw"},"device":"rpi-9a2f6ea2e358535b","event":"MQTT_PUBLISH_SKIPPED","level":"WARNING","seq":789,"sig":"ff01d9a80535ad85","ts":"2026-04-22T23:00:18.940038+00:00"}
{"category":"NETWORK","details":{"raw_payload":"{\"x\": 0.0, \"y\": -0.136, \"z\": 1.052, \"ts\": 1776898818.9075089}","reason":"MQTT client not initialized","topic":"sensors/adxl345/raw"},"device":"rpi-9a2f6ea2e358535b","event":"MQTT_PUBLISH_SKIPPED","level":"WARNING","seq":790,"sig":"d478cdb23b9cfd29","ts":"2026-04-22T23:00:18.940148+00:00"}
{"category":"NETWORK","details":{"raw_payload":"{\"x\": -0.028, \"y\": -0.152, \"z\": 1.048, \"ts\": 1776898818.9175088}","reason":"MQTT client not initialized","topic":"sensors/adxl345/raw"},"device":"rpi-9a2f6ea2e358535b","event":"MQTT_PUBLISH_SKIPPED","level":"WARNING","seq":791,"sig":"3ce134ca1aff62bb","ts":"2026-04-22T23:00:18.940255+00:00"}
{"category":"NETWORK","details":{"raw_payload":"{\"x\": -0.012, \"y\": -0.18, \"z\": 1.072, \"ts\": 1776898818.9275088}","reason":"MQTT client not initialized","topic":"sensors/adxl345/raw"},"device":"rpi-9a2f6ea2e358535b","event":"MQTT_PUBLISH_SKIPPED","level":"WARNING","seq":792,"sig":"dddd3a735d0eff0e","ts":"2026-04-22T23:00:18.940364+00:00"}
{"category":"SENSOR","details":{"batch_ts":1776898819.1875,"sample_count":25},"device":"rpi-9a2f6ea2e358535b","event":"FIFO_READ","level":"INFO","seq":793,"sig":"760a41cff58e0c46","ts":"2026-04-22T23:00:19.187504+00:00"}
{"category":"NETWORK","details":{"raw_payload":"{\"x\": -0.024, \"y\": -0.164, \"z\": 1.048, \"ts\": 1776898818.937497}","reason":"MQTT client not initialized","topic":"sensors/adxl345/raw"},"device":"rpi-9a2f6ea2e358535b","event":"MQTT_PUBLISH_SKIPPED","level":"WARNING","seq":794,"sig":"4cfbfad0d4efc8a1","ts":"2026-04-22T23:00:19.187695+00:00"}
{"category":"NETWORK","details":{"raw_payload":"{\"x\": -0.012, \"y\": -0.14, \"z\": 1.076, \"ts\": 1776898818.947497}","reason":"MQTT client not initialized","topic":"sensors/adxl345/raw"},"device":"rpi-9a2f6ea2e358535b","event":"MQTT_PUBLISH_SKIPPED","level":"WARNING","seq":795,"sig":"b314054d107c65a1","ts":"2026-04-22T23:00:19.187842+00:00"}
{"category":"NETWORK","details":{"raw_payload":"{\"x\": -0.008, \"y\": -0.144, \"z\": 1.064, \"ts\": 1776898818.957497}","reason":"MQTT client not initialized","topic":"sensors/adxl345/raw"},"device":"rpi-9a2f6ea2e358535b","event":"MQTT_PUBLISH_SKIPPED","level":"WARNING","seq":796,"sig":"38141535b3480a63","ts":"2026-04-22T23:00:19.187966+00:00"}
{"category":"NETWORK","details":{"raw_payload":"{\"x\": -0.02, \"y\": -0.144, \"z\": 1.064, \"ts\": 1776898818.9674969}","reason":"MQTT client not initialized","topic":"sensors/adxl345/raw"},"device":"rpi-9a2f6ea2e358535b","event":"MQTT_PUBLISH_SKIPPED","level":"WARNING","seq":797,"sig":"cd3af8b098d43877","ts":"2026-04-22T23:00:19.188078+00:00"}
{"category":"NETWORK","details":{"raw_payload":"{\"x\": -0.024, \"y\": -0.164, \"z\": 1.056, \"ts\": 1776898818.9774969}","reason":"MQTT client not initialized","topic":"sensors/adxl345/raw"},"device":"rpi-9a2f6ea2e358535b","event":"MQTT_PUBLISH_SKIPPED","level":"WARNING","seq":798,"sig":"df2d79ac33179154","ts":"2026-04-22T23:00:19.188186+00:00"}
{"category":"NETWORK","details":{"raw_payload":"{\"x\": -0.012, \"y\": -0.168, \"z\": 1.052, \"ts\": 1776898818.9874969}","reason":"MQTT client not initialized","topic":"sensors/adxl345/raw"},"device":"rpi-9a2f6ea2e358535b","event":"MQTT_PUBLISH_SKIPPED","level":"WARNING","seq":799,"sig":"6efc05cf2408bcad","ts":"2026-04-22T23:00:19.188299+00:00"}
{"category":"NETWORK","details":{"raw_payload":"{\"x\": -0.012, \"y\": -0.156, \"z\": 1.052, \"ts\": 1776898818.9974968}","reason":"MQTT client not initialized","topic":"sensors/adxl345/raw"},"device":"rpi-9a2f6ea2e358535b","event":"MQTT_PUBLISH_SKIPPED","level":"WARNING","seq":800,"sig":"cc23850ea77af50a","ts":"2026-04-22T23:00:19.188406+00:00"}
{"category":"NETWORK","details":{"raw_payload":"{\"x\": -0.016, \"y\": -0.168, \"z\": 1.068, \"ts\": 1776898819.0074968}","reason":"MQTT client not initialized","topic":"sensors/adxl345/raw"},"device":"rpi-9a2f6ea2e358535b","event":"MQTT_PUBLISH_SKIPPED","level":"WARNING","seq":801,"sig":"7175abb3244fe286","ts":"2026-04-22T23:00:19.188514+00:00"}
{"category":"NETWORK","details":{"raw_payload":"{\"x\": -0.012, \"y\": -0.168, \"z\": 1.044, \"ts\": 1776898819.0174968}","reason":"MQTT client not initialized","topic":"sensors/adxl345/raw"},"device":"rpi-9a2f6ea2e358535b","event":"MQTT_PUBLISH_SKIPPED","level":"WARNING","seq":802,"sig":"edc6c3eaa83b53c6","ts":"2026-04-22T23:00:19.188631+00:00"}
{"category":"NETWORK","details":{"raw_payload":"{\"x\": -0.008, \"y\": -0.164, \"z\": 1.052, \"ts\": 1776898819.0274968}","reason":"MQTT client not initialized","topic":"sensors/adxl345/raw"},"device":"rpi-9a2f6ea2e358535b","event":"MQTT_PUBLISH_SKIPPED","level":"WARNING","seq":803,"sig":"16bb397588ad170a","ts":"2026-04-22T23:00:19.188741+00:00"}
{"category":"NETWORK","details":{"raw_payload":"{\"x\": -0.008, \"y\": -0.144, \"z\": 1.056, \"ts\": 1776898819.0374968}","reason":"MQTT client not initialized","topic":"sensors/adxl345/raw"},"device":"rpi-9a2f6ea2e358535b","event":"MQTT_PUBLISH_SKIPPED","level":"WARNING","seq":804,"sig":"355b581d04760002","ts":"2026-04-22T23:00:19.188836+00:00"}
{"category":"NETWORK","details":{"raw_payload":"{\"x\": -0.004, \"y\": -0.152, \"z\": 1.048, \"ts\": 1776898819.0474968}","reason":"MQTT client not initialized","topic":"sensors/adxl345/raw"},"device":"rpi-9a2f6ea2e358535b","event":"MQTT_PUBLISH_SKIPPED","level":"WARNING","seq":805,"sig":"b77d88ab103b9796","ts":"2026-04-22T23:00:19.188926+00:00"}
{"category":"NETWORK","details":{"raw_payload":"{\"x\": -0.016, \"y\": -0.184, \"z\": 1.048, \"ts\": 1776898819.0574968}","reason":"MQTT client not initialized","topic":"sensors/adxl345/raw"},"device":"rpi-9a2f6ea2e358535b","event":"MQTT_PUBLISH_SKIPPED","level":"WARNING","seq":806,"sig":"6f8d6befb4be46c8","ts":"2026-04-22T23:00:19.189016+00:00"}
{"category":"NETWORK","details":{"raw_payload":"{\"x\": -0.004, \"y\": -0.168, \"z\": 1.052, \"ts\": 1776898819.067497}","reason":"MQTT client not initialized","topic":"sensors/adxl345/raw"},"device":"rpi-9a2f6ea2e358535b","event":"MQTT_PUBLISH_SKIPPED","level":"WARNING","seq":807,"sig":"4174646d1d95659f","ts":"2026-04-22T23:00:19.189102+00:00"}
{"category":"NETWORK","details":{"raw_payload":"{\"x\": -0.024, \"y\": -0.168, \"z\": 1.048, \"ts\": 1776898819.077497}","reason":"MQTT client not initialized","topic":"sensors/adxl345/raw"},"device":"rpi-9a2f6ea2e358535b","event":"MQTT_PUBLISH_SKIPPED","level":"WARNING","seq":808,"sig":"9de2256cabfbb2c7","ts":"2026-04-22T23:00:19.189188+00:00"}
{"category":"NETWORK","details":{"raw_payload":"{\"x\": -0.008, \"y\": -0.152, \"z\": 1.048, \"ts\": 1776898819.087497}","reason":"MQTT client not initialized","topic":"sensors/adxl345/raw"},"device":"rpi-9a2f6ea2e358535b","event":"MQTT_PUBLISH_SKIPPED","level":"WARNING","seq":809,"sig":"d4c8ef1384a177b7","ts":"2026-04-22T23:00:19.189274+00:00"}
{"category":"NETWORK","details":{"raw_payload":"{\"x\": -0.02, \"y\": -0.156, \"z\": 1.068, \"ts\": 1776898819.097497}","reason":"MQTT client not initialized","topic":"sensors/adxl345/raw"},"device":"rpi-9a2f6ea2e358535b","event":"MQTT_PUBLISH_SKIPPED","level":"WARNING","seq":810,"sig":"34fcdbca17fd1464","ts":"2026-04-22T23:00:19.189360+00:00"}
{"category":"NETWORK","details":{"raw_payload":"{\"x\": -0.008, \"y\": -0.148, \"z\": 1.052, \"ts\": 1776898819.107497}","reason":"MQTT client not initialized","topic":"sensors/adxl345/raw"},"device":"rpi-9a2f6ea2e358535b","event":"MQTT_PUBLISH_SKIPPED","level":"WARNING","seq":811,"sig":"d44ca717959ad3bc","ts":"2026-04-22T23:00:19.189450+00:00"}
{"category":"NETWORK","details":{"raw_payload":"{\"x\": -0.004, \"y\": -0.168, \"z\": 1.072, \"ts\": 1776898819.117497}","reason":"MQTT client not initialized","topic":"sensors/adxl345/raw"},"device":"rpi-9a2f6ea2e358535b","event":"MQTT_PUBLISH_SKIPPED","level":"WARNING","seq":812,"sig":"98360670a7eeaf41","ts":"2026-04-22T23:00:19.189538+00:00"}
{"category":"NETWORK","details":{"raw_payload":"{\"x\": -0.012, \"y\": -0.152, \"z\": 1.056, \"ts\": 1776898819.127497}","reason":"MQTT client not initialized","topic":"sensors/adxl345/raw"},"device":"rpi-9a2f6ea2e358535b","event":"MQTT_PUBLISH_SKIPPED","level":"WARNING","seq":813,"sig":"658a7952db3b7d42","ts":"2026-04-22T23:00:19.189625+00:00"}
{"category":"NETWORK","details":{"raw_payload":"{\"x\": -0.012, \"y\": -0.164, \"z\": 1.048, \"ts\": 1776898819.137497}","reason":"MQTT client not initialized","topic":"sensors/adxl345/raw"},"device":"rpi-9a2f6ea2e358535b","event":"MQTT_PUBLISH_SKIPPED","level":"WARNING","seq":814,"sig":"75e3bd009b63c37f","ts":"2026-04-22T23:00:19.189711+00:00"}
{"category":"NETWORK","details":{"raw_payload":"{\"x\": -0.012, \"y\": -0.16, \"z\": 1.036, \"ts\": 1776898819.147497}","reason":"MQTT client not initialized","topic":"sensors/adxl345/raw"},"device":"rpi-9a2f6ea2e358535b","event":"MQTT_PUBLISH_SKIPPED","level":"WARNING","seq":815,"sig":"fa9e910645cf8197","ts":"2026-04-22T23:00:19.189799+00:00"}
{"category":"NETWORK","details":{"raw_payload":"{\"x\": -0.02, \"y\": -0.164, \"z\": 1.044, \"ts\": 1776898819.157497}","reason":"MQTT client not initialized","topic":"sensors/adxl345/raw"},"device":"rpi-9a2f6ea2e358535b","event":"MQTT_PUBLISH_SKIPPED","level":"WARNING","seq":816,"sig":"fac391af7a481be4","ts":"2026-04-22T23:00:19.189886+00:00"}
{"category":"NETWORK","details":{"raw_payload":"{\"x\": -0.02, \"y\": -0.176, \"z\": 1.044, \"ts\": 1776898819.167497}","reason":"MQTT client not initialized","topic":"sensors/adxl345/raw"},"device":"rpi-9a2f6ea2e358535b","event":"MQTT_PUBLISH_SKIPPED","level":"WARNING","seq":817,"sig":"c8091a9cafb7eb3b","ts":"2026-04-22T23:00:19.189973+00:00"}
{"category":"NETWORK","details":{"raw_payload":"{\"x\": -0.012, \"y\": -0.152, \"z\": 1.068, \"ts\": 1776898819.177497}","reason":"MQTT client not initialized","topic":"sensors/adxl345/raw"},"device":"rpi-9a2f6ea2e358535b","event":"MQTT_PUBLISH_SKIPPED","level":"WARNING","seq":818,"sig":"b1e79e84cf465dd4","ts":"2026-04-22T23:00:19.190059+00:00"}
{"category":"DATA","details":{"band_hz":[3.0,8.0],"batch_ts":1776898819.1875,"x_peak_g":0.001996,"x_peak_hz":3.0,"y_peak_g":0.004066,"y_peak_hz":8.0,"z_peak_g":0.003888,"z_peak_hz":8.0},"device":"rpi-9a2f6ea2e358535b","event":"FFT_RESULT","level":"INFO","seq":819,"sig":"578bf7afc1668f01","ts":"2026-04-22T23:00:19.190507+00:00"}
{"category":"NETWORK","details":{"fft_payload":"{\"fft\": {\"band_hz\": [3.0, 8.0], \"x\": {\"peak_hz\": 3.0, \"peak_amp_g\": 0.001996, \"mean_amp_g\": 0.001559}, \"y\": {\"peak_hz\": 8.0, \"peak_amp_g\": 0.004066, \"mean_amp_g\": 0.00256}, \"z\": {\"peak_hz\": 8.0, \"peak_amp_g\": 0.003888, \"mean_amp_g\": 0.002441}}, \"ts\": 1776898819.187497}","reason":"MQTT client not initialized","topic":"sensors/adxl345/fft"},"device":"rpi-9a2f6ea2e358535b","event":"MQTT_PUBLISH_SKIPPED","level":"WARNING","seq":820,"sig":"4e29bde3cfb165ea","ts":"2026-04-22T23:00:19.190655+00:00"}
{"category":"SYSTEM","details":{"reason":"KeyboardInterrupt","total_polls":32},"device":"rpi-9a2f6ea2e358535b","event":"DEVICE_SHUTDOWN","level":"INFO","seq":821,"sig":"2fc387ad2f2be60a","ts":"2026-04-22T23:00:19.290268+00:00"}
{"category":"NETWORK","details":{"error":"[Errno 2] No such file or directory: 'certs/<REDACTED-CERT-ID>-private.key'","reason":"cert file missing"},"device":"rpi-9a2f6ea2e358535b","event":"MQTT_INIT_FAILED","level":"CRITICAL","seq":1,"sig":"aa3aa15e734d8a40","ts":"2026-04-24T19:38:53.970223+00:00"}
{"category":"SYSTEM","details":{"fft_buffer_size":100,"poll_interval_s":0.25},"device":"rpi-9a2f6ea2e358535b","event":"DEVICE_BOOT","level":"INFO","seq":2,"sig":"1959de5dc1d125bf","ts":"2026-04-24T19:38:53.971503+00:00"}
{"category":"SENSOR","details":{"addr_hex":"0x53","fifo_mode":"stream","odr_hz":100,"range_g":16,"scale_g_lsb":0.004,"watermark":25},"device":"rpi-9a2f6ea2e358535b","event":"SENSOR_INIT","level":"INFO","seq":3,"sig":"e1e3ee4b3bd2b2a6","ts":"2026-04-24T19:38:53.973668+00:00"}
{"category":"SENSOR","details":{"batch_ts":1777059534.2445,"sample_count":23},"device":"rpi-9a2f6ea2e358535b","event":"FIFO_READ","level":"INFO","seq":4,"sig":"a3648d00aa88668e","ts":"2026-04-24T19:38:54.244506+00:00"}
{"category":"SENSOR","details":{"batch_ts":1777059534.4962,"sample_count":25},"device":"rpi-9a2f6ea2e358535b","event":"FIFO_READ","level":"INFO","seq":5,"sig":"72eaa2be0152418a","ts":"2026-04-24T19:38:54.496243+00:00"}
{"category":"SENSOR","details":{"batch_ts":1777059534.7462,"sample_count":25},"device":"rpi-9a2f6ea2e358535b","event":"FIFO_READ","level":"INFO","seq":6,"sig":"973815d24bb28c72","ts":"2026-04-24T19:38:54.746257+00:00"}
{"category":"SENSOR","details":{"batch_ts":1777059534.9962,"sample_count":25},"device":"rpi-9a2f6ea2e358535b","event":"FIFO_READ","level":"INFO","seq":7,"sig":"ba0621e8c6135855","ts":"2026-04-24T19:38:54.996258+00:00"}
{"category":"SENSOR","details":{"batch_ts":1777059535.2462,"sample_count":25},"device":"rpi-9a2f6ea2e358535b","event":"FIFO_READ","level":"INFO","seq":8,"sig":"7fdae60f49a942b9","ts":"2026-04-24T19:38:55.246238+00:00"}
{"category":"NETWORK","details":{"payload":{"fft":{"band_hz":[4.0,7.0],"x":{"mean_amp_g":0.00197,"peak_amp_g":0.002795,"peak_hz":4.0},"y":{"mean_amp_g":0.00334,"peak_amp_g":0.005468,"peak_hz":4.0},"z":{"mean_amp_g":0.001682,"peak_amp_g":0.003488,"peak_hz":5.0}},"patient_id":"patient-001","timestamp":1777059535.2462301},"reason":"MQTT client not initialized","topic":"baymax/tremor-data"},"device":"rpi-9a2f6ea2e358535b","event":"MQTT_PUBLISH_SKIPPED","level":"WARNING","seq":9,"sig":"cc14618fb5eec5bf","ts":"2026-04-24T19:38:55.262179+00:00"}
{"category":"SENSOR","details":{"batch_ts":1777059535.4963,"sample_count":25},"device":"rpi-9a2f6ea2e358535b","event":"FIFO_READ","level":"INFO","seq":10,"sig":"0d163c334a18ebfc","ts":"2026-04-24T19:38:55.496270+00:00"}
{"category":"NETWORK","details":{"payload":{"fft":{"band_hz":[4.0,7.0],"x":{"mean_amp_g":0.001336,"peak_amp_g":0.002309,"peak_hz":4.0},"y":{"mean_amp_g":0.002028,"peak_amp_g":0.003859,"peak_hz":4.0},"z":{"mean_amp_g":0.002358,"peak_amp_g":0.003638,"peak_hz":4.0}},"patient_id":"patient-001","timestamp":1777059535.4962616},"reason":"MQTT client not initialized","topic":"baymax/tremor-data"},"device":"rpi-9a2f6ea2e358535b","event":"MQTT_PUBLISH_SKIPPED","level":"WARNING","seq":11,"sig":"f58219a964aee9e4","ts":"2026-04-24T19:38:55.497366+00:00"}
{"category":"SENSOR","details":{"batch_ts":1777059535.7462,"sample_count":25},"device":"rpi-9a2f6ea2e358535b","event":"FIFO_READ","level":"INFO","seq":12,"sig":"f1a1c0aa04b018f7","ts":"2026-04-24T19:38:55.746258+00:00"}
{"category":"NETWORK","details":{"payload":{"fft":{"band_hz":[4.0,7.0],"x":{"mean_amp_g":0.001377,"peak_amp_g":0.001677,"peak_hz":7.0},"y":{"mean_amp_g":0.002482,"peak_amp_g":0.004358,"peak_hz":4.0},"z":{"mean_amp_g":0.003472,"peak_amp_g":0.004054,"peak_hz":6.0}},"patient_id":"patient-001","timestamp":1777059535.746247},"reason":"MQTT client not initialized","topic":"baymax/tremor-data"},"device":"rpi-9a2f6ea2e358535b","event":"MQTT_PUBLISH_SKIPPED","level":"WARNING","seq":13,"sig":"8e6305a69de6f4fa","ts":"2026-04-24T19:38:55.747813+00:00"}
{"category":"SENSOR","details":{"batch_ts":1777059535.9962,"sample_count":25},"device":"rpi-9a2f6ea2e358535b","event":"FIFO_READ","level":"INFO","seq":14,"sig":"cb1a8cd971637233","ts":"2026-04-24T19:38:55.996256+00:00"}
{"category":"NETWORK","details":{"payload":{"fft":{"band_hz":[4.0,7.0],"x":{"mean_amp_g":0.001977,"peak_amp_g":0.002754,"peak_hz":5.0},"y":{"mean_amp_g":0.002453,"peak_amp_g":0.003137,"peak_hz":6.0},"z":{"mean_amp_g":0.003545,"peak_amp_g":0.004783,"peak_hz":7.0}},"patient_id":"patient-001","timestamp":1777059535.9962482},"reason":"MQTT client not initialized","topic":"baymax/tremor-data"},"device":"rpi-9a2f6ea2e358535b","event":"MQTT_PUBLISH_SKIPPED","level":"WARNING","seq":15,"sig":"98a823cebe18e84e","ts":"2026-04-24T19:38:55.996934+00:00"}
{"category":"SENSOR","details":{"batch_ts":1777059536.2462,"sample_count":25},"device":"rpi-9a2f6ea2e358535b","event":"FIFO_READ","level":"INFO","seq":16,"sig":"7622c320edc2fb6f","ts":"2026-04-24T19:38:56.246229+00:00"}
{"category":"NETWORK","details":{"payload":{"fft":{"band_hz":[4.0,7.0],"x":{"mean_amp_g":0.001501,"peak_amp_g":0.002465,"peak_hz":4.0},"y":{"mean_amp_g":0.001897,"peak_amp_g":0.003512,"peak_hz":7.0},"z":{"mean_amp_g":0.002971,"peak_amp_g":0.004234,"peak_hz":5.0}},"patient_id":"patient-001","timestamp":1777059536.2462227},"reason":"MQTT client not initialized","topic":"baymax/tremor-data"},"device":"rpi-9a2f6ea2e358535b","event":"MQTT_PUBLISH_SKIPPED","level":"WARNING","seq":17,"sig":"7e9f6e76bb8d7b71","ts":"2026-04-24T19:38:56.247373+00:00"}
{"category":"SENSOR","details":{"batch_ts":1777059536.4953,"sample_count":24},"device":"rpi-9a2f6ea2e358535b","event":"FIFO_READ","level":"INFO","seq":18,"sig":"6bc7c29d65d6d390","ts":"2026-04-24T19:38:56.495350+00:00"}
{"category":"NETWORK","details":{"payload":{"fft":{"band_hz":[4.0,7.0],"x":{"mean_amp_g":0.001521,"peak_amp_g":0.001931,"peak_hz":5.0},"y":{"mean_amp_g":0.001871,"peak_amp_g":0.003753,"peak_hz":7.0},"z":{"mean_amp_g":0.002006,"peak_amp_g":0.004214,"peak_hz":7.0}},"patient_id":"patient-001","timestamp":1777059536.4953444},"reason":"MQTT client not initialized","topic":"baymax/tremor-data"},"device":"rpi-9a2f6ea2e358535b","event":"MQTT_PUBLISH_SKIPPED","level":"WARNING","seq":19,"sig":"29ae6bf4f3bea003","ts":"2026-04-24T19:38:56.496693+00:00"}
{"category":"SENSOR","details":{"batch_ts":1777059536.7463,"sample_count":25},"device":"rpi-9a2f6ea2e358535b","event":"FIFO_READ","level":"INFO","seq":20,"sig":"74d2fd6bdcf49523","ts":"2026-04-24T19:38:56.746275+00:00"}
{"category":"NETWORK","details":{"payload":{"fft":{"band_hz":[4.0,7.0],"x":{"mean_amp_g":0.001965,"peak_amp_g":0.004042,"peak_hz":7.0},"y":{"mean_amp_g":0.002059,"peak_amp_g":0.004287,"peak_hz":7.0},"z":{"mean_amp_g":0.002625,"peak_amp_g":0.003607,"peak_hz":5.0}},"patient_id":"patient-001","timestamp":1777059536.746263},"reason":"MQTT client not initialized","topic":"baymax/tremor-data"},"device":"rpi-9a2f6ea2e358535b","event":"MQTT_PUBLISH_SKIPPED","level":"WARNING","seq":21,"sig":"5edf7013f04df072","ts":"2026-04-24T19:38:56.747654+00:00"}
{"category":"SENSOR","details":{"batch_ts":1777059536.9963,"sample_count":25},"device":"rpi-9a2f6ea2e358535b","event":"FIFO_READ","level":"INFO","seq":22,"sig":"5a2c0fa6fa988335","ts":"2026-04-24T19:38:56.996269+00:00"}
{"category":"NETWORK","details":{"payload":{"fft":{"band_hz":[4.0,7.0],"x":{"mean_amp_g":0.00198,"peak_amp_g":0.003736,"peak_hz":7.0},"y":{"mean_amp_g":0.002654,"peak_amp_g":0.003807,"peak_hz":4.0},"z":{"mean_amp_g":0.002887,"peak_amp_g":0.004537,"peak_hz":5.0}},"patient_id":"patient-001","timestamp":1777059536.9962616},"reason":"MQTT client not initialized","topic":"baymax/tremor-data"},"device":"rpi-9a2f6ea2e358535b","event":"MQTT_PUBLISH_SKIPPED","level":"WARNING","seq":23,"sig":"5fd94736f9ce48bb","ts":"2026-04-24T19:38:56.997724+00:00"}
{"category":"SENSOR","details":{"batch_ts":1777059537.2462,"sample_count":25},"device":"rpi-9a2f6ea2e358535b","event":"FIFO_READ","level":"INFO","seq":24,"sig":"024c85f1af0f0a14","ts":"2026-04-24T19:38:57.246256+00:00"}
{"category":"NETWORK","details":{"payload":{"fft":{"band_hz":[4.0,7.0],"x":{"mean_amp_g":0.001935,"peak_amp_g":0.003173,"peak_hz":7.0},"y":{"mean_amp_g":0.002847,"peak_amp_g":0.005032,"peak_hz":4.0},"z":{"mean_amp_g":0.002615,"peak_amp_g":0.005423,"peak_hz":5.0}},"patient_id":"patient-001","timestamp":1777059537.2462447},"reason":"MQTT client not initialized","topic":"baymax/tremor-data"},"device":"rpi-9a2f6ea2e358535b","event":"MQTT_PUBLISH_SKIPPED","level":"WARNING","seq":25,"sig":"3bd3f217b0edad0a","ts":"2026-04-24T19:38:57.247360+00:00"}
{"category":"SENSOR","details":{"batch_ts":1777059537.4962,"sample_count":25},"device":"rpi-9a2f6ea2e358535b","event":"FIFO_READ","level":"INFO","seq":26,"sig":"a377a2efdd08090b","ts":"2026-04-24T19:38:57.496251+00:00"}
{"category":"NETWORK","details":{"payload":{"fft":{"band_hz":[4.0,7.0],"x":{"mean_amp_g":0.001828,"peak_amp_g":0.003468,"peak_hz":6.0},"y":{"mean_amp_g":0.002656,"peak_amp_g":0.004813,"peak_hz":4.0},"z":{"mean_amp_g":0.002554,"peak_amp_g":0.005423,"peak_hz":5.0}},"patient_id":"patient-001","timestamp":1777059537.4962416},"reason":"MQTT client not initialized","topic":"baymax/tremor-data"},"device":"rpi-9a2f6ea2e358535b","event":"MQTT_PUBLISH_SKIPPED","level":"WARNING","seq":27,"sig":"19d5842efaea211a","ts":"2026-04-24T19:38:57.497642+00:00"}
{"category":"SENSOR","details":{"batch_ts":1777059537.7463,"sample_count":25},"device":"rpi-9a2f6ea2e358535b","event":"FIFO_READ","level":"INFO","seq":28,"sig":"a5d0917f6d9d897a","ts":"2026-04-24T19:38:57.746267+00:00"}
{"category":"NETWORK","details":{"payload":{"fft":{"band_hz":[4.0,7.0],"x":{"mean_amp_g":0.001648,"peak_amp_g":0.002963,"peak_hz":6.0},"y":{"mean_amp_g":0.002574,"peak_amp_g":0.00451,"peak_hz":4.0},"z":{"mean_amp_g":0.002728,"peak_amp_g":0.004113,"peak_hz":5.0}},"patient_id":"patient-001","timestamp":1777059537.746256},"reason":"MQTT client not initialized","topic":"baymax/tremor-data"},"device":"rpi-9a2f6ea2e358535b","event":"MQTT_PUBLISH_SKIPPED","level":"WARNING","seq":29,"sig":"29024b3bfb6e3092","ts":"2026-04-24T19:38:57.747543+00:00"}
{"category":"SENSOR","details":{"batch_ts":1777059537.9962,"sample_count":25},"device":"rpi-9a2f6ea2e358535b","event":"FIFO_READ","level":"INFO","seq":30,"sig":"0e7dfee3ec96295c","ts":"2026-04-24T19:38:57.996248+00:00"}
{"category":"NETWORK","details":{"payload":{"fft":{"band_hz":[4.0,7.0],"x":{"mean_amp_g":0.00179,"peak_amp_g":0.0026,"peak_hz":6.0},"y":{"mean_amp_g":0.001892,"peak_amp_g":0.003536,"peak_hz":4.0},"z":{"mean_amp_g":0.002784,"peak_amp_g":0.003925,"peak_hz":5.0}},"patient_id":"patient-001","timestamp":1777059537.9962397},"reason":"MQTT client not initialized","topic":"baymax/tremor-data"},"device":"rpi-9a2f6ea2e358535b","event":"MQTT_PUBLISH_SKIPPED","level":"WARNING","seq":31,"sig":"b7c9f048d11ab2e4","ts":"2026-04-24T19:38:57.997476+00:00"}
{"category":"SENSOR","details":{"batch_ts":1777059538.2462,"sample_count":25},"device":"rpi-9a2f6ea2e358535b","event":"FIFO_READ","level":"INFO","seq":32,"sig":"35f2e54843ad64ce","ts":"2026-04-24T19:38:58.246235+00:00"}
{"category":"NETWORK","details":{"payload":{"fft":{"band_hz":[4.0,7.0],"x":{"mean_amp_g":0.001567,"peak_amp_g":0.003785,"peak_hz":7.0},"y":{"mean_amp_g":0.001347,"peak_amp_g":0.002091,"peak_hz":6.0},"z":{"mean_amp_g":0.002468,"peak_amp_g":0.002894,"peak_hz":4.0}},"patient_id":"patient-001","timestamp":1777059538.2462287},"reason":"MQTT client not initialized","topic":"baymax/tremor-data"},"device":"rpi-9a2f6ea2e358535b","event":"MQTT_PUBLISH_SKIPPED","level":"WARNING","seq":33,"sig":"9bc4a7aa0990fac9","ts":"2026-04-24T19:38:58.247471+00:00"}
{"category":"SENSOR","details":{"batch_ts":1777059538.4962,"sample_count":25},"device":"rpi-9a2f6ea2e358535b","event":"FIFO_READ","level":"INFO","seq":34,"sig":"70ba01ce44d99986","ts":"2026-04-24T19:38:58.496230+00:00"}
{"category":"NETWORK","details":{"payload":{"fft":{"band_hz":[4.0,7.0],"x":{"mean_amp_g":0.001839,"peak_amp_g":0.0037,"peak_hz":7.0},"y":{"mean_amp_g":0.001593,"peak_amp_g":0.00221,"peak_hz":6.0},"z":{"mean_amp_g":0.002025,"peak_amp_g":0.003408,"peak_hz":6.0}},"patient_id":"patient-001","timestamp":1777059538.4962234},"reason":"MQTT client not initialized","topic":"baymax/tremor-data"},"device":"rpi-9a2f6ea2e358535b","event":"MQTT_PUBLISH_SKIPPED","level":"WARNING","seq":35,"sig":"17989dc55d3e6623","ts":"2026-04-24T19:38:58.497537+00:00"}
{"category":"SENSOR","details":{"batch_ts":1777059538.7454,"sample_count":24},"device":"rpi-9a2f6ea2e358535b","event":"FIFO_READ","level":"INFO","seq":36,"sig":"0f8f908e96b270fc","ts":"2026-04-24T19:38:58.745387+00:00"}
{"category":"NETWORK","details":{"payload":{"fft":{"band_hz":[4.0,7.0],"x":{"mean_amp_g":0.001967,"peak_amp_g":0.004685,"peak_hz":7.0},"y":{"mean_amp_g":0.002117,"peak_amp_g":0.002678,"peak_hz":5.0},"z":{"mean_amp_g":0.00283,"peak_amp_g":0.003751,"peak_hz":7.0}},"patient_id":"patient-001","timestamp":1777059538.7453763},"reason":"MQTT client not initialized","topic":"baymax/tremor-data"},"device":"rpi-9a2f6ea2e358535b","event":"MQTT_PUBLISH_SKIPPED","level":"WARNING","seq":37,"sig":"62206c5e40bf2b1b","ts":"2026-04-24T19:38:58.746003+00:00"}
{"category":"SENSOR","details":{"batch_ts":1777059538.9964,"sample_count":25},"device":"rpi-9a2f6ea2e358535b","event":"FIFO_READ","level":"INFO","seq":38,"sig":"b1f48c0fe0fec48c","ts":"2026-04-24T19:38:58.996431+00:00"}
{"category":"NETWORK","details":{"payload":{"fft":{"band_hz":[4.0,7.0],"x":{"mean_amp_g":0.001621,"peak_amp_g":0.003345,"peak_hz":7.0},"y":{"mean_amp_g":0.001934,"peak_amp_g":0.003394,"peak_hz":5.0},"z":{"mean_amp_g":0.002948,"peak_amp_g":0.004259,"peak_hz":7.0}},"patient_id":"patient-001","timestamp":1777059538.9964232},"reason":"MQTT client not initialized","topic":"baymax/tremor-data"},"device":"rpi-9a2f6ea2e358535b","event":"MQTT_PUBLISH_SKIPPED","level":"WARNING","seq":39,"sig":"ac3e90eaab6bd894","ts":"2026-04-24T19:38:58.998498+00:00"}
{"category":"SENSOR","details":{"batch_ts":1777059539.2464,"sample_count":25},"device":"rpi-9a2f6ea2e358535b","event":"FIFO_READ","level":"INFO","seq":40,"sig":"faf4f010bbef154e","ts":"2026-04-24T19:38:59.246449+00:00"}
{"category":"NETWORK","details":{"payload":{"fft":{"band_hz":[4.0,7.0],"x":{"mean_amp_g":0.001284,"peak_amp_g":0.00174,"peak_hz":5.0},"y":{"mean_amp_g":0.00202,"peak_amp_g":0.003928,"peak_hz":4.0},"z":{"mean_amp_g":0.002282,"peak_amp_g":0.00292,"peak_hz":4.0}},"patient_id":"patient-001","timestamp":1777059539.2464392},"reason":"MQTT client not initialized","topic":"baymax/tremor-data"},"device":"rpi-9a2f6ea2e358535b","event":"MQTT_PUBLISH_SKIPPED","level":"WARNING","seq":41,"sig":"64dda9155d7d87f8","ts":"2026-04-24T19:38:59.247938+00:00"}
{"category":"SENSOR","details":{"batch_ts":1777059539.4964,"sample_count":25},"device":"rpi-9a2f6ea2e358535b","event":"FIFO_READ","level":"INFO","seq":42,"sig":"f28380874ba9542f","ts":"2026-04-24T19:38:59.496445+00:00"}
{"category":"NETWORK","details":{"payload":{"fft":{"band_hz":[4.0,7.0],"x":{"mean_amp_g":0.001105,"peak_amp_g":0.001532,"peak_hz":7.0},"y":{"mean_amp_g":0.002889,"peak_amp_g":0.004832,"peak_hz":4.0},"z":{"mean_amp_g":0.002103,"peak_amp_g":0.002547,"peak_hz":6.0}},"patient_id":"patient-001","timestamp":1777059539.496434},"reason":"MQTT client not initialized","topic":"baymax/tremor-data"},"device":"rpi-9a2f6ea2e358535b","event":"MQTT_PUBLISH_SKIPPED","level":"WARNING","seq":43,"sig":"d52fa42708d4aac3","ts":"2026-04-24T19:38:59.498184+00:00"}
{"category":"SENSOR","details":{"batch_ts":1777059539.7465,"sample_count":25},"device":"rpi-9a2f6ea2e358535b","event":"FIFO_READ","level":"INFO","seq":44,"sig":"55b9324175e93038","ts":"2026-04-24T19:38:59.746475+00:00"}
{"category":"NETWORK","details":{"payload":{"fft":{"band_hz":[4.0,7.0],"x":{"mean_amp_g":0.001054,"peak_amp_g":0.001258,"peak_hz":6.0},"y":{"mean_amp_g":0.002356,"peak_amp_g":0.003362,"peak_hz":4.0},"z":{"mean_amp_g":0.001508,"peak_amp_g":0.00238,"peak_hz":7.0}},"patient_id":"patient-001","timestamp":1777059539.7464616},"reason":"MQTT client not initialized","topic":"baymax/tremor-data"},"device":"rpi-9a2f6ea2e358535b","event":"MQTT_PUBLISH_SKIPPED","level":"WARNING","seq":45,"sig":"5c6bc8bdf7e79887","ts":"2026-04-24T19:38:59.748147+00:00"}
{"category":"SENSOR","details":{"batch_ts":1777059539.9964,"sample_count":25},"device":"rpi-9a2f6ea2e358535b","event":"FIFO_READ","level":"INFO","seq":46,"sig":"b39607c3f2142cd6","ts":"2026-04-24T19:38:59.996438+00:00"}
{"category":"NETWORK","details":{"payload":{"fft":{"band_hz":[4.0,7.0],"x":{"mean_amp_g":0.001158,"peak_amp_g":0.002375,"peak_hz":4.0},"y":{"mean_amp_g":0.002554,"peak_amp_g":0.003274,"peak_hz":4.0},"z":{"mean_amp_g":0.001472,"peak_amp_g":0.002026,"peak_hz":5.0}},"patient_id":"patient-001","timestamp":1777059539.996429},"reason":"MQTT client not initialized","topic":"baymax/tremor-data"},"device":"rpi-9a2f6ea2e358535b","event":"MQTT_PUBLISH_SKIPPED","level":"WARNING","seq":47,"sig":"bab71556cbc84785","ts":"2026-04-24T19:38:59.998116+00:00"}
{"category":"SENSOR","details":{"batch_ts":1777059540.2472,"sample_count":25},"device":"rpi-9a2f6ea2e358535b","event":"FIFO_READ","level":"INFO","seq":48,"sig":"f39f5bd6e5776b62","ts":"2026-04-24T19:39:00.247242+00:00"}
{"category":"NETWORK","details":{"payload":{"fft":{"band_hz":[4.0,7.0],"x":{"mean_amp_g":0.00188,"peak_amp_g":0.002918,"peak_hz":4.0},"y":{"mean_amp_g":0.001824,"peak_amp_g":0.002312,"peak_hz":4.0},"z":{"mean_amp_g":0.002949,"peak_amp_g":0.003851,"peak_hz":7.0}},"patient_id":"patient-001","timestamp":1777059540.2472315},"reason":"MQTT client not initialized","topic":"baymax/tremor-data"},"device":"rpi-9a2f6ea2e358535b","event":"MQTT_PUBLISH_SKIPPED","level":"WARNING","seq":49,"sig":"1d4153005c13dada","ts":"2026-04-24T19:39:00.249088+00:00"}
{"category":"SENSOR","details":{"batch_ts":1777059540.4965,"sample_count":25},"device":"rpi-9a2f6ea2e358535b","event":"FIFO_READ","level":"INFO","seq":50,"sig":"a31f09dd32b83abd","ts":"2026-04-24T19:39:00.496467+00:00"}
{"category":"NETWORK","details":{"payload":{"fft":{"band_hz":[4.0,7.0],"x":{"mean_amp_g":0.001886,"peak_amp_g":0.003403,"peak_hz":4.0},"y":{"mean_amp_g":0.000943,"peak_amp_g":0.001589,"peak_hz":5.0},"z":{"mean_amp_g":0.002955,"peak_amp_g":0.004123,"peak_hz":4.0}},"patient_id":"patient-001","timestamp":1777059540.4964578},"reason":"MQTT client not initialized","topic":"baymax/tremor-data"},"device":"rpi-9a2f6ea2e358535b","event":"MQTT_PUBLISH_SKIPPED","level":"WARNING","seq":51,"sig":"06cf98a673aa8e05","ts":"2026-04-24T19:39:00.498037+00:00"}
{"category":"SENSOR","details":{"batch_ts":1777059540.7456,"sample_count":24},"device":"rpi-9a2f6ea2e358535b","event":"FIFO_READ","level":"INFO","seq":52,"sig":"db7d96fba2cf8f3e","ts":"2026-04-24T19:39:00.745593+00:00"}
{"category":"NETWORK","details":{"payload":{"fft":{"band_hz":[4.0,7.0],"x":{"mean_amp_g":0.001886,"peak_amp_g":0.002571,"peak_hz":5.0},"y":{"mean_amp_g":0.001087,"peak_amp_g":0.002068,"peak_hz":4.0},"z":{"mean_amp_g":0.003003,"peak_amp_g":0.005112,"peak_hz":7.0}},"patient_id":"patient-001","timestamp":1777059540.7455802},"reason":"MQTT client not initialized","topic":"baymax/tremor-data"},"device":"rpi-9a2f6ea2e358535b","event":"MQTT_PUBLISH_SKIPPED","level":"WARNING","seq":53,"sig":"68a1073e945a3f78","ts":"2026-04-24T19:39:00.746612+00:00"}
{"category":"SENSOR","details":{"batch_ts":1777059540.9964,"sample_count":25},"device":"rpi-9a2f6ea2e358535b","event":"FIFO_READ","level":"INFO","seq":54,"sig":"d243a7af1db1eca9","ts":"2026-04-24T19:39:00.996436+00:00"}
{"category":"NETWORK","details":{"payload":{"fft":{"band_hz":[4.0,7.0],"x":{"mean_amp_g":0.001323,"peak_amp_g":0.001774,"peak_hz":7.0},"y":{"mean_amp_g":0.00179,"peak_amp_g":0.002324,"peak_hz":6.0},"z":{"mean_amp_g":0.003263,"peak_amp_g":0.004995,"peak_hz":5.0}},"patient_id":"patient-001","timestamp":1777059540.9964275},"reason":"MQTT client not initialized","topic":"baymax/tremor-data"},"device":"rpi-9a2f6ea2e358535b","event":"MQTT_PUBLISH_SKIPPED","level":"WARNING","seq":55,"sig":"ee08040b6c335d31","ts":"2026-04-24T19:39:00.998409+00:00"}
{"category":"SENSOR","details":{"batch_ts":1777059541.2464,"sample_count":25},"device":"rpi-9a2f6ea2e358535b","event":"FIFO_READ","level":"INFO","seq":56,"sig":"ee5d6ec62d99d90c","ts":"2026-04-24T19:39:01.246435+00:00"}
{"category":"NETWORK","details":{"payload":{"fft":{"band_hz":[4.0,7.0],"x":{"mean_amp_g":0.00131,"peak_amp_g":0.001895,"peak_hz":4.0},"y":{"mean_amp_g":0.001969,"peak_amp_g":0.002683,"peak_hz":5.0},"z":{"mean_amp_g":0.001901,"peak_amp_g":0.00236,"peak_hz":7.0}},"patient_id":"patient-001","timestamp":1777059541.2464268},"reason":"MQTT client not initialized","topic":"baymax/tremor-data"},"device":"rpi-9a2f6ea2e358535b","event":"MQTT_PUBLISH_SKIPPED","level":"WARNING","seq":57,"sig":"91de1b9540d2b1d3","ts":"2026-04-24T19:39:01.247247+00:00"}
{"category":"SENSOR","details":{"batch_ts":1777059541.4965,"sample_count":25},"device":"rpi-9a2f6ea2e358535b","event":"FIFO_READ","level":"INFO","seq":58,"sig":"69ca0976beeaf94d","ts":"2026-04-24T19:39:01.496467+00:00"}
{"category":"NETWORK","details":{"payload":{"fft":{"band_hz":[4.0,7.0],"x":{"mean_amp_g":0.001353,"peak_amp_g":0.00307,"peak_hz":7.0},"y":{"mean_amp_g":0.002711,"peak_amp_g":0.003504,"peak_hz":5.0},"z":{"mean_amp_g":0.001578,"peak_amp_g":0.002331,"peak_hz":6.0}},"patient_id":"patient-001","timestamp":1777059541.4964578},"reason":"MQTT client not initialized","topic":"baymax/tremor-data"},"device":"rpi-9a2f6ea2e358535b","event":"MQTT_PUBLISH_SKIPPED","level":"WARNING","seq":59,"sig":"8f7c61606233db76","ts":"2026-04-24T19:39:01.498535+00:00"}
{"category":"SENSOR","details":{"batch_ts":1777059541.7465,"sample_count":25},"device":"rpi-9a2f6ea2e358535b","event":"FIFO_READ","level":"INFO","seq":60,"sig":"200cc95fd34e0a0b","ts":"2026-04-24T19:39:01.746493+00:00"}
{"category":"NETWORK","details":{"payload":{"fft":{"band_hz":[4.0,7.0],"x":{"mean_amp_g":0.00148,"peak_amp_g":0.002221,"peak_hz":7.0},"y":{"mean_amp_g":0.002592,"peak_amp_g":0.003385,"peak_hz":6.0},"z":{"mean_amp_g":0.001759,"peak_amp_g":0.002249,"peak_hz":4.0}},"patient_id":"patient-001","timestamp":1777059541.7464793},"reason":"MQTT client not initialized","topic":"baymax/tremor-data"},"device":"rpi-9a2f6ea2e358535b","event":"MQTT_PUBLISH_SKIPPED","level":"WARNING","seq":61,"sig":"240d7b2c41ca6030","ts":"2026-04-24T19:39:01.747386+00:00"}
{"category":"SENSOR","details":{"batch_ts":1777059541.9964,"sample_count":25},"device":"rpi-9a2f6ea2e358535b","event":"FIFO_READ","level":"INFO","seq":62,"sig":"dee86bc3bb99a150","ts":"2026-04-24T19:39:01.996435+00:00"}
{"category":"NETWORK","details":{"payload":{"fft":{"band_hz":[4.0,7.0],"x":{"mean_amp_g":0.001268,"peak_amp_g":0.001452,"peak_hz":7.0},"y":{"mean_amp_g":0.00247,"peak_amp_g":0.003204,"peak_hz":6.0},"z":{"mean_amp_g":0.002548,"peak_amp_g":0.004568,"peak_hz":4.0}},"patient_id":"patient-001","timestamp":1777059541.9964244},"reason":"MQTT client not initialized","topic":"baymax/tremor-data"},"device":"rpi-9a2f6ea2e358535b","event":"MQTT_PUBLISH_SKIPPED","level":"WARNING","seq":63,"sig":"e143204c228bcd26","ts":"2026-04-24T19:39:01.998497+00:00"}
{"category":"SENSOR","details":{"batch_ts":1777059542.2464,"sample_count":25},"device":"rpi-9a2f6ea2e358535b","event":"FIFO_READ","level":"INFO","seq":64,"sig":"f680a2153cf22c75","ts":"2026-04-24T19:39:02.246447+00:00"}
{"category":"NETWORK","details":{"payload":{"fft":{"band_hz":[4.0,7.0],"x":{"mean_amp_g":0.001097,"peak_amp_g":0.002787,"peak_hz":7.0},"y":{"mean_amp_g":0.001943,"peak_amp_g":0.002858,"peak_hz":4.0},"z":{"mean_amp_g":0.001794,"peak_amp_g":0.004131,"peak_hz":4.0}},"patient_id":"patient-001","timestamp":1777059542.2464392},"reason":"MQTT client not initialized","topic":"baymax/tremor-data"},"device":"rpi-9a2f6ea2e358535b","event":"MQTT_PUBLISH_SKIPPED","level":"WARNING","seq":65,"sig":"b6f744443e0d929a","ts":"2026-04-24T19:39:02.247345+00:00"}
{"category":"SENSOR","details":{"batch_ts":1777059542.4964,"sample_count":25},"device":"rpi-9a2f6ea2e358535b","event":"FIFO_READ","level":"INFO","seq":66,"sig":"1ad87c0f1ed41a02","ts":"2026-04-24T19:39:02.496436+00:00"}
{"category":"NETWORK","details":{"payload":{"fft":{"band_hz":[4.0,7.0],"x":{"mean_amp_g":0.001151,"peak_amp_g":0.002208,"peak_hz":7.0},"y":{"mean_amp_g":0.002199,"peak_amp_g":0.003185,"peak_hz":4.0},"z":{"mean_amp_g":0.002667,"peak_amp_g":0.004939,"peak_hz":4.0}},"patient_id":"patient-001","timestamp":1777059542.4964273},"reason":"MQTT client not initialized","topic":"baymax/tremor-data"},"device":"rpi-9a2f6ea2e358535b","event":"MQTT_PUBLISH_SKIPPED","level":"WARNING","seq":67,"sig":"308e753c0093ae2a","ts":"2026-04-24T19:39:02.497789+00:00"}
{"category":"SENSOR","details":{"batch_ts":1777059542.7464,"sample_count":25},"device":"rpi-9a2f6ea2e358535b","event":"FIFO_READ","level":"INFO","seq":68,"sig":"e59f78013efd81f6","ts":"2026-04-24T19:39:02.746456+00:00"}
{"category":"NETWORK","details":{"payload":{"fft":{"band_hz":[4.0,7.0],"x":{"mean_amp_g":0.001334,"peak_amp_g":0.001616,"peak_hz":4.0},"y":{"mean_amp_g":0.002495,"peak_amp_g":0.003739,"peak_hz":5.0},"z":{"mean_amp_g":0.002709,"peak_amp_g":0.004659,"peak_hz":7.0}},"patient_id":"patient-001","timestamp":1777059542.7464442},"reason":"MQTT client not initialized","topic":"baymax/tremor-data"},"device":"rpi-9a2f6ea2e358535b","event":"MQTT_PUBLISH_SKIPPED","level":"WARNING","seq":69,"sig":"ff136c2550695b71","ts":"2026-04-24T19:39:02.747457+00:00"}
{"category":"SENSOR","details":{"batch_ts":1777059542.9956,"sample_count":24},"device":"rpi-9a2f6ea2e358535b","event":"FIFO_READ","level":"INFO","seq":70,"sig":"0c8456b301b3d906","ts":"2026-04-24T19:39:02.995567+00:00"}
{"category":"NETWORK","details":{"payload":{"fft":{"band_hz":[4.0,7.0],"x":{"mean_amp_g":0.001492,"peak_amp_g":0.002707,"peak_hz":6.0},"y":{"mean_amp_g":0.002613,"peak_amp_g":0.004678,"peak_hz":4.0},"z":{"mean_amp_g":0.002472,"peak_amp_g":0.004212,"peak_hz":7.0}},"patient_id":"patient-001","timestamp":1777059542.9955575},"reason":"MQTT client not initialized","topic":"baymax/tremor-data"},"device":"rpi-9a2f6ea2e358535b","event":"MQTT_PUBLISH_SKIPPED","level":"WARNING","seq":71,"sig":"eb4ed550b632f5cf","ts":"2026-04-24T19:39:02.996998+00:00"}
{"category":"SYSTEM","details":{"reason":"KeyboardInterrupt","total_polls":37},"device":"rpi-9a2f6ea2e358535b","event":"DEVICE_SHUTDOWN","level":"INFO","seq":72,"sig":"6b64e21832b3ff72","ts":"2026-04-24T19:39:03.221658+00:00"}
{"category":"NETWORK","details":{"error":"[Errno 2] No such file or directory: '/path/to/hardware/certs/<REDACTED-CERT-ID>-private.key'","reason":"cert file missing"},"device":"rpi-9a2f6ea2e358535b","event":"MQTT_INIT_FAILED","level":"CRITICAL","seq":1,"sig":"cd81b08c7d0d9bb6","ts":"2026-04-24T19:43:28.616185+00:00"}
{"category":"SYSTEM","details":{"fft_buffer_size":100,"poll_interval_s":0.25},"device":"rpi-9a2f6ea2e358535b","event":"DEVICE_BOOT","level":"INFO","seq":2,"sig":"3d68677ae0d00358","ts":"2026-04-24T19:43:28.616613+00:00"}
{"category":"SENSOR","details":{"addr_hex":"0x53","fifo_mode":"stream","odr_hz":100,"range_g":16,"scale_g_lsb":0.004,"watermark":25},"device":"rpi-9a2f6ea2e358535b","event":"SENSOR_INIT","level":"INFO","seq":3,"sig":"c13ede3945356b23","ts":"2026-04-24T19:43:28.618493+00:00"}
{"category":"SENSOR","details":{"batch_ts":1777059808.891,"sample_count":25},"device":"rpi-9a2f6ea2e358535b","event":"FIFO_READ","level":"INFO","seq":4,"sig":"b797df4b0cbc8ccc","ts":"2026-04-24T19:43:28.891000+00:00"}
{"category":"SENSOR","details":{"batch_ts":1777059809.1401,"sample_count":24},"device":"rpi-9a2f6ea2e358535b","event":"FIFO_READ","level":"INFO","seq":5,"sig":"bb8bb0d8f078d1c8","ts":"2026-04-24T19:43:29.140124+00:00"}
{"category":"SENSOR","details":{"batch_ts":1777059809.391,"sample_count":25},"device":"rpi-9a2f6ea2e358535b","event":"FIFO_READ","level":"INFO","seq":6,"sig":"cc6b26ae7455b08b","ts":"2026-04-24T19:43:29.390999+00:00"}
{"category":"SENSOR","details":{"batch_ts":1777059809.641,"sample_count":25},"device":"rpi-9a2f6ea2e358535b","event":"FIFO_READ","level":"INFO","seq":7,"sig":"92acd32e6901ee6e","ts":"2026-04-24T19:43:29.641005+00:00"}
{"category":"SENSOR","details":{"batch_ts":1777059809.891,"sample_count":25},"device":"rpi-9a2f6ea2e358535b","event":"FIFO_READ","level":"INFO","seq":8,"sig":"050ff8380e3c8e69","ts":"2026-04-24T19:43:29.891000+00:00"}
{"category":"NETWORK","details":{"payload":{"fft":{"band_hz":[4.0,7.0],"x":{"mean_amp_g":0.001869,"peak_amp_g":0.00286,"peak_hz":4.0},"y":{"mean_amp_g":0.001534,"peak_amp_g":0.002114,"peak_hz":7.0},"z":{"mean_amp_g":0.002333,"peak_amp_g":0.003609,"peak_hz":5.0}},"patient_id":"patient-001","timestamp":1777059809.8909895},"reason":"MQTT client not initialized","topic":"baymax/tremor-data"},"device":"rpi-9a2f6ea2e358535b","event":"MQTT_PUBLISH_SKIPPED","level":"WARNING","seq":9,"sig":"0691509bef35fd04","ts":"2026-04-24T19:43:29.893300+00:00"}
{"category":"SENSOR","details":{"batch_ts":1777059810.141,"sample_count":25},"device":"rpi-9a2f6ea2e358535b","event":"FIFO_READ","level":"INFO","seq":10,"sig":"b56a0e9287cc0956","ts":"2026-04-24T19:43:30.140986+00:00"}
{"category":"NETWORK","details":{"payload":{"fft":{"band_hz":[4.0,7.0],"x":{"mean_amp_g":0.001748,"peak_amp_g":0.002842,"peak_hz":7.0},"y":{"mean_amp_g":0.001878,"peak_amp_g":0.003853,"peak_hz":7.0},"z":{"mean_amp_g":0.00207,"peak_amp_g":0.003362,"peak_hz":5.0}},"patient_id":"patient-001","timestamp":1777059810.1409771},"reason":"MQTT client not initialized","topic":"baymax/tremor-data"},"device":"rpi-9a2f6ea2e358535b","event":"MQTT_PUBLISH_SKIPPED","level":"WARNING","seq":11,"sig":"ee44e0deb7562634","ts":"2026-04-24T19:43:30.141695+00:00"}
{"category":"SENSOR","details":{"batch_ts":1777059810.391,"sample_count":25},"device":"rpi-9a2f6ea2e358535b","event":"FIFO_READ","level":"INFO","seq":12,"sig":"58530630a8cd4785","ts":"2026-04-24T19:43:30.390980+00:00"}
{"category":"NETWORK","details":{"payload":{"fft":{"band_hz":[4.0,7.0],"x":{"mean_amp_g":0.00121,"peak_amp_g":0.002185,"peak_hz":4.0},"y":{"mean_amp_g":0.001947,"peak_amp_g":0.00332,"peak_hz":5.0},"z":{"mean_amp_g":0.00255,"peak_amp_g":0.002801,"peak_hz":4.0}},"patient_id":"patient-001","timestamp":1777059810.3909721},"reason":"MQTT client not initialized","topic":"baymax/tremor-data"},"device":"rpi-9a2f6ea2e358535b","event":"MQTT_PUBLISH_SKIPPED","level":"WARNING","seq":13,"sig":"3a62367e018620ef","ts":"2026-04-24T19:43:30.391618+00:00"}
{"category":"SENSOR","details":{"batch_ts":1777059810.641,"sample_count":25},"device":"rpi-9a2f6ea2e358535b","event":"FIFO_READ","level":"INFO","seq":14,"sig":"cbbdf0fd07059715","ts":"2026-04-24T19:43:30.640999+00:00"}
{"category":"NETWORK","details":{"payload":{"fft":{"band_hz":[4.0,7.0],"x":{"mean_amp_g":0.001735,"peak_amp_g":0.002994,"peak_hz":4.0},"y":{"mean_amp_g":0.002187,"peak_amp_g":0.00311,"peak_hz":5.0},"z":{"mean_amp_g":0.002033,"peak_amp_g":0.002726,"peak_hz":7.0}},"patient_id":"patient-001","timestamp":1777059810.64099},"reason":"MQTT client not initialized","topic":"baymax/tremor-data"},"device":"rpi-9a2f6ea2e358535b","event":"MQTT_PUBLISH_SKIPPED","level":"WARNING","seq":15,"sig":"90d1a5664085d63d","ts":"2026-04-24T19:43:30.641757+00:00"}
{"category":"SENSOR","details":{"batch_ts":1777059810.891,"sample_count":25},"device":"rpi-9a2f6ea2e358535b","event":"FIFO_READ","level":"INFO","seq":16,"sig":"b2fe0fac9d3000bb","ts":"2026-04-24T19:43:30.890975+00:00"}
{"category":"NETWORK","details":{"payload":{"fft":{"band_hz":[4.0,7.0],"x":{"mean_amp_g":0.001938,"peak_amp_g":0.002872,"peak_hz":6.0},"y":{"mean_amp_g":0.00254,"peak_amp_g":0.004193,"peak_hz":5.0},"z":{"mean_amp_g":0.002779,"peak_amp_g":0.003223,"peak_hz":4.0}},"patient_id":"patient-001","timestamp":1777059810.8909676},"reason":"MQTT client not initialized","topic":"baymax/tremor-data"},"device":"rpi-9a2f6ea2e358535b","event":"MQTT_PUBLISH_SKIPPED","level":"WARNING","seq":17,"sig":"bdf710baae1a9a52","ts":"2026-04-24T19:43:30.891597+00:00"}
{"category":"SYSTEM","details":{"reason":"KeyboardInterrupt","total_polls":10},"device":"rpi-9a2f6ea2e358535b","event":"DEVICE_SHUTDOWN","level":"INFO","seq":18,"sig":"73f6fe31779396c1","ts":"2026-04-24T19:43:30.962880+00:00"}
{"category":"NETWORK","details":{"broker":"<REDACTED-IOT-ENDPOINT>"},"device":"rpi-9a2f6ea2e358535b","event":"MQTT_CONNECTED","level":"INFO","seq":1,"sig":"edc6e1e5e29855cd","ts":"2026-04-24T20:24:56.944715+00:00"}
{"category":"SYSTEM","details":{"fft_buffer_size":100,"poll_interval_s":0.25},"device":"rpi-9a2f6ea2e358535b","event":"DEVICE_BOOT","level":"INFO","seq":2,"sig":"44101f4e47439fb5","ts":"2026-04-24T20:24:56.945124+00:00"}
{"category":"SENSOR","details":{"addr_hex":"0x53","fifo_mode":"stream","odr_hz":100,"range_g":16,"scale_g_lsb":0.004,"watermark":25},"device":"rpi-9a2f6ea2e358535b","event":"SENSOR_INIT","level":"INFO","seq":3,"sig":"f539fd5e93f72340","ts":"2026-04-24T20:24:56.946904+00:00"}
{"category":"SENSOR","details":{"batch_ts":1777062297.2194,"sample_count":25},"device":"rpi-9a2f6ea2e358535b","event":"FIFO_READ","level":"INFO","seq":4,"sig":"ed338e851cc8b86b","ts":"2026-04-24T20:24:57.219378+00:00"}
{"category":"SENSOR","details":{"batch_ts":1777062297.4685,"sample_count":24},"device":"rpi-9a2f6ea2e358535b","event":"FIFO_READ","level":"INFO","seq":5,"sig":"06ebfb86e2fbf766","ts":"2026-04-24T20:24:57.468471+00:00"}
{"category":"SENSOR","details":{"batch_ts":1777062297.7195,"sample_count":25},"device":"rpi-9a2f6ea2e358535b","event":"FIFO_READ","level":"INFO","seq":6,"sig":"0e95227cf16d0f8e","ts":"2026-04-24T20:24:57.719528+00:00"}
{"category":"SENSOR","details":{"batch_ts":1777062297.9693,"sample_count":25},"device":"rpi-9a2f6ea2e358535b","event":"FIFO_READ","level":"INFO","seq":7,"sig":"bb5652130dbc2653","ts":"2026-04-24T20:24:57.969346+00:00"}
{"category":"SENSOR","details":{"batch_ts":1777062298.2194,"sample_count":25},"device":"rpi-9a2f6ea2e358535b","event":"FIFO_READ","level":"INFO","seq":8,"sig":"ddb47207c40c5b83","ts":"2026-04-24T20:24:58.219359+00:00"}
{"category":"SENSOR","details":{"batch_ts":1777062298.4694,"sample_count":25},"device":"rpi-9a2f6ea2e358535b","event":"FIFO_READ","level":"INFO","seq":9,"sig":"6c8d2b5e63388a2a","ts":"2026-04-24T20:24:58.469366+00:00"}
{"category":"SENSOR","details":{"batch_ts":1777062298.7194,"sample_count":25},"device":"rpi-9a2f6ea2e358535b","event":"FIFO_READ","level":"INFO","seq":10,"sig":"c88072a20742564b","ts":"2026-04-24T20:24:58.719390+00:00"}
{"category":"SENSOR","details":{"batch_ts":1777062298.9694,"sample_count":25},"device":"rpi-9a2f6ea2e358535b","event":"FIFO_READ","level":"INFO","seq":11,"sig":"f08c3ee35b998829","ts":"2026-04-24T20:24:58.969364+00:00"}
{"category":"SENSOR","details":{"batch_ts":1777062299.2194,"sample_count":25},"device":"rpi-9a2f6ea2e358535b","event":"FIFO_READ","level":"INFO","seq":12,"sig":"4b90c6870a154986","ts":"2026-04-24T20:24:59.219378+00:00"}
{"category":"SENSOR","details":{"batch_ts":1777062299.4694,"sample_count":25},"device":"rpi-9a2f6ea2e358535b","event":"FIFO_READ","level":"INFO","seq":13,"sig":"17ecd5d11b332481","ts":"2026-04-24T20:24:59.469359+00:00"}
{"category":"SENSOR","details":{"batch_ts":1777062299.7185,"sample_count":24},"device":"rpi-9a2f6ea2e358535b","event":"FIFO_READ","level":"INFO","seq":14,"sig":"059b938659c4a23a","ts":"2026-04-24T20:24:59.718514+00:00"}
{"category":"SENSOR","details":{"batch_ts":1777062299.9694,"sample_count":25},"device":"rpi-9a2f6ea2e358535b","event":"FIFO_READ","level":"INFO","seq":15,"sig":"30d74baf2c2188dd","ts":"2026-04-24T20:24:59.969372+00:00"}
{"category":"SENSOR","details":{"batch_ts":1777062300.2194,"sample_count":25},"device":"rpi-9a2f6ea2e358535b","event":"FIFO_READ","level":"INFO","seq":16,"sig":"386d41a8e39cbc9b","ts":"2026-04-24T20:25:00.219363+00:00"}
{"category":"SENSOR","details":{"batch_ts":1777062300.4694,"sample_count":25},"device":"rpi-9a2f6ea2e358535b","event":"FIFO_READ","level":"INFO","seq":17,"sig":"e82eeea9750f6851","ts":"2026-04-24T20:25:00.469359+00:00"}
{"category":"SENSOR","details":{"batch_ts":1777062300.7194,"sample_count":25},"device":"rpi-9a2f6ea2e358535b","event":"FIFO_READ","level":"INFO","seq":18,"sig":"51ce579f06f5ba6d","ts":"2026-04-24T20:25:00.719389+00:00"}
{"category":"SENSOR","details":{"batch_ts":1777062300.9696,"sample_count":25},"device":"rpi-9a2f6ea2e358535b","event":"FIFO_READ","level":"INFO","seq":19,"sig":"8d51c829227686e6","ts":"2026-04-24T20:25:00.969566+00:00"}
{"category":"SYSTEM","details":{"reason":"KeyboardInterrupt","total_polls":17},"device":"rpi-9a2f6ea2e358535b","event":"DEVICE_SHUTDOWN","level":"INFO","seq":20,"sig":"8c6547e49ed60258","ts":"2026-04-24T20:25:01.072256+00:00"}
{"category":"NETWORK","details":{"rc":0},"device":"rpi-9a2f6ea2e358535b","event":"MQTT_DISCONNECTED","level":"INFO","seq":21,"sig":"948f2d43debad476","ts":"2026-04-24T20:25:01.072769+00:00"}
{"category":"NETWORK","details":{"broker":"<REDACTED-IOT-ENDPOINT>"},"device":"rpi-9a2f6ea2e358535b","event":"MQTT_CONNECTED","level":"INFO","seq":1,"sig":"7c085cc0356e7fba","ts":"2026-04-24T20:30:12.878587+00:00"}
{"category":"SYSTEM","details":{"fft_buffer_size":100,"poll_interval_s":0.25},"device":"rpi-9a2f6ea2e358535b","event":"DEVICE_BOOT","level":"INFO","seq":2,"sig":"9b11f70755463cb3","ts":"2026-04-24T20:30:12.879010+00:00"}
{"category":"SENSOR","details":{"addr_hex":"0x53","fifo_mode":"stream","odr_hz":100,"range_g":16,"scale_g_lsb":0.004,"watermark":25},"device":"rpi-9a2f6ea2e358535b","event":"SENSOR_INIT","level":"INFO","seq":3,"sig":"c1e068f9274dd2de","ts":"2026-04-24T20:30:12.880834+00:00"}
{"category":"SENSOR","details":{"batch_ts":1777062613.1533,"sample_count":25},"device":"rpi-9a2f6ea2e358535b","event":"FIFO_READ","level":"INFO","seq":4,"sig":"df9b950769aeb0cc","ts":"2026-04-24T20:30:13.153304+00:00"}
{"category":"SENSOR","details":{"batch_ts":1777062613.4024,"sample_count":24},"device":"rpi-9a2f6ea2e358535b","event":"FIFO_READ","level":"INFO","seq":5,"sig":"b129fabe8f15d67d","ts":"2026-04-24T20:30:13.402418+00:00"}
{"category":"SENSOR","details":{"batch_ts":1777062613.6533,"sample_count":25},"device":"rpi-9a2f6ea2e358535b","event":"FIFO_READ","level":"INFO","seq":6,"sig":"4a3dbf0c11407d1b","ts":"2026-04-24T20:30:13.653315+00:00"}
{"category":"SENSOR","details":{"batch_ts":1777062613.9033,"sample_count":25},"device":"rpi-9a2f6ea2e358535b","event":"FIFO_READ","level":"INFO","seq":7,"sig":"015aeb8515e3e096","ts":"2026-04-24T20:30:13.903327+00:00"}
{"category":"SENSOR","details":{"batch_ts":1777062614.1533,"sample_count":25},"device":"rpi-9a2f6ea2e358535b","event":"FIFO_READ","level":"INFO","seq":8,"sig":"118be40648361f71","ts":"2026-04-24T20:30:14.153334+00:00"}
{"category":"SENSOR","details":{"batch_ts":1777062614.4033,"sample_count":25},"device":"rpi-9a2f6ea2e358535b","event":"FIFO_READ","level":"INFO","seq":9,"sig":"ed585618665e7167","ts":"2026-04-24T20:30:14.403317+00:00"}
{"category":"SENSOR","details":{"batch_ts":1777062614.6533,"sample_count":25},"device":"rpi-9a2f6ea2e358535b","event":"FIFO_READ","level":"INFO","seq":10,"sig":"8312b17c7250d5df","ts":"2026-04-24T20:30:14.653312+00:00"}
{"category":"SENSOR","details":{"batch_ts":1777062614.9033,"sample_count":25},"device":"rpi-9a2f6ea2e358535b","event":"FIFO_READ","level":"INFO","seq":11,"sig":"aad3c2dbc060374b","ts":"2026-04-24T20:30:14.903302+00:00"}
{"category":"SENSOR","details":{"batch_ts":1777062615.1533,"sample_count":25},"device":"rpi-9a2f6ea2e358535b","event":"FIFO_READ","level":"INFO","seq":12,"sig":"f107ea847102efd7","ts":"2026-04-24T20:30:15.153308+00:00"}
{"category":"SENSOR","details":{"batch_ts":1777062615.4033,"sample_count":25},"device":"rpi-9a2f6ea2e358535b","event":"FIFO_READ","level":"INFO","seq":13,"sig":"0b583cce47a3d1b1","ts":"2026-04-24T20:30:15.403282+00:00"}
{"category":"SENSOR","details":{"batch_ts":1777062615.6524,"sample_count":24},"device":"rpi-9a2f6ea2e358535b","event":"FIFO_READ","level":"INFO","seq":14,"sig":"81807b1f79619739","ts":"2026-04-24T20:30:15.652456+00:00"}
{"category":"SENSOR","details":{"batch_ts":1777062615.9033,"sample_count":25},"device":"rpi-9a2f6ea2e358535b","event":"FIFO_READ","level":"INFO","seq":15,"sig":"51a4f79965fc0769","ts":"2026-04-24T20:30:15.903325+00:00"}
{"category":"SENSOR","details":{"batch_ts":1777062616.1533,"sample_count":25},"device":"rpi-9a2f6ea2e358535b","event":"FIFO_READ","level":"INFO","seq":16,"sig":"c1d40c0e33d3db68","ts":"2026-04-24T20:30:16.153294+00:00"}
{"category":"SENSOR","details":{"batch_ts":1777062616.4033,"sample_count":25},"device":"rpi-9a2f6ea2e358535b","event":"FIFO_READ","level":"INFO","seq":17,"sig":"21ee9213954d4ac1","ts":"2026-04-24T20:30:16.403302+00:00"}
{"category":"SENSOR","details":{"batch_ts":1777062616.6533,"sample_count":25},"device":"rpi-9a2f6ea2e358535b","event":"FIFO_READ","level":"INFO","seq":18,"sig":"9bb5057995774a3e","ts":"2026-04-24T20:30:16.653321+00:00"}
{"category":"SENSOR","details":{"batch_ts":1777062616.9035,"sample_count":25},"device":"rpi-9a2f6ea2e358535b","event":"FIFO_READ","level":"INFO","seq":19,"sig":"6ea00d32a7cf5123","ts":"2026-04-24T20:30:16.903505+00:00"}
{"category":"SENSOR","details":{"batch_ts":1777062617.1535,"sample_count":25},"device":"rpi-9a2f6ea2e358535b","event":"FIFO_READ","level":"INFO","seq":20,"sig":"79ce8df537f8d889","ts":"2026-04-24T20:30:17.153526+00:00"}
{"category":"SENSOR","details":{"batch_ts":1777062617.4035,"sample_count":25},"device":"rpi-9a2f6ea2e358535b","event":"FIFO_READ","level":"INFO","seq":21,"sig":"58344877f645a696","ts":"2026-04-24T20:30:17.403498+00:00"}
{"category":"SENSOR","details":{"batch_ts":1777062617.6535,"sample_count":25},"device":"rpi-9a2f6ea2e358535b","event":"FIFO_READ","level":"INFO","seq":22,"sig":"bc83a00ce429a64d","ts":"2026-04-24T20:30:17.653553+00:00"}
{"category":"SENSOR","details":{"batch_ts":1777062617.9035,"sample_count":25},"device":"rpi-9a2f6ea2e358535b","event":"FIFO_READ","level":"INFO","seq":23,"sig":"5e9836bad6bd7044","ts":"2026-04-24T20:30:17.903504+00:00"}
{"category":"SENSOR","details":{"batch_ts":1777062618.1526,"sample_count":24},"device":"rpi-9a2f6ea2e358535b","event":"FIFO_READ","level":"INFO","seq":24,"sig":"569c7dfd91348b31","ts":"2026-04-24T20:30:18.152649+00:00"}
{"category":"SENSOR","details":{"batch_ts":1777062618.4035,"sample_count":25},"device":"rpi-9a2f6ea2e358535b","event":"FIFO_READ","level":"INFO","seq":25,"sig":"512504217a252c02","ts":"2026-04-24T20:30:18.403497+00:00"}
{"category":"SENSOR","details":{"batch_ts":1777062618.6535,"sample_count":25},"device":"rpi-9a2f6ea2e358535b","event":"FIFO_READ","level":"INFO","seq":26,"sig":"1ac67e4b69fd0576","ts":"2026-04-24T20:30:18.653542+00:00"}
{"category":"SENSOR","details":{"batch_ts":1777062618.9035,"sample_count":25},"device":"rpi-9a2f6ea2e358535b","event":"FIFO_READ","level":"INFO","seq":27,"sig":"cf1cd51f5e0aa9e7","ts":"2026-04-24T20:30:18.903509+00:00"}
{"category":"SENSOR","details":{"batch_ts":1777062619.1535,"sample_count":25},"device":"rpi-9a2f6ea2e358535b","event":"FIFO_READ","level":"INFO","seq":28,"sig":"a88631b2e4a0fa92","ts":"2026-04-24T20:30:19.153519+00:00"}
{"category":"SENSOR","details":{"batch_ts":1777062619.4035,"sample_count":25},"device":"rpi-9a2f6ea2e358535b","event":"FIFO_READ","level":"INFO","seq":29,"sig":"5e8a27f15141ef71","ts":"2026-04-24T20:30:19.403496+00:00"}
{"category":"SENSOR","details":{"batch_ts":1777062619.6536,"sample_count":25},"device":"rpi-9a2f6ea2e358535b","event":"FIFO_READ","level":"INFO","seq":30,"sig":"200878e30f49cccd","ts":"2026-04-24T20:30:19.653570+00:00"}
{"category":"SENSOR","details":{"batch_ts":1777062619.9035,"sample_count":25},"device":"rpi-9a2f6ea2e358535b","event":"FIFO_READ","level":"INFO","seq":31,"sig":"56cf98af63d413f3","ts":"2026-04-24T20:30:19.903500+00:00"}
{"category":"SENSOR","details":{"batch_ts":1777062620.1535,"sample_count":25},"device":"rpi-9a2f6ea2e358535b","event":"FIFO_READ","level":"INFO","seq":32,"sig":"701845860e7c9eab","ts":"2026-04-24T20:30:20.153513+00:00"}
{"category":"SENSOR","details":{"batch_ts":1777062620.4026,"sample_count":24},"device":"rpi-9a2f6ea2e358535b","event":"FIFO_READ","level":"INFO","seq":33,"sig":"bdfa46b365d2021d","ts":"2026-04-24T20:30:20.402617+00:00"}
{"category":"SENSOR","details":{"batch_ts":1777062620.6535,"sample_count":25},"device":"rpi-9a2f6ea2e358535b","event":"FIFO_READ","level":"INFO","seq":34,"sig":"11c7ca858fe781a5","ts":"2026-04-24T20:30:20.653548+00:00"}
{"category":"SENSOR","details":{"batch_ts":1777062620.9035,"sample_count":25},"device":"rpi-9a2f6ea2e358535b","event":"FIFO_READ","level":"INFO","seq":35,"sig":"d0e3626484a15a96","ts":"2026-04-24T20:30:20.903492+00:00"}
{"category":"SENSOR","details":{"batch_ts":1777062621.1535,"sample_count":25},"device":"rpi-9a2f6ea2e358535b","event":"FIFO_READ","level":"INFO","seq":36,"sig":"94422cd392f74264","ts":"2026-04-24T20:30:21.153508+00:00"}
{"category":"SENSOR","details":{"batch_ts":1777062621.4035,"sample_count":25},"device":"rpi-9a2f6ea2e358535b","event":"FIFO_READ","level":"INFO","seq":37,"sig":"47b5e1ba799b48ac","ts":"2026-04-24T20:30:21.403527+00:00"}
{"category":"SENSOR","details":{"batch_ts":1777062621.6536,"sample_count":25},"device":"rpi-9a2f6ea2e358535b","event":"FIFO_READ","level":"INFO","seq":38,"sig":"22f4d15018f9159c","ts":"2026-04-24T20:30:21.653567+00:00"}
{"category":"SENSOR","details":{"batch_ts":1777062621.9035,"sample_count":25},"device":"rpi-9a2f6ea2e358535b","event":"FIFO_READ","level":"INFO","seq":39,"sig":"6920146c4dd80373","ts":"2026-04-24T20:30:21.903566+00:00"}
{"category":"SENSOR","details":{"batch_ts":1777062622.1535,"sample_count":25},"device":"rpi-9a2f6ea2e358535b","event":"FIFO_READ","level":"INFO","seq":40,"sig":"4bcceed344fc3bab","ts":"2026-04-24T20:30:22.153556+00:00"}
{"category":"SENSOR","details":{"batch_ts":1777062622.4035,"sample_count":25},"device":"rpi-9a2f6ea2e358535b","event":"FIFO_READ","level":"INFO","seq":41,"sig":"ae31ffda6e0a4269","ts":"2026-04-24T20:30:22.403525+00:00"}
{"category":"SENSOR","details":{"batch_ts":1777062622.6536,"sample_count":25},"device":"rpi-9a2f6ea2e358535b","event":"FIFO_READ","level":"INFO","seq":42,"sig":"6606381c2ba81abd","ts":"2026-04-24T20:30:22.653594+00:00"}
{"category":"SENSOR","details":{"batch_ts":1777062622.9026,"sample_count":24},"device":"rpi-9a2f6ea2e358535b","event":"FIFO_READ","level":"INFO","seq":43,"sig":"96c1f1ef000545d8","ts":"2026-04-24T20:30:22.902644+00:00"}
{"category":"SENSOR","details":{"batch_ts":1777062623.1535,"sample_count":25},"device":"rpi-9a2f6ea2e358535b","event":"FIFO_READ","level":"INFO","seq":44,"sig":"c0f6841ef55df1ae","ts":"2026-04-24T20:30:23.153526+00:00"}
{"category":"SENSOR","details":{"batch_ts":1777062623.4035,"sample_count":25},"device":"rpi-9a2f6ea2e358535b","event":"FIFO_READ","level":"INFO","seq":45,"sig":"19f67c6b03799196","ts":"2026-04-24T20:30:23.403513+00:00"}
{"category":"SENSOR","details":{"batch_ts":1777062623.6535,"sample_count":25},"device":"rpi-9a2f6ea2e358535b","event":"FIFO_READ","level":"INFO","seq":46,"sig":"fc524a4784538260","ts":"2026-04-24T20:30:23.653543+00:00"}
{"category":"SENSOR","details":{"batch_ts":1777062623.9036,"sample_count":25},"device":"rpi-9a2f6ea2e358535b","event":"FIFO_READ","level":"INFO","seq":47,"sig":"99207e99cae6fcbd","ts":"2026-04-24T20:30:23.903570+00:00"}
{"category":"SENSOR","details":{"batch_ts":1777062624.1535,"sample_count":25},"device":"rpi-9a2f6ea2e358535b","event":"FIFO_READ","level":"INFO","seq":48,"sig":"cc412a2c50aad5f4","ts":"2026-04-24T20:30:24.153544+00:00"}
{"category":"SENSOR","details":{"batch_ts":1777062624.4037,"sample_count":25},"device":"rpi-9a2f6ea2e358535b","event":"FIFO_READ","level":"INFO","seq":49,"sig":"8eb2fd2dd8ee119a","ts":"2026-04-24T20:30:24.403686+00:00"}
{"category":"SENSOR","details":{"batch_ts":1777062624.6536,"sample_count":25},"device":"rpi-9a2f6ea2e358535b","event":"FIFO_READ","level":"INFO","seq":50,"sig":"020ad6eab5df07c2","ts":"2026-04-24T20:30:24.653637+00:00"}
{"category":"SENSOR","details":{"batch_ts":1777062624.9036,"sample_count":25},"device":"rpi-9a2f6ea2e358535b","event":"FIFO_READ","level":"INFO","seq":51,"sig":"6823480abf5fb2f2","ts":"2026-04-24T20:30:24.903569+00:00"}
{"category":"SENSOR","details":{"batch_ts":1777062625.1526,"sample_count":24},"device":"rpi-9a2f6ea2e358535b","event":"FIFO_READ","level":"INFO","seq":52,"sig":"7ea8d72b0da2b157","ts":"2026-04-24T20:30:25.152648+00:00"}
{"category":"SENSOR","details":{"batch_ts":1777062625.4035,"sample_count":25},"device":"rpi-9a2f6ea2e358535b","event":"FIFO_READ","level":"INFO","seq":53,"sig":"89b4aea069e97870","ts":"2026-04-24T20:30:25.403543+00:00"}
{"category":"SENSOR","details":{"batch_ts":1777062625.6536,"sample_count":25},"device":"rpi-9a2f6ea2e358535b","event":"FIFO_READ","level":"INFO","seq":54,"sig":"4ef006b95948962b","ts":"2026-04-24T20:30:25.653569+00:00"}
{"category":"SENSOR","details":{"batch_ts":1777062625.9035,"sample_count":25},"device":"rpi-9a2f6ea2e358535b","event":"FIFO_READ","level":"INFO","seq":55,"sig":"8c2c6fd89f3c308f","ts":"2026-04-24T20:30:25.903558+00:00"}
{"category":"SENSOR","details":{"batch_ts":1777062626.1535,"sample_count":25},"device":"rpi-9a2f6ea2e358535b","event":"FIFO_READ","level":"INFO","seq":56,"sig":"2f8539d79a42fe25","ts":"2026-04-24T20:30:26.153550+00:00"}
{"category":"SENSOR","details":{"batch_ts":1777062626.4035,"sample_count":25},"device":"rpi-9a2f6ea2e358535b","event":"FIFO_READ","level":"INFO","seq":57,"sig":"9b6f38a7ee47105a","ts":"2026-04-24T20:30:26.403515+00:00"}
{"category":"SENSOR","details":{"batch_ts":1777062626.6535,"sample_count":25},"device":"rpi-9a2f6ea2e358535b","event":"FIFO_READ","level":"INFO","seq":58,"sig":"fdf17a9887e6fd96","ts":"2026-04-24T20:30:26.653556+00:00"}
{"category":"SENSOR","details":{"batch_ts":1777062626.9035,"sample_count":25},"device":"rpi-9a2f6ea2e358535b","event":"FIFO_READ","level":"INFO","seq":59,"sig":"9951800d83c14786","ts":"2026-04-24T20:30:26.903539+00:00"}
{"category":"SENSOR","details":{"batch_ts":1777062627.1535,"sample_count":25},"device":"rpi-9a2f6ea2e358535b","event":"FIFO_READ","level":"INFO","seq":60,"sig":"62455f8e14b9ca0d","ts":"2026-04-24T20:30:27.153534+00:00"}
{"category":"SENSOR","details":{"batch_ts":1777062627.4026,"sample_count":24},"device":"rpi-9a2f6ea2e358535b","event":"FIFO_READ","level":"INFO","seq":61,"sig":"ada9f76ea4ede3aa","ts":"2026-04-24T20:30:27.402657+00:00"}
{"category":"SENSOR","details":{"batch_ts":1777062627.6536,"sample_count":25},"device":"rpi-9a2f6ea2e358535b","event":"FIFO_READ","level":"INFO","seq":62,"sig":"674554e4d1ed4425","ts":"2026-04-24T20:30:27.653566+00:00"}
{"category":"WATCHDOG","details":{"poll_count":60},"device":"rpi-9a2f6ea2e358535b","event":"HEARTBEAT","level":"DEBUG","seq":63,"sig":"f1bce3f88aa764f7","ts":"2026-04-24T20:30:27.654802+00:00"}
{"category":"SENSOR","details":{"batch_ts":1777062627.9035,"sample_count":25},"device":"rpi-9a2f6ea2e358535b","event":"FIFO_READ","level":"INFO","seq":64,"sig":"015cca028e8b1f10","ts":"2026-04-24T20:30:27.903552+00:00"}
{"category":"SENSOR","details":{"batch_ts":1777062628.1536,"sample_count":25},"device":"rpi-9a2f6ea2e358535b","event":"FIFO_READ","level":"INFO","seq":65,"sig":"47861baf46d5ccba","ts":"2026-04-24T20:30:28.153589+00:00"}
{"category":"SENSOR","details":{"batch_ts":1777062628.4035,"sample_count":25},"device":"rpi-9a2f6ea2e358535b","event":"FIFO_READ","level":"INFO","seq":66,"sig":"318889d838bcc456","ts":"2026-04-24T20:30:28.403528+00:00"}
{"category":"SENSOR","details":{"batch_ts":1777062628.6535,"sample_count":25},"device":"rpi-9a2f6ea2e358535b","event":"FIFO_READ","level":"INFO","seq":67,"sig":"d1e911eb408d3cbc","ts":"2026-04-24T20:30:28.653565+00:00"}
{"category":"SENSOR","details":{"batch_ts":1777062628.9035,"sample_count":25},"device":"rpi-9a2f6ea2e358535b","event":"FIFO_READ","level":"INFO","seq":68,"sig":"3f571f07e55d1e1b","ts":"2026-04-24T20:30:28.903542+00:00"}
{"category":"SENSOR","details":{"batch_ts":1777062629.1535,"sample_count":25},"device":"rpi-9a2f6ea2e358535b","event":"FIFO_READ","level":"INFO","seq":69,"sig":"08d9a86d45490781","ts":"2026-04-24T20:30:29.153505+00:00"}
{"category":"SENSOR","details":{"batch_ts":1777062629.4035,"sample_count":25},"device":"rpi-9a2f6ea2e358535b","event":"FIFO_READ","level":"INFO","seq":70,"sig":"23068f3ed004e6d4","ts":"2026-04-24T20:30:29.403498+00:00"}
{"category":"SENSOR","details":{"batch_ts":1777062629.6535,"sample_count":25},"device":"rpi-9a2f6ea2e358535b","event":"FIFO_READ","level":"INFO","seq":71,"sig":"d09891c12fa3024a","ts":"2026-04-24T20:30:29.653557+00:00"}
{"category":"SENSOR","details":{"batch_ts":1777062629.9026,"sample_count":24},"device":"rpi-9a2f6ea2e358535b","event":"FIFO_READ","level":"INFO","seq":72,"sig":"a24dd50266e33341","ts":"2026-04-24T20:30:29.902641+00:00"}
{"category":"SENSOR","details":{"batch_ts":1777062630.1535,"sample_count":25},"device":"rpi-9a2f6ea2e358535b","event":"FIFO_READ","level":"INFO","seq":73,"sig":"3c6d601e89c31ea9","ts":"2026-04-24T20:30:30.153531+00:00"}
{"category":"SENSOR","details":{"batch_ts":1777062630.4035,"sample_count":25},"device":"rpi-9a2f6ea2e358535b","event":"FIFO_READ","level":"INFO","seq":74,"sig":"a73f33db97b64409","ts":"2026-04-24T20:30:30.403532+00:00"}
{"category":"SENSOR","details":{"batch_ts":1777062630.6537,"sample_count":25},"device":"rpi-9a2f6ea2e358535b","event":"FIFO_READ","level":"INFO","seq":75,"sig":"2de367171ad651cc","ts":"2026-04-24T20:30:30.653741+00:00"}
{"category":"SENSOR","details":{"batch_ts":1777062630.9035,"sample_count":25},"device":"rpi-9a2f6ea2e358535b","event":"FIFO_READ","level":"INFO","seq":76,"sig":"71b1dbeb8a04bc0d","ts":"2026-04-24T20:30:30.903516+00:00"}
{"category":"SENSOR","details":{"batch_ts":1777062631.1536,"sample_count":25},"device":"rpi-9a2f6ea2e358535b","event":"FIFO_READ","level":"INFO","seq":77,"sig":"690c1005ffd8c473","ts":"2026-04-24T20:30:31.153666+00:00"}
{"category":"SYSTEM","details":{"reason":"KeyboardInterrupt","total_polls":74},"device":"rpi-9a2f6ea2e358535b","event":"DEVICE_SHUTDOWN","level":"INFO","seq":78,"sig":"8e99d4ecae0a0467","ts":"2026-04-24T20:30:31.211678+00:00"}
{"category":"NETWORK","details":{"rc":0},"device":"rpi-9a2f6ea2e358535b","event":"MQTT_DISCONNECTED","level":"INFO","seq":79,"sig":"aac478555eb57994","ts":"2026-04-24T20:30:31.212145+00:00"}
{"category":"NETWORK","details":{"broker":"<REDACTED-IOT-ENDPOINT>"},"device":"rpi-9a2f6ea2e358535b","event":"MQTT_CONNECTED","level":"INFO","seq":1,"sig":"6009cd6dd04bbe78","ts":"2026-04-24T21:23:16.138058+00:00"}
{"category":"SYSTEM","details":{"fft_buffer_size":100,"poll_interval_s":0.25},"device":"rpi-9a2f6ea2e358535b","event":"DEVICE_BOOT","level":"INFO","seq":2,"sig":"fbad0326e5c88758","ts":"2026-04-24T21:23:16.138475+00:00"}
{"category":"SENSOR","details":{"addr_hex":"0x53","fifo_mode":"stream","odr_hz":100,"range_g":16,"scale_g_lsb":0.004,"watermark":25},"device":"rpi-9a2f6ea2e358535b","event":"SENSOR_INIT","level":"INFO","seq":3,"sig":"04468f7af9887e3c","ts":"2026-04-24T21:23:16.140247+00:00"}
{"category":"SENSOR","details":{"batch_ts":1777065796.4127,"sample_count":25},"device":"rpi-9a2f6ea2e358535b","event":"FIFO_READ","level":"INFO","seq":4,"sig":"e4d0c3a3f2c83490","ts":"2026-04-24T21:23:16.412712+00:00"}
{"category":"SENSOR","details":{"batch_ts":1777065796.6618,"sample_count":24},"device":"rpi-9a2f6ea2e358535b","event":"FIFO_READ","level":"INFO","seq":5,"sig":"5629236e90937ade","ts":"2026-04-24T21:23:16.661825+00:00"}
{"category":"SENSOR","details":{"batch_ts":1777065796.9127,"sample_count":25},"device":"rpi-9a2f6ea2e358535b","event":"FIFO_READ","level":"INFO","seq":6,"sig":"b0506e311c03bd6f","ts":"2026-04-24T21:23:16.912677+00:00"}
{"category":"SENSOR","details":{"batch_ts":1777065797.1627,"sample_count":25},"device":"rpi-9a2f6ea2e358535b","event":"FIFO_READ","level":"INFO","seq":7,"sig":"2b9bace59de245e9","ts":"2026-04-24T21:23:17.162677+00:00"}
{"category":"SENSOR","details":{"batch_ts":1777065797.4127,"sample_count":25},"device":"rpi-9a2f6ea2e358535b","event":"FIFO_READ","level":"INFO","seq":8,"sig":"dea97ef3dc82f47b","ts":"2026-04-24T21:23:17.412672+00:00"}
{"category":"SENSOR","details":{"batch_ts":1777065797.6627,"sample_count":25},"device":"rpi-9a2f6ea2e358535b","event":"FIFO_READ","level":"INFO","seq":9,"sig":"0707752e2012cf2c","ts":"2026-04-24T21:23:17.662761+00:00"}
{"category":"SENSOR","details":{"batch_ts":1777065797.9127,"sample_count":25},"device":"rpi-9a2f6ea2e358535b","event":"FIFO_READ","level":"INFO","seq":10,"sig":"fbe2b9a7eb8b59de","ts":"2026-04-24T21:23:17.912726+00:00"}
{"category":"SENSOR","details":{"batch_ts":1777065798.1627,"sample_count":25},"device":"rpi-9a2f6ea2e358535b","event":"FIFO_READ","level":"INFO","seq":11,"sig":"17da2a4a605bbf5b","ts":"2026-04-24T21:23:18.162698+00:00"}
{"category":"SENSOR","details":{"batch_ts":1777065798.4127,"sample_count":25},"device":"rpi-9a2f6ea2e358535b","event":"FIFO_READ","level":"INFO","seq":12,"sig":"661df18a4a13ce5a","ts":"2026-04-24T21:23:18.412696+00:00"}
{"category":"SENSOR","details":{"batch_ts":1777065798.6618,"sample_count":24},"device":"rpi-9a2f6ea2e358535b","event":"FIFO_READ","level":"INFO","seq":13,"sig":"cb5753b705d33ca7","ts":"2026-04-24T21:23:18.661851+00:00"}
{"category":"SENSOR","details":{"batch_ts":1777065798.9127,"sample_count":25},"device":"rpi-9a2f6ea2e358535b","event":"FIFO_READ","level":"INFO","seq":14,"sig":"34c0c6d8aeb19571","ts":"2026-04-24T21:23:18.912700+00:00"}
{"category":"SENSOR","details":{"batch_ts":1777065799.1627,"sample_count":25},"device":"rpi-9a2f6ea2e358535b","event":"FIFO_READ","level":"INFO","seq":15,"sig":"0f3d27d56fa941c2","ts":"2026-04-24T21:23:19.162699+00:00"}
{"category":"SENSOR","details":{"batch_ts":1777065799.4127,"sample_count":25},"device":"rpi-9a2f6ea2e358535b","event":"FIFO_READ","level":"INFO","seq":16,"sig":"0a8ffb56a9a8a75e","ts":"2026-04-24T21:23:19.412693+00:00"}
{"category":"SENSOR","details":{"batch_ts":1777065799.6627,"sample_count":25},"device":"rpi-9a2f6ea2e358535b","event":"FIFO_READ","level":"INFO","seq":17,"sig":"92cfc9a82a62535e","ts":"2026-04-24T21:23:19.662723+00:00"}
{"category":"SENSOR","details":{"batch_ts":1777065799.9127,"sample_count":25},"device":"rpi-9a2f6ea2e358535b","event":"FIFO_READ","level":"INFO","seq":18,"sig":"22877f3363bf81e5","ts":"2026-04-24T21:23:19.912698+00:00"}
{"category":"SENSOR","details":{"batch_ts":1777065800.1629,"sample_count":25},"device":"rpi-9a2f6ea2e358535b","event":"FIFO_READ","level":"INFO","seq":19,"sig":"38961ea90d2b96ce","ts":"2026-04-24T21:23:20.162905+00:00"}
{"category":"SENSOR","details":{"batch_ts":1777065800.4129,"sample_count":25},"device":"rpi-9a2f6ea2e358535b","event":"FIFO_READ","level":"INFO","seq":20,"sig":"c9151719b27799a9","ts":"2026-04-24T21:23:20.412899+00:00"}
{"category":"SENSOR","details":{"batch_ts":1777065800.6629,"sample_count":25},"device":"rpi-9a2f6ea2e358535b","event":"FIFO_READ","level":"INFO","seq":21,"sig":"65a220d02e2e7d34","ts":"2026-04-24T21:23:20.662910+00:00"}
{"category":"SENSOR","details":{"batch_ts":1777065800.912,"sample_count":24},"device":"rpi-9a2f6ea2e358535b","event":"FIFO_READ","level":"INFO","seq":22,"sig":"734f9104cd48d8f8","ts":"2026-04-24T21:23:20.912026+00:00"}
{"category":"SENSOR","details":{"batch_ts":1777065801.1629,"sample_count":25},"device":"rpi-9a2f6ea2e358535b","event":"FIFO_READ","level":"INFO","seq":23,"sig":"b5da6b40671b3b1c","ts":"2026-04-24T21:23:21.162901+00:00"}
{"category":"SENSOR","details":{"batch_ts":1777065801.4129,"sample_count":25},"device":"rpi-9a2f6ea2e358535b","event":"FIFO_READ","level":"INFO","seq":24,"sig":"ca9d7332dac0a658","ts":"2026-04-24T21:23:21.412890+00:00"}
{"category":"SENSOR","details":{"batch_ts":1777065801.6629,"sample_count":25},"device":"rpi-9a2f6ea2e358535b","event":"FIFO_READ","level":"INFO","seq":25,"sig":"3c121d78df68960b","ts":"2026-04-24T21:23:21.662911+00:00"}
{"category":"SENSOR","details":{"batch_ts":1777065801.9129,"sample_count":25},"device":"rpi-9a2f6ea2e358535b","event":"FIFO_READ","level":"INFO","seq":26,"sig":"683f8c4e2e33ffcd","ts":"2026-04-24T21:23:21.912932+00:00"}
{"category":"SENSOR","details":{"batch_ts":1777065802.1629,"sample_count":25},"device":"rpi-9a2f6ea2e358535b","event":"FIFO_READ","level":"INFO","seq":27,"sig":"a99fdd0f559f6834","ts":"2026-04-24T21:23:22.162904+00:00"}
{"category":"SENSOR","details":{"batch_ts":1777065802.4129,"sample_count":25},"device":"rpi-9a2f6ea2e358535b","event":"FIFO_READ","level":"INFO","seq":28,"sig":"cafd8999f612fba5","ts":"2026-04-24T21:23:22.412892+00:00"}
{"category":"SENSOR","details":{"batch_ts":1777065802.6629,"sample_count":25},"device":"rpi-9a2f6ea2e358535b","event":"FIFO_READ","level":"INFO","seq":29,"sig":"31af8ec1dfcbb55c","ts":"2026-04-24T21:23:22.662917+00:00"}
{"category":"SENSOR","details":{"batch_ts":1777065802.9129,"sample_count":25},"device":"rpi-9a2f6ea2e358535b","event":"FIFO_READ","level":"INFO","seq":30,"sig":"4d35885106039c8e","ts":"2026-04-24T21:23:22.912913+00:00"}
{"category":"SENSOR","details":{"batch_ts":1777065803.162,"sample_count":24},"device":"rpi-9a2f6ea2e358535b","event":"FIFO_READ","level":"INFO","seq":31,"sig":"c9bb2f37f1045c68","ts":"2026-04-24T21:23:23.162009+00:00"}
{"category":"SENSOR","details":{"batch_ts":1777065803.4129,"sample_count":25},"device":"rpi-9a2f6ea2e358535b","event":"FIFO_READ","level":"INFO","seq":32,"sig":"485e628090ac1fa6","ts":"2026-04-24T21:23:23.412892+00:00"}
{"category":"SENSOR","details":{"batch_ts":1777065803.6629,"sample_count":25},"device":"rpi-9a2f6ea2e358535b","event":"FIFO_READ","level":"INFO","seq":33,"sig":"71837c33ac1a5c2e","ts":"2026-04-24T21:23:23.662921+00:00"}
{"category":"SENSOR","details":{"batch_ts":1777065803.9129,"sample_count":25},"device":"rpi-9a2f6ea2e358535b","event":"FIFO_READ","level":"INFO","seq":34,"sig":"e60e69d97f01ebe0","ts":"2026-04-24T21:23:23.912905+00:00"}
{"category":"SENSOR","details":{"batch_ts":1777065804.1629,"sample_count":25},"device":"rpi-9a2f6ea2e358535b","event":"FIFO_READ","level":"INFO","seq":35,"sig":"0ee70f1beaee821a","ts":"2026-04-24T21:23:24.162889+00:00"}
{"category":"NETWORK","details":{"broker":"<REDACTED-IOT-ENDPOINT>"},"device":"rpi-9a2f6ea2e358535b","event":"MQTT_CONNECTED","level":"INFO","seq":1,"sig":"dd9ef751ab44c0a9","ts":"2026-04-24T21:30:03.026763+00:00"}
{"category":"SYSTEM","details":{"fft_buffer_size":100,"poll_interval_s":0.25},"device":"rpi-9a2f6ea2e358535b","event":"DEVICE_BOOT","level":"INFO","seq":2,"sig":"2a6a1ed41e3a1749","ts":"2026-04-24T21:30:03.027190+00:00"}
{"category":"SENSOR","details":{"addr_hex":"0x53","fifo_mode":"stream","odr_hz":100,"range_g":16,"scale_g_lsb":0.004,"watermark":25},"device":"rpi-9a2f6ea2e358535b","event":"SENSOR_INIT","level":"INFO","seq":3,"sig":"35d40d7b14e3de78","ts":"2026-04-24T21:30:03.029009+00:00"}
{"category":"SENSOR","details":{"batch_ts":1777066203.3015,"sample_count":25},"device":"rpi-9a2f6ea2e358535b","event":"FIFO_READ","level":"INFO","seq":4,"sig":"626c1cc5f497ba72","ts":"2026-04-24T21:30:03.301512+00:00"}
{"category":"SENSOR","details":{"batch_ts":1777066203.5506,"sample_count":24},"device":"rpi-9a2f6ea2e358535b","event":"FIFO_READ","level":"INFO","seq":5,"sig":"a857448d76e4c129","ts":"2026-04-24T21:30:03.550602+00:00"}
{"category":"SENSOR","details":{"batch_ts":1777066203.8015,"sample_count":25},"device":"rpi-9a2f6ea2e358535b","event":"FIFO_READ","level":"INFO","seq":6,"sig":"9d023d86c0a8ffc8","ts":"2026-04-24T21:30:03.801494+00:00"}
{"category":"SENSOR","details":{"batch_ts":1777066204.0515,"sample_count":25},"device":"rpi-9a2f6ea2e358535b","event":"FIFO_READ","level":"INFO","seq":7,"sig":"65f7d7d4db662dec","ts":"2026-04-24T21:30:04.051468+00:00"}
{"category":"SENSOR","details":{"batch_ts":1777066204.3015,"sample_count":25},"device":"rpi-9a2f6ea2e358535b","event":"FIFO_READ","level":"INFO","seq":8,"sig":"74967110f2500edc","ts":"2026-04-24T21:30:04.301456+00:00"}
{"category":"SENSOR","details":{"batch_ts":1777066204.5515,"sample_count":25},"device":"rpi-9a2f6ea2e358535b","event":"FIFO_READ","level":"INFO","seq":9,"sig":"77c581633f4333ac","ts":"2026-04-24T21:30:04.551493+00:00"}
{"category":"SENSOR","details":{"batch_ts":1777066204.8015,"sample_count":25},"device":"rpi-9a2f6ea2e358535b","event":"FIFO_READ","level":"INFO","seq":10,"sig":"2611808a77157e5d","ts":"2026-04-24T21:30:04.801501+00:00"}
{"category":"SENSOR","details":{"batch_ts":1777066205.0515,"sample_count":25},"device":"rpi-9a2f6ea2e358535b","event":"FIFO_READ","level":"INFO","seq":11,"sig":"1392cbf74bc3dad1","ts":"2026-04-24T21:30:05.051492+00:00"}
{"category":"SENSOR","details":{"batch_ts":1777066205.3015,"sample_count":25},"device":"rpi-9a2f6ea2e358535b","event":"FIFO_READ","level":"INFO","seq":12,"sig":"3cf69cc2912ece51","ts":"2026-04-24T21:30:05.301504+00:00"}
{"category":"SENSOR","details":{"batch_ts":1777066205.5506,"sample_count":24},"device":"rpi-9a2f6ea2e358535b","event":"FIFO_READ","level":"INFO","seq":13,"sig":"b705f72549a37d75","ts":"2026-04-24T21:30:05.550611+00:00"}
{"category":"SENSOR","details":{"batch_ts":1777066205.8015,"sample_count":25},"device":"rpi-9a2f6ea2e358535b","event":"FIFO_READ","level":"INFO","seq":14,"sig":"46c520ab8603e8cc","ts":"2026-04-24T21:30:05.801496+00:00"}
{"category":"SENSOR","details":{"batch_ts":1777066206.0515,"sample_count":25},"device":"rpi-9a2f6ea2e358535b","event":"FIFO_READ","level":"INFO","seq":15,"sig":"f14b31b9966afcac","ts":"2026-04-24T21:30:06.051493+00:00"}
{"category":"SENSOR","details":{"batch_ts":1777066206.3015,"sample_count":25},"device":"rpi-9a2f6ea2e358535b","event":"FIFO_READ","level":"INFO","seq":16,"sig":"606037791e7ac106","ts":"2026-04-24T21:30:06.301485+00:00"}
{"category":"SENSOR","details":{"batch_ts":1777066206.5515,"sample_count":25},"device":"rpi-9a2f6ea2e358535b","event":"FIFO_READ","level":"INFO","seq":17,"sig":"2e5b41ed0aab7cc5","ts":"2026-04-24T21:30:06.551479+00:00"}
{"category":"SENSOR","details":{"batch_ts":1777066206.8015,"sample_count":25},"device":"rpi-9a2f6ea2e358535b","event":"FIFO_READ","level":"INFO","seq":18,"sig":"d270e2decbf962d5","ts":"2026-04-24T21:30:06.801520+00:00"}
{"category":"SENSOR","details":{"batch_ts":1777066207.0517,"sample_count":25},"device":"rpi-9a2f6ea2e358535b","event":"FIFO_READ","level":"INFO","seq":19,"sig":"027db82ce0e4083b","ts":"2026-04-24T21:30:07.051701+00:00"}
{"category":"SENSOR","details":{"batch_ts":1777066207.3017,"sample_count":25},"device":"rpi-9a2f6ea2e358535b","event":"FIFO_READ","level":"INFO","seq":20,"sig":"f2fbda506c5423aa","ts":"2026-04-24T21:30:07.301751+00:00"}
{"category":"SENSOR","details":{"batch_ts":1777066207.5517,"sample_count":25},"device":"rpi-9a2f6ea2e358535b","event":"FIFO_READ","level":"INFO","seq":21,"sig":"3a89fa9f727d3617","ts":"2026-04-24T21:30:07.551760+00:00"}
{"category":"SENSOR","details":{"batch_ts":1777066207.8009,"sample_count":24},"device":"rpi-9a2f6ea2e358535b","event":"FIFO_READ","level":"INFO","seq":22,"sig":"18302ed9aecb502a","ts":"2026-04-24T21:30:07.800872+00:00"}
{"category":"SENSOR","details":{"batch_ts":1777066208.0517,"sample_count":25},"device":"rpi-9a2f6ea2e358535b","event":"FIFO_READ","level":"INFO","seq":23,"sig":"d449b910df76f92e","ts":"2026-04-24T21:30:08.051690+00:00"}
{"category":"SENSOR","details":{"batch_ts":1777066208.3018,"sample_count":25},"device":"rpi-9a2f6ea2e358535b","event":"FIFO_READ","level":"INFO","seq":24,"sig":"4f8a74f81eaf9058","ts":"2026-04-24T21:30:08.301823+00:00"}
{"category":"SENSOR","details":{"batch_ts":1777066208.5517,"sample_count":25},"device":"rpi-9a2f6ea2e358535b","event":"FIFO_READ","level":"INFO","seq":25,"sig":"57e0c39f32171731","ts":"2026-04-24T21:30:08.551702+00:00"}
{"category":"SENSOR","details":{"batch_ts":1777066208.8017,"sample_count":25},"device":"rpi-9a2f6ea2e358535b","event":"FIFO_READ","level":"INFO","seq":26,"sig":"83564233a36024b2","ts":"2026-04-24T21:30:08.801739+00:00"}
{"category":"SENSOR","details":{"batch_ts":1777066209.0517,"sample_count":25},"device":"rpi-9a2f6ea2e358535b","event":"FIFO_READ","level":"INFO","seq":27,"sig":"95b830646ed57895","ts":"2026-04-24T21:30:09.051718+00:00"}
{"category":"SENSOR","details":{"batch_ts":1777066209.3017,"sample_count":25},"device":"rpi-9a2f6ea2e358535b","event":"FIFO_READ","level":"INFO","seq":28,"sig":"15e20cb636ce42a6","ts":"2026-04-24T21:30:09.301724+00:00"}
{"category":"SENSOR","details":{"batch_ts":1777066209.5517,"sample_count":25},"device":"rpi-9a2f6ea2e358535b","event":"FIFO_READ","level":"INFO","seq":29,"sig":"d188de0b2d97aa04","ts":"2026-04-24T21:30:09.551735+00:00"}
{"category":"SENSOR","details":{"batch_ts":1777066209.8018,"sample_count":25},"device":"rpi-9a2f6ea2e358535b","event":"FIFO_READ","level":"INFO","seq":30,"sig":"0b68a0742d01a176","ts":"2026-04-24T21:30:09.801769+00:00"}
{"category":"SENSOR","details":{"batch_ts":1777066210.0508,"sample_count":24},"device":"rpi-9a2f6ea2e358535b","event":"FIFO_READ","level":"INFO","seq":31,"sig":"c82655fbd3378d8c","ts":"2026-04-24T21:30:10.050836+00:00"}
{"category":"SENSOR","details":{"batch_ts":1777066210.3017,"sample_count":25},"device":"rpi-9a2f6ea2e358535b","event":"FIFO_READ","level":"INFO","seq":32,"sig":"b3a4872d8870888a","ts":"2026-04-24T21:30:10.301698+00:00"}
{"category":"SENSOR","details":{"batch_ts":1777066210.5518,"sample_count":25},"device":"rpi-9a2f6ea2e358535b","event":"FIFO_READ","level":"INFO","seq":33,"sig":"6af22f1e1822e0d9","ts":"2026-04-24T21:30:10.551763+00:00"}
{"category":"SENSOR","details":{"batch_ts":1777066210.8017,"sample_count":25},"device":"rpi-9a2f6ea2e358535b","event":"FIFO_READ","level":"INFO","seq":34,"sig":"bf5bbe96c883bce9","ts":"2026-04-24T21:30:10.801757+00:00"}
{"category":"SENSOR","details":{"batch_ts":1777066211.0517,"sample_count":25},"device":"rpi-9a2f6ea2e358535b","event":"FIFO_READ","level":"INFO","seq":35,"sig":"62686eb4764b1c5c","ts":"2026-04-24T21:30:11.051704+00:00"}
{"category":"SENSOR","details":{"batch_ts":1777066211.3017,"sample_count":25},"device":"rpi-9a2f6ea2e358535b","event":"FIFO_READ","level":"INFO","seq":36,"sig":"8218e2cd7d355756","ts":"2026-04-24T21:30:11.301716+00:00"}
{"category":"SENSOR","details":{"batch_ts":1777066211.5517,"sample_count":25},"device":"rpi-9a2f6ea2e358535b","event":"FIFO_READ","level":"INFO","seq":37,"sig":"7d9ea23ff7689eb6","ts":"2026-04-24T21:30:11.551716+00:00"}
{"category":"SENSOR","details":{"batch_ts":1777066211.8017,"sample_count":25},"device":"rpi-9a2f6ea2e358535b","event":"FIFO_READ","level":"INFO","seq":38,"sig":"38c43e3681a0ad06","ts":"2026-04-24T21:30:11.801729+00:00"}
{"category":"SENSOR","details":{"batch_ts":1777066212.0508,"sample_count":24},"device":"rpi-9a2f6ea2e358535b","event":"FIFO_READ","level":"INFO","seq":39,"sig":"ce21b6d460766839","ts":"2026-04-24T21:30:12.050813+00:00"}
{"category":"SENSOR","details":{"batch_ts":1777066212.3017,"sample_count":25},"device":"rpi-9a2f6ea2e358535b","event":"FIFO_READ","level":"INFO","seq":40,"sig":"e1ba6aeb5f097e08","ts":"2026-04-24T21:30:12.301690+00:00"}
{"category":"SENSOR","details":{"batch_ts":1777066212.5517,"sample_count":25},"device":"rpi-9a2f6ea2e358535b","event":"FIFO_READ","level":"INFO","seq":41,"sig":"bd777869a1b236b4","ts":"2026-04-24T21:30:12.551734+00:00"}
{"category":"SENSOR","details":{"batch_ts":1777066212.8017,"sample_count":25},"device":"rpi-9a2f6ea2e358535b","event":"FIFO_READ","level":"INFO","seq":42,"sig":"f1498ad4b601b578","ts":"2026-04-24T21:30:12.801724+00:00"}
{"category":"SENSOR","details":{"batch_ts":1777066213.0517,"sample_count":25},"device":"rpi-9a2f6ea2e358535b","event":"FIFO_READ","level":"INFO","seq":43,"sig":"735850b2b53b0a35","ts":"2026-04-24T21:30:13.051697+00:00"}
{"category":"SENSOR","details":{"batch_ts":1777066213.3017,"sample_count":25},"device":"rpi-9a2f6ea2e358535b","event":"FIFO_READ","level":"INFO","seq":44,"sig":"18c9e2c675ef8e56","ts":"2026-04-24T21:30:13.301735+00:00"}
{"category":"SENSOR","details":{"batch_ts":1777066213.5518,"sample_count":25},"device":"rpi-9a2f6ea2e358535b","event":"FIFO_READ","level":"INFO","seq":45,"sig":"eff8b6568fee40a2","ts":"2026-04-24T21:30:13.551817+00:00"}
{"category":"SENSOR","details":{"batch_ts":1777066213.8017,"sample_count":25},"device":"rpi-9a2f6ea2e358535b","event":"FIFO_READ","level":"INFO","seq":46,"sig":"269fdddf96a65d53","ts":"2026-04-24T21:30:13.801765+00:00"}
{"category":"SENSOR","details":{"batch_ts":1777066214.0517,"sample_count":25},"device":"rpi-9a2f6ea2e358535b","event":"FIFO_READ","level":"INFO","seq":47,"sig":"1909be7012dc383b","ts":"2026-04-24T21:30:14.051746+00:00"}
{"category":"SENSOR","details":{"batch_ts":1777066214.3008,"sample_count":24},"device":"rpi-9a2f6ea2e358535b","event":"FIFO_READ","level":"INFO","seq":48,"sig":"e03a8ca8f4edaa30","ts":"2026-04-24T21:30:14.300826+00:00"}
{"category":"SENSOR","details":{"batch_ts":1777066214.5517,"sample_count":25},"device":"rpi-9a2f6ea2e358535b","event":"FIFO_READ","level":"INFO","seq":49,"sig":"8a386a0cb115cd52","ts":"2026-04-24T21:30:14.551725+00:00"}
{"category":"SENSOR","details":{"batch_ts":1777066214.8017,"sample_count":25},"device":"rpi-9a2f6ea2e358535b","event":"FIFO_READ","level":"INFO","seq":50,"sig":"f7c6920295607d98","ts":"2026-04-24T21:30:14.801735+00:00"}
{"category":"SENSOR","details":{"batch_ts":1777066215.0517,"sample_count":25},"device":"rpi-9a2f6ea2e358535b","event":"FIFO_READ","level":"INFO","seq":51,"sig":"0d7caef7ff88486a","ts":"2026-04-24T21:30:15.051709+00:00"}
{"category":"SENSOR","details":{"batch_ts":1777066215.3017,"sample_count":25},"device":"rpi-9a2f6ea2e358535b","event":"FIFO_READ","level":"INFO","seq":52,"sig":"60171fc72548cdf1","ts":"2026-04-24T21:30:15.301693+00:00"}
{"category":"SENSOR","details":{"batch_ts":1777066215.5517,"sample_count":25},"device":"rpi-9a2f6ea2e358535b","event":"FIFO_READ","level":"INFO","seq":53,"sig":"6e38e423fd7a6d88","ts":"2026-04-24T21:30:15.551726+00:00"}
{"category":"SENSOR","details":{"batch_ts":1777066215.8017,"sample_count":25},"device":"rpi-9a2f6ea2e358535b","event":"FIFO_READ","level":"INFO","seq":54,"sig":"e05b65f9be963480","ts":"2026-04-24T21:30:15.801717+00:00"}
{"category":"SENSOR","details":{"batch_ts":1777066216.0517,"sample_count":25},"device":"rpi-9a2f6ea2e358535b","event":"FIFO_READ","level":"INFO","seq":55,"sig":"35871364c83629eb","ts":"2026-04-24T21:30:16.051739+00:00"}
{"category":"SENSOR","details":{"batch_ts":1777066216.3017,"sample_count":25},"device":"rpi-9a2f6ea2e358535b","event":"FIFO_READ","level":"INFO","seq":56,"sig":"72b01c479ba87659","ts":"2026-04-24T21:30:16.301731+00:00"}
{"category":"SENSOR","details":{"batch_ts":1777066216.5508,"sample_count":24},"device":"rpi-9a2f6ea2e358535b","event":"FIFO_READ","level":"INFO","seq":57,"sig":"27271b58060e4781","ts":"2026-04-24T21:30:16.550841+00:00"}
{"category":"SENSOR","details":{"batch_ts":1777066216.8017,"sample_count":25},"device":"rpi-9a2f6ea2e358535b","event":"FIFO_READ","level":"INFO","seq":58,"sig":"b0f35135987a4c61","ts":"2026-04-24T21:30:16.801714+00:00"}
{"category":"SENSOR","details":{"batch_ts":1777066217.0517,"sample_count":25},"device":"rpi-9a2f6ea2e358535b","event":"FIFO_READ","level":"INFO","seq":59,"sig":"1da8e6901cd2e8a9","ts":"2026-04-24T21:30:17.051700+00:00"}
{"category":"SENSOR","details":{"batch_ts":1777066217.3017,"sample_count":25},"device":"rpi-9a2f6ea2e358535b","event":"FIFO_READ","level":"INFO","seq":60,"sig":"3ac09f7ab85b2a3b","ts":"2026-04-24T21:30:17.301689+00:00"}
{"category":"SENSOR","details":{"batch_ts":1777066217.5517,"sample_count":25},"device":"rpi-9a2f6ea2e358535b","event":"FIFO_READ","level":"INFO","seq":61,"sig":"c153069f693a1794","ts":"2026-04-24T21:30:17.551688+00:00"}
{"category":"SENSOR","details":{"batch_ts":1777066217.8017,"sample_count":25},"device":"rpi-9a2f6ea2e358535b","event":"FIFO_READ","level":"INFO","seq":62,"sig":"6834ab59072b726f","ts":"2026-04-24T21:30:17.801711+00:00"}
{"category":"WATCHDOG","details":{"poll_count":60},"device":"rpi-9a2f6ea2e358535b","event":"HEARTBEAT","level":"DEBUG","seq":63,"sig":"4225ea41f25edf3e","ts":"2026-04-24T21:30:17.802537+00:00"}
{"category":"SENSOR","details":{"batch_ts":1777066218.0517,"sample_count":25},"device":"rpi-9a2f6ea2e358535b","event":"FIFO_READ","level":"INFO","seq":64,"sig":"0ef221629f90f46f","ts":"2026-04-24T21:30:18.051700+00:00"}
{"category":"SENSOR","details":{"batch_ts":1777066218.3017,"sample_count":25},"device":"rpi-9a2f6ea2e358535b","event":"FIFO_READ","level":"INFO","seq":65,"sig":"6d7d7ca06d1ef68c","ts":"2026-04-24T21:30:18.301693+00:00"}
{"category":"SENSOR","details":{"batch_ts":1777066218.5517,"sample_count":25},"device":"rpi-9a2f6ea2e358535b","event":"FIFO_READ","level":"INFO","seq":66,"sig":"04ec834f9d24a6d3","ts":"2026-04-24T21:30:18.551712+00:00"}
{"category":"SENSOR","details":{"batch_ts":1777066218.8008,"sample_count":24},"device":"rpi-9a2f6ea2e358535b","event":"FIFO_READ","level":"INFO","seq":67,"sig":"8984a9420f335355","ts":"2026-04-24T21:30:18.800839+00:00"}
{"category":"SENSOR","details":{"batch_ts":1777066219.0517,"sample_count":25},"device":"rpi-9a2f6ea2e358535b","event":"FIFO_READ","level":"INFO","seq":68,"sig":"6b8fb9607f15d36b","ts":"2026-04-24T21:30:19.051729+00:00"}
{"category":"SENSOR","details":{"batch_ts":1777066219.3017,"sample_count":25},"device":"rpi-9a2f6ea2e358535b","event":"FIFO_READ","level":"INFO","seq":69,"sig":"8ae5c6bda09553f5","ts":"2026-04-24T21:30:19.301700+00:00"}
{"category":"SENSOR","details":{"batch_ts":1777066219.5517,"sample_count":25},"device":"rpi-9a2f6ea2e358535b","event":"FIFO_READ","level":"INFO","seq":70,"sig":"f10975978a64cb6d","ts":"2026-04-24T21:30:19.551694+00:00"}
{"category":"SYSTEM","details":{"reason":"KeyboardInterrupt","total_polls":67},"device":"rpi-9a2f6ea2e358535b","event":"DEVICE_SHUTDOWN","level":"INFO","seq":71,"sig":"3a31c1007161ce58","ts":"2026-04-24T21:30:19.626648+00:00"}
{"category":"NETWORK","details":{"rc":0},"device":"rpi-9a2f6ea2e358535b","event":"MQTT_DISCONNECTED","level":"INFO","seq":72,"sig":"acbafa28d8a3a326","ts":"2026-04-24T21:30:19.627146+00:00"}
{"category":"NETWORK","details":{"broker":"<REDACTED-IOT-ENDPOINT>"},"device":"rpi-9a2f6ea2e358535b","event":"MQTT_CONNECTED","level":"INFO","seq":1,"sig":"4ade59a97ad197f1","ts":"2026-04-24T21:33:45.967830+00:00"}
{"category":"SYSTEM","details":{"fft_buffer_size":100,"poll_interval_s":0.25},"device":"rpi-9a2f6ea2e358535b","event":"DEVICE_BOOT","level":"INFO","seq":2,"sig":"2e55ec490960b03a","ts":"2026-04-24T21:33:45.968250+00:00"}
{"category":"SENSOR","details":{"addr_hex":"0x53","fifo_mode":"stream","odr_hz":100,"range_g":16,"scale_g_lsb":0.004,"watermark":25},"device":"rpi-9a2f6ea2e358535b","event":"SENSOR_INIT","level":"INFO","seq":3,"sig":"b507ac636f3a4af5","ts":"2026-04-24T21:33:45.970023+00:00"}
{"category":"SENSOR","details":{"batch_ts":1777066426.2425,"sample_count":25},"device":"rpi-9a2f6ea2e358535b","event":"FIFO_READ","level":"INFO","seq":4,"sig":"2a2aecbbbcc40ce3","ts":"2026-04-24T21:33:46.242512+00:00"}
{"category":"SENSOR","details":{"batch_ts":1777066426.4916,"sample_count":24},"device":"rpi-9a2f6ea2e358535b","event":"FIFO_READ","level":"INFO","seq":5,"sig":"8ffc5d1d05601315","ts":"2026-04-24T21:33:46.491587+00:00"}
{"category":"SENSOR","details":{"batch_ts":1777066426.7425,"sample_count":25},"device":"rpi-9a2f6ea2e358535b","event":"FIFO_READ","level":"INFO","seq":6,"sig":"69d40a8d4ee64b16","ts":"2026-04-24T21:33:46.742467+00:00"}
{"category":"SENSOR","details":{"batch_ts":1777066426.9925,"sample_count":25},"device":"rpi-9a2f6ea2e358535b","event":"FIFO_READ","level":"INFO","seq":7,"sig":"1afcd31ec494cea4","ts":"2026-04-24T21:33:46.992457+00:00"}
{"category":"SENSOR","details":{"batch_ts":1777066427.2424,"sample_count":25},"device":"rpi-9a2f6ea2e358535b","event":"FIFO_READ","level":"INFO","seq":8,"sig":"e9850c0b30e3843d","ts":"2026-04-24T21:33:47.242453+00:00"}
{"category":"SENSOR","details":{"batch_ts":1777066427.4925,"sample_count":25},"device":"rpi-9a2f6ea2e358535b","event":"FIFO_READ","level":"INFO","seq":9,"sig":"bc5626c4f6428199","ts":"2026-04-24T21:33:47.492513+00:00"}
{"category":"SENSOR","details":{"batch_ts":1777066427.7425,"sample_count":25},"device":"rpi-9a2f6ea2e358535b","event":"FIFO_READ","level":"INFO","seq":10,"sig":"31284d4847fa0421","ts":"2026-04-24T21:33:47.742495+00:00"}
{"category":"SENSOR","details":{"batch_ts":1777066427.9925,"sample_count":25},"device":"rpi-9a2f6ea2e358535b","event":"FIFO_READ","level":"INFO","seq":11,"sig":"4815c46d9e723071","ts":"2026-04-24T21:33:47.992472+00:00"}
{"category":"SENSOR","details":{"batch_ts":1777066428.2425,"sample_count":25},"device":"rpi-9a2f6ea2e358535b","event":"FIFO_READ","level":"INFO","seq":12,"sig":"f65840e29b2ee01a","ts":"2026-04-24T21:33:48.242472+00:00"}
{"category":"SENSOR","details":{"batch_ts":1777066428.4925,"sample_count":25},"device":"rpi-9a2f6ea2e358535b","event":"FIFO_READ","level":"INFO","seq":13,"sig":"d0803d2b4a3c8916","ts":"2026-04-24T21:33:48.492470+00:00"}
{"category":"SENSOR","details":{"batch_ts":1777066428.7416,"sample_count":24},"device":"rpi-9a2f6ea2e358535b","event":"FIFO_READ","level":"INFO","seq":14,"sig":"6e7e8f5257f3908f","ts":"2026-04-24T21:33:48.741621+00:00"}
{"category":"SENSOR","details":{"batch_ts":1777066428.9925,"sample_count":25},"device":"rpi-9a2f6ea2e358535b","event":"FIFO_READ","level":"INFO","seq":15,"sig":"cb92b9fbb092ebb2","ts":"2026-04-24T21:33:48.992470+00:00"}
{"category":"SENSOR","details":{"batch_ts":1777066429.2425,"sample_count":25},"device":"rpi-9a2f6ea2e358535b","event":"FIFO_READ","level":"INFO","seq":16,"sig":"8f0a71a2140a255c","ts":"2026-04-24T21:33:49.242470+00:00"}
{"category":"SENSOR","details":{"batch_ts":1777066429.4925,"sample_count":25},"device":"rpi-9a2f6ea2e358535b","event":"FIFO_READ","level":"INFO","seq":17,"sig":"664925e4a41fea48","ts":"2026-04-24T21:33:49.492477+00:00"}
{"category":"SENSOR","details":{"batch_ts":1777066429.7425,"sample_count":25},"device":"rpi-9a2f6ea2e358535b","event":"FIFO_READ","level":"INFO","seq":18,"sig":"f90925bad16fda35","ts":"2026-04-24T21:33:49.742505+00:00"}
{"category":"SENSOR","details":{"batch_ts":1777066429.9926,"sample_count":25},"device":"rpi-9a2f6ea2e358535b","event":"FIFO_READ","level":"INFO","seq":19,"sig":"fa39187840f2c818","ts":"2026-04-24T21:33:49.992649+00:00"}
{"category":"SENSOR","details":{"batch_ts":1777066430.2427,"sample_count":25},"device":"rpi-9a2f6ea2e358535b","event":"FIFO_READ","level":"INFO","seq":20,"sig":"ef9afdeb795832be","ts":"2026-04-24T21:33:50.242668+00:00"}
{"category":"SENSOR","details":{"batch_ts":1777066430.4927,"sample_count":25},"device":"rpi-9a2f6ea2e358535b","event":"FIFO_READ","level":"INFO","seq":21,"sig":"eb71ea22fea8d248","ts":"2026-04-24T21:33:50.492669+00:00"}
{"category":"SENSOR","details":{"batch_ts":1777066430.7427,"sample_count":25},"device":"rpi-9a2f6ea2e358535b","event":"FIFO_READ","level":"INFO","seq":22,"sig":"1ee2dca10b7c663a","ts":"2026-04-24T21:33:50.742726+00:00"}
{"category":"SENSOR","details":{"batch_ts":1777066430.9918,"sample_count":24},"device":"rpi-9a2f6ea2e358535b","event":"FIFO_READ","level":"INFO","seq":23,"sig":"833e5ee46fff794e","ts":"2026-04-24T21:33:50.991816+00:00"}
{"category":"SENSOR","details":{"batch_ts":1777066431.2427,"sample_count":25},"device":"rpi-9a2f6ea2e358535b","event":"FIFO_READ","level":"INFO","seq":24,"sig":"7bd5de2a75a0778e","ts":"2026-04-24T21:33:51.242673+00:00"}
{"category":"SENSOR","details":{"batch_ts":1777066431.4927,"sample_count":25},"device":"rpi-9a2f6ea2e358535b","event":"FIFO_READ","level":"INFO","seq":25,"sig":"dac0333dbc285edc","ts":"2026-04-24T21:33:51.492668+00:00"}
{"category":"SENSOR","details":{"batch_ts":1777066431.7427,"sample_count":25},"device":"rpi-9a2f6ea2e358535b","event":"FIFO_READ","level":"INFO","seq":26,"sig":"4cba73c53640a09c","ts":"2026-04-24T21:33:51.742722+00:00"}
{"category":"SENSOR","details":{"batch_ts":1777066431.9927,"sample_count":25},"device":"rpi-9a2f6ea2e358535b","event":"FIFO_READ","level":"INFO","seq":27,"sig":"bbaa571a0ebb799d","ts":"2026-04-24T21:33:51.992671+00:00"}
{"category":"SENSOR","details":{"batch_ts":1777066432.2427,"sample_count":25},"device":"rpi-9a2f6ea2e358535b","event":"FIFO_READ","level":"INFO","seq":28,"sig":"36c41ca23f6dec18","ts":"2026-04-24T21:33:52.242676+00:00"}
{"category":"SENSOR","details":{"batch_ts":1777066432.4927,"sample_count":25},"device":"rpi-9a2f6ea2e358535b","event":"FIFO_READ","level":"INFO","seq":29,"sig":"b068db907e29711e","ts":"2026-04-24T21:33:52.492725+00:00"}
{"category":"SENSOR","details":{"batch_ts":1777066432.7427,"sample_count":25},"device":"rpi-9a2f6ea2e358535b","event":"FIFO_READ","level":"INFO","seq":30,"sig":"86bb8f949a2811bf","ts":"2026-04-24T21:33:52.742723+00:00"}
{"category":"SENSOR","details":{"batch_ts":1777066432.9927,"sample_count":25},"device":"rpi-9a2f6ea2e358535b","event":"FIFO_READ","level":"INFO","seq":31,"sig":"a237d6fb4b343938","ts":"2026-04-24T21:33:52.992674+00:00"}
{"category":"SENSOR","details":{"batch_ts":1777066433.2418,"sample_count":24},"device":"rpi-9a2f6ea2e358535b","event":"FIFO_READ","level":"INFO","seq":32,"sig":"d1b825e7614e9f54","ts":"2026-04-24T21:33:53.241792+00:00"}
{"category":"SENSOR","details":{"batch_ts":1777066433.4927,"sample_count":25},"device":"rpi-9a2f6ea2e358535b","event":"FIFO_READ","level":"INFO","seq":33,"sig":"2682b58559dadfe6","ts":"2026-04-24T21:33:53.492670+00:00"}
{"category":"SENSOR","details":{"batch_ts":1777066433.7427,"sample_count":25},"device":"rpi-9a2f6ea2e358535b","event":"FIFO_READ","level":"INFO","seq":34,"sig":"c1e26cde75d9d445","ts":"2026-04-24T21:33:53.742688+00:00"}
{"category":"SENSOR","details":{"batch_ts":1777066433.9927,"sample_count":25},"device":"rpi-9a2f6ea2e358535b","event":"FIFO_READ","level":"INFO","seq":35,"sig":"d20eb854fd38cba9","ts":"2026-04-24T21:33:53.992670+00:00"}
{"category":"SENSOR","details":{"batch_ts":1777066434.2427,"sample_count":25},"device":"rpi-9a2f6ea2e358535b","event":"FIFO_READ","level":"INFO","seq":36,"sig":"8b3de46809740c9b","ts":"2026-04-24T21:33:54.242661+00:00"}
{"category":"SENSOR","details":{"batch_ts":1777066434.4927,"sample_count":25},"device":"rpi-9a2f6ea2e358535b","event":"FIFO_READ","level":"INFO","seq":37,"sig":"e8d2d51f7620af88","ts":"2026-04-24T21:33:54.492672+00:00"}
{"category":"SENSOR","details":{"batch_ts":1777066434.7427,"sample_count":25},"device":"rpi-9a2f6ea2e358535b","event":"FIFO_READ","level":"INFO","seq":38,"sig":"938b7e833dcc47be","ts":"2026-04-24T21:33:54.742705+00:00"}
{"category":"SYSTEM","details":{"reason":"KeyboardInterrupt","total_polls":36},"device":"rpi-9a2f6ea2e358535b","event":"DEVICE_SHUTDOWN","level":"INFO","seq":39,"sig":"c8f0b5504c0807db","ts":"2026-04-24T21:33:54.781843+00:00"}
{"category":"NETWORK","details":{"rc":0},"device":"rpi-9a2f6ea2e358535b","event":"MQTT_DISCONNECTED","level":"INFO","seq":40,"sig":"b1c73b8a29dd2b8f","ts":"2026-04-24T21:33:54.782265+00:00"}
{"category":"NETWORK","details":{"broker":"<REDACTED-IOT-ENDPOINT>"},"device":"rpi-9a2f6ea2e358535b","event":"MQTT_CONNECTED","level":"INFO","seq":1,"sig":"9c11755f815bd3d5","ts":"2026-04-24T21:52:56.845789+00:00"}
{"category":"SYSTEM","details":{"fft_buffer_size":100,"poll_interval_s":0.25},"device":"rpi-9a2f6ea2e358535b","event":"DEVICE_BOOT","level":"INFO","seq":2,"sig":"2568c785e4f6d9da","ts":"2026-04-24T21:52:56.846199+00:00"}
{"category":"SENSOR","details":{"addr_hex":"0x53","fifo_mode":"stream","odr_hz":100,"range_g":16,"scale_g_lsb":0.004,"watermark":25},"device":"rpi-9a2f6ea2e358535b","event":"SENSOR_INIT","level":"INFO","seq":3,"sig":"ebdd0e9a32a1c79a","ts":"2026-04-24T21:52:56.847971+00:00"}
{"category":"SENSOR","details":{"batch_ts":1777067577.1196,"sample_count":24},"device":"rpi-9a2f6ea2e358535b","event":"FIFO_READ","level":"INFO","seq":4,"sig":"d2d4c491e7af0eb8","ts":"2026-04-24T21:52:57.119561+00:00"}
{"category":"SENSOR","details":{"batch_ts":1777067577.3704,"sample_count":25},"device":"rpi-9a2f6ea2e358535b","event":"FIFO_READ","level":"INFO","seq":5,"sig":"3d6b7bd41edd8a73","ts":"2026-04-24T21:52:57.370398+00:00"}
{"category":"SENSOR","details":{"batch_ts":1777067577.6204,"sample_count":25},"device":"rpi-9a2f6ea2e358535b","event":"FIFO_READ","level":"INFO","seq":6,"sig":"d3ef4c6ab957604f","ts":"2026-04-24T21:52:57.620387+00:00"}
{"category":"SENSOR","details":{"batch_ts":1777067577.8704,"sample_count":25},"device":"rpi-9a2f6ea2e358535b","event":"FIFO_READ","level":"INFO","seq":7,"sig":"b02baa15e9b1ddf8","ts":"2026-04-24T21:52:57.870433+00:00"}
{"category":"SENSOR","details":{"batch_ts":1777067578.1204,"sample_count":25},"device":"rpi-9a2f6ea2e358535b","event":"FIFO_READ","level":"INFO","seq":8,"sig":"bb1c30d6721f1b61","ts":"2026-04-24T21:52:58.120391+00:00"}
{"category":"SENSOR","details":{"batch_ts":1777067578.3704,"sample_count":25},"device":"rpi-9a2f6ea2e358535b","event":"FIFO_READ","level":"INFO","seq":9,"sig":"c7fa4c43dd17e65e","ts":"2026-04-24T21:52:58.370430+00:00"}
{"category":"SENSOR","details":{"batch_ts":1777067578.6204,"sample_count":25},"device":"rpi-9a2f6ea2e358535b","event":"FIFO_READ","level":"INFO","seq":10,"sig":"743daa93f13cec2a","ts":"2026-04-24T21:52:58.620420+00:00"}
{"category":"SENSOR","details":{"batch_ts":1777067578.8704,"sample_count":25},"device":"rpi-9a2f6ea2e358535b","event":"FIFO_READ","level":"INFO","seq":11,"sig":"dedd0741cdeba48c","ts":"2026-04-24T21:52:58.870426+00:00"}
{"category":"SENSOR","details":{"batch_ts":1777067579.1204,"sample_count":25},"device":"rpi-9a2f6ea2e358535b","event":"FIFO_READ","level":"INFO","seq":12,"sig":"642a6741d57044d9","ts":"2026-04-24T21:52:59.120415+00:00"}
{"category":"SENSOR","details":{"batch_ts":1777067579.3695,"sample_count":24},"device":"rpi-9a2f6ea2e358535b","event":"FIFO_READ","level":"INFO","seq":13,"sig":"de99a00375caf35b","ts":"2026-04-24T21:52:59.369546+00:00"}
{"category":"SENSOR","details":{"batch_ts":1777067579.6204,"sample_count":25},"device":"rpi-9a2f6ea2e358535b","event":"FIFO_READ","level":"INFO","seq":14,"sig":"de097970d7bfb1f9","ts":"2026-04-24T21:52:59.620414+00:00"}
{"category":"SENSOR","details":{"batch_ts":1777067579.8704,"sample_count":25},"device":"rpi-9a2f6ea2e358535b","event":"FIFO_READ","level":"INFO","seq":15,"sig":"52ec7a33c280fa57","ts":"2026-04-24T21:52:59.870436+00:00"}
{"category":"SENSOR","details":{"batch_ts":1777067580.1204,"sample_count":25},"device":"rpi-9a2f6ea2e358535b","event":"FIFO_READ","level":"INFO","seq":16,"sig":"1b03b2a6685cfe43","ts":"2026-04-24T21:53:00.120434+00:00"}
{"category":"SENSOR","details":{"batch_ts":1777067580.3704,"sample_count":25},"device":"rpi-9a2f6ea2e358535b","event":"FIFO_READ","level":"INFO","seq":17,"sig":"1ae3fe5e7a80160b","ts":"2026-04-24T21:53:00.370414+00:00"}
{"category":"SENSOR","details":{"batch_ts":1777067580.6206,"sample_count":25},"device":"rpi-9a2f6ea2e358535b","event":"FIFO_READ","level":"INFO","seq":18,"sig":"0c9c275d4987b3a1","ts":"2026-04-24T21:53:00.620622+00:00"}
{"category":"SENSOR","details":{"batch_ts":1777067580.8706,"sample_count":25},"device":"rpi-9a2f6ea2e358535b","event":"FIFO_READ","level":"INFO","seq":19,"sig":"5c331200513aa13f","ts":"2026-04-24T21:53:00.870633+00:00"}
{"category":"SYSTEM","details":{"reason":"KeyboardInterrupt","total_polls":17},"device":"rpi-9a2f6ea2e358535b","event":"DEVICE_SHUTDOWN","level":"INFO","seq":20,"sig":"d3fb9534781d2e60","ts":"2026-04-24T21:53:01.077891+00:00"}
{"category":"NETWORK","details":{"rc":0},"device":"rpi-9a2f6ea2e358535b","event":"MQTT_DISCONNECTED","level":"INFO","seq":21,"sig":"3c2d49295dc98793","ts":"2026-04-24T21:53:01.078334+00:00"}
{"category":"NETWORK","details":{"broker":"<REDACTED-IOT-ENDPOINT>"},"device":"rpi-9a2f6ea2e358535b","event":"MQTT_CONNECTED","level":"INFO","seq":1,"sig":"4454ea63a062ce8c","ts":"2026-04-24T23:53:31.833575+00:00"}
{"category":"SYSTEM","details":{"fft_buffer_size":100,"poll_interval_s":0.25},"device":"rpi-9a2f6ea2e358535b","event":"DEVICE_BOOT","level":"INFO","seq":2,"sig":"034497dd14f14ad2","ts":"2026-04-24T23:53:31.834867+00:00"}
{"category":"SENSOR","details":{"addr_hex":"0x53","fifo_mode":"stream","odr_hz":100,"range_g":16,"scale_g_lsb":0.004,"watermark":25},"device":"rpi-9a2f6ea2e358535b","event":"SENSOR_INIT","level":"INFO","seq":3,"sig":"ce24501ae4d3ebd1","ts":"2026-04-24T23:53:31.836968+00:00"}
{"category":"SENSOR","details":{"batch_ts":1777074812.1077,"sample_count":23},"device":"rpi-9a2f6ea2e358535b","event":"FIFO_READ","level":"INFO","seq":4,"sig":"8aa8c93c7cade9fe","ts":"2026-04-24T23:53:32.107700+00:00"}
{"category":"SENSOR","details":{"batch_ts":1777074812.3594,"sample_count":25},"device":"rpi-9a2f6ea2e358535b","event":"FIFO_READ","level":"INFO","seq":5,"sig":"43883354146ee7b4","ts":"2026-04-24T23:53:32.359392+00:00"}
{"category":"SENSOR","details":{"batch_ts":1777074812.6094,"sample_count":25},"device":"rpi-9a2f6ea2e358535b","event":"FIFO_READ","level":"INFO","seq":6,"sig":"99d116cac3d4eb2a","ts":"2026-04-24T23:53:32.609398+00:00"}
{"category":"SENSOR","details":{"batch_ts":1777074812.8594,"sample_count":25},"device":"rpi-9a2f6ea2e358535b","event":"FIFO_READ","level":"INFO","seq":7,"sig":"db33ffc432c8e962","ts":"2026-04-24T23:53:32.859405+00:00"}
{"category":"SENSOR","details":{"batch_ts":1777074813.1094,"sample_count":25},"device":"rpi-9a2f6ea2e358535b","event":"FIFO_READ","level":"INFO","seq":8,"sig":"9baa97417ee8664e","ts":"2026-04-24T23:53:33.109414+00:00"}
{"category":"SENSOR","details":{"batch_ts":1777074813.3594,"sample_count":25},"device":"rpi-9a2f6ea2e358535b","event":"FIFO_READ","level":"INFO","seq":9,"sig":"f17f66982286a5f5","ts":"2026-04-24T23:53:33.359425+00:00"}
{"category":"SENSOR","details":{"batch_ts":1777074813.6094,"sample_count":25},"device":"rpi-9a2f6ea2e358535b","event":"FIFO_READ","level":"INFO","seq":10,"sig":"ac8ca9b661081142","ts":"2026-04-24T23:53:33.609414+00:00"}
{"category":"SENSOR","details":{"batch_ts":1777074813.8594,"sample_count":25},"device":"rpi-9a2f6ea2e358535b","event":"FIFO_READ","level":"INFO","seq":11,"sig":"daa7e10b7f74ae0a","ts":"2026-04-24T23:53:33.859444+00:00"}
{"category":"SENSOR","details":{"batch_ts":1777074814.1094,"sample_count":25},"device":"rpi-9a2f6ea2e358535b","event":"FIFO_READ","level":"INFO","seq":12,"sig":"239515e12be40782","ts":"2026-04-24T23:53:34.109414+00:00"}
{"category":"SENSOR","details":{"batch_ts":1777074814.3594,"sample_count":25},"device":"rpi-9a2f6ea2e358535b","event":"FIFO_READ","level":"INFO","seq":13,"sig":"41897274a7cf2c38","ts":"2026-04-24T23:53:34.359406+00:00"}
{"category":"SENSOR","details":{"batch_ts":1777074814.6085,"sample_count":24},"device":"rpi-9a2f6ea2e358535b","event":"FIFO_READ","level":"INFO","seq":14,"sig":"cf110a84bae19013","ts":"2026-04-24T23:53:34.608536+00:00"}
{"category":"SENSOR","details":{"batch_ts":1777074814.8594,"sample_count":25},"device":"rpi-9a2f6ea2e358535b","event":"FIFO_READ","level":"INFO","seq":15,"sig":"a80e3c8d2a14d1d7","ts":"2026-04-24T23:53:34.859460+00:00"}
{"category":"SENSOR","details":{"batch_ts":1777074815.1094,"sample_count":25},"device":"rpi-9a2f6ea2e358535b","event":"FIFO_READ","level":"INFO","seq":16,"sig":"d6698bc6be38d5e0","ts":"2026-04-24T23:53:35.109413+00:00"}
{"category":"SENSOR","details":{"batch_ts":1777074815.3594,"sample_count":25},"device":"rpi-9a2f6ea2e358535b","event":"FIFO_READ","level":"INFO","seq":17,"sig":"714381a8db2c26fa","ts":"2026-04-24T23:53:35.359427+00:00"}
{"category":"SENSOR","details":{"batch_ts":1777074815.6096,"sample_count":25},"device":"rpi-9a2f6ea2e358535b","event":"FIFO_READ","level":"INFO","seq":18,"sig":"94457f44f2496d94","ts":"2026-04-24T23:53:35.609638+00:00"}
{"category":"SENSOR","details":{"batch_ts":1777074815.8597,"sample_count":25},"device":"rpi-9a2f6ea2e358535b","event":"FIFO_READ","level":"INFO","seq":19,"sig":"ce37f2298691d774","ts":"2026-04-24T23:53:35.859667+00:00"}
{"category":"SENSOR","details":{"batch_ts":1777074816.1096,"sample_count":25},"device":"rpi-9a2f6ea2e358535b","event":"FIFO_READ","level":"INFO","seq":20,"sig":"bfb3f09c535d2bf2","ts":"2026-04-24T23:53:36.109632+00:00"}
{"category":"SENSOR","details":{"batch_ts":1777074816.3596,"sample_count":25},"device":"rpi-9a2f6ea2e358535b","event":"FIFO_READ","level":"INFO","seq":21,"sig":"604c44c8deeac448","ts":"2026-04-24T23:53:36.359604+00:00"}
{"category":"SENSOR","details":{"batch_ts":1777074816.6096,"sample_count":25},"device":"rpi-9a2f6ea2e358535b","event":"FIFO_READ","level":"INFO","seq":22,"sig":"80bbba18597702d1","ts":"2026-04-24T23:53:36.609622+00:00"}
{"category":"SENSOR","details":{"batch_ts":1777074816.8588,"sample_count":24},"device":"rpi-9a2f6ea2e358535b","event":"FIFO_READ","level":"INFO","seq":23,"sig":"6c8095eeb50989bd","ts":"2026-04-24T23:53:36.858788+00:00"}
{"category":"SENSOR","details":{"batch_ts":1777074817.1096,"sample_count":25},"device":"rpi-9a2f6ea2e358535b","event":"FIFO_READ","level":"INFO","seq":24,"sig":"a1ae98d03eae32c2","ts":"2026-04-24T23:53:37.109642+00:00"}
{"category":"SENSOR","details":{"batch_ts":1777074817.3596,"sample_count":25},"device":"rpi-9a2f6ea2e358535b","event":"FIFO_READ","level":"INFO","seq":25,"sig":"205aa7f6d016edce","ts":"2026-04-24T23:53:37.359627+00:00"}
{"category":"SYSTEM","details":{"reason":"KeyboardInterrupt","total_polls":23},"device":"rpi-9a2f6ea2e358535b","event":"DEVICE_SHUTDOWN","level":"INFO","seq":26,"sig":"7d9fe350b5ed2f7a","ts":"2026-04-24T23:53:37.589409+00:00"}
{"category":"NETWORK","details":{"rc":0},"device":"rpi-9a2f6ea2e358535b","event":"MQTT_DISCONNECTED","level":"INFO","seq":27,"sig":"9356b8eeed80e32c","ts":"2026-04-24T23:53:37.589853+00:00"}
{"category":"NETWORK","details":{"broker":"<REDACTED-IOT-ENDPOINT>"},"device":"rpi-9a2f6ea2e358535b","event":"MQTT_CONNECTED","level":"INFO","seq":1,"sig":"bd93d14d8e7260ce","ts":"2026-04-25T00:35:02.018210+00:00"}
{"category":"SYSTEM","details":{"fft_buffer_size":100,"poll_interval_s":0.25},"device":"rpi-9a2f6ea2e358535b","event":"DEVICE_BOOT","level":"INFO","seq":2,"sig":"e21df1d6db90195c","ts":"2026-04-25T00:35:02.018629+00:00"}
{"category":"SENSOR","details":{"addr_hex":"0x53","fifo_mode":"stream","odr_hz":100,"range_g":16,"scale_g_lsb":0.004,"watermark":25},"device":"rpi-9a2f6ea2e358535b","event":"SENSOR_INIT","level":"INFO","seq":3,"sig":"4d7a8a97a38e5c2f","ts":"2026-04-25T00:35:02.020406+00:00"}
{"category":"SENSOR","details":{"batch_ts":1777077302.2929,"sample_count":25},"device":"rpi-9a2f6ea2e358535b","event":"FIFO_READ","level":"INFO","seq":4,"sig":"a88d99f299a9f2e0","ts":"2026-04-25T00:35:02.292927+00:00"}
{"category":"SENSOR","details":{"batch_ts":1777077302.542,"sample_count":24},"device":"rpi-9a2f6ea2e358535b","event":"FIFO_READ","level":"INFO","seq":5,"sig":"5c1e07a8e0a9088a","ts":"2026-04-25T00:35:02.541979+00:00"}
{"category":"SENSOR","details":{"batch_ts":1777077302.7929,"sample_count":25},"device":"rpi-9a2f6ea2e358535b","event":"FIFO_READ","level":"INFO","seq":6,"sig":"1ace3a9b013b4993","ts":"2026-04-25T00:35:02.792854+00:00"}
{"category":"SENSOR","details":{"batch_ts":1777077303.0429,"sample_count":25},"device":"rpi-9a2f6ea2e358535b","event":"FIFO_READ","level":"INFO","seq":7,"sig":"6c3996abd44be30b","ts":"2026-04-25T00:35:03.042873+00:00"}
{"category":"SENSOR","details":{"batch_ts":1777077303.2928,"sample_count":25},"device":"rpi-9a2f6ea2e358535b","event":"FIFO_READ","level":"INFO","seq":8,"sig":"942c9588ff823370","ts":"2026-04-25T00:35:03.292852+00:00"}
{"category":"SENSOR","details":{"batch_ts":1777077303.5429,"sample_count":25},"device":"rpi-9a2f6ea2e358535b","event":"FIFO_READ","level":"INFO","seq":9,"sig":"af163e4707b3be27","ts":"2026-04-25T00:35:03.542890+00:00"}
{"category":"SENSOR","details":{"batch_ts":1777077303.7928,"sample_count":25},"device":"rpi-9a2f6ea2e358535b","event":"FIFO_READ","level":"INFO","seq":10,"sig":"84676cdd5ff7a24a","ts":"2026-04-25T00:35:03.792854+00:00"}
{"category":"SENSOR","details":{"batch_ts":1777077304.0429,"sample_count":25},"device":"rpi-9a2f6ea2e358535b","event":"FIFO_READ","level":"INFO","seq":11,"sig":"8ca288a6868b609a","ts":"2026-04-25T00:35:04.042906+00:00"}
{"category":"SENSOR","details":{"batch_ts":1777077304.2929,"sample_count":25},"device":"rpi-9a2f6ea2e358535b","event":"FIFO_READ","level":"INFO","seq":12,"sig":"6572a63b17a93161","ts":"2026-04-25T00:35:04.292865+00:00"}
{"category":"SENSOR","details":{"batch_ts":1777077304.5429,"sample_count":25},"device":"rpi-9a2f6ea2e358535b","event":"FIFO_READ","level":"INFO","seq":13,"sig":"292503d62886f5ef","ts":"2026-04-25T00:35:04.542887+00:00"}
{"category":"SENSOR","details":{"batch_ts":1777077304.792,"sample_count":24},"device":"rpi-9a2f6ea2e358535b","event":"FIFO_READ","level":"INFO","seq":14,"sig":"fa5cd3f674e8338d","ts":"2026-04-25T00:35:04.792003+00:00"}
{"category":"SENSOR","details":{"batch_ts":1777077305.0429,"sample_count":25},"device":"rpi-9a2f6ea2e358535b","event":"FIFO_READ","level":"INFO","seq":15,"sig":"84350a03920c4056","ts":"2026-04-25T00:35:05.042879+00:00"}
{"category":"SYSTEM","details":{"reason":"KeyboardInterrupt","total_polls":13},"device":"rpi-9a2f6ea2e358535b","event":"DEVICE_SHUTDOWN","level":"INFO","seq":16,"sig":"0108f459e63ffcd6","ts":"2026-04-25T00:35:05.091584+00:00"}
{"category":"NETWORK","details":{"rc":0},"device":"rpi-9a2f6ea2e358535b","event":"MQTT_DISCONNECTED","level":"INFO","seq":17,"sig":"784ba99e5a94e178","ts":"2026-04-25T00:35:05.091918+00:00"}
{"category":"NETWORK","details":{"broker":"<REDACTED-IOT-ENDPOINT>"},"device":"rpi-9a2f6ea2e358535b","event":"MQTT_CONNECTED","level":"INFO","seq":1,"sig":"b8c1e6395a6842f5","ts":"2026-04-25T00:43:14.425635+00:00"}
{"category":"SYSTEM","details":{"fft_buffer_size":100,"poll_interval_s":0.25},"device":"rpi-9a2f6ea2e358535b","event":"DEVICE_BOOT","level":"INFO","seq":2,"sig":"a1150c3652f488eb","ts":"2026-04-25T00:43:14.426051+00:00"}
{"category":"SENSOR","details":{"addr_hex":"0x53","fifo_mode":"stream","odr_hz":100,"range_g":16,"scale_g_lsb":0.004,"watermark":25},"device":"rpi-9a2f6ea2e358535b","event":"SENSOR_INIT","level":"INFO","seq":3,"sig":"1452c0d71e52c62c","ts":"2026-04-25T00:43:14.427831+00:00"}
{"category":"SENSOR","details":{"batch_ts":1777077794.7003,"sample_count":25},"device":"rpi-9a2f6ea2e358535b","event":"FIFO_READ","level":"INFO","seq":4,"sig":"17d537c8bfe3de57","ts":"2026-04-25T00:43:14.700261+00:00"}
{"category":"SENSOR","details":{"batch_ts":1777077794.9494,"sample_count":24},"device":"rpi-9a2f6ea2e358535b","event":"FIFO_READ","level":"INFO","seq":5,"sig":"85cedb01db1202fb","ts":"2026-04-25T00:43:14.949437+00:00"}
{"category":"SENSOR","details":{"batch_ts":1777077795.2002,"sample_count":25},"device":"rpi-9a2f6ea2e358535b","event":"FIFO_READ","level":"INFO","seq":6,"sig":"41fea23afe4e710e","ts":"2026-04-25T00:43:15.200244+00:00"}
{"category":"SENSOR","details":{"batch_ts":1777077795.4502,"sample_count":25},"device":"rpi-9a2f6ea2e358535b","event":"FIFO_READ","level":"INFO","seq":7,"sig":"1a58fcab6eca092a","ts":"2026-04-25T00:43:15.450246+00:00"}
{"category":"SENSOR","details":{"batch_ts":1777077795.7002,"sample_count":25},"device":"rpi-9a2f6ea2e358535b","event":"FIFO_READ","level":"INFO","seq":8,"sig":"743c9126fab8c2ec","ts":"2026-04-25T00:43:15.700235+00:00"}
{"category":"SENSOR","details":{"batch_ts":1777077795.9503,"sample_count":25},"device":"rpi-9a2f6ea2e358535b","event":"FIFO_READ","level":"INFO","seq":9,"sig":"32e70666259772fd","ts":"2026-04-25T00:43:15.950298+00:00"}
{"category":"SENSOR","details":{"batch_ts":1777077796.2002,"sample_count":25},"device":"rpi-9a2f6ea2e358535b","event":"FIFO_READ","level":"INFO","seq":10,"sig":"ff3cbf7c07a9e85a","ts":"2026-04-25T00:43:16.200249+00:00"}
{"category":"SENSOR","details":{"batch_ts":1777077796.4503,"sample_count":25},"device":"rpi-9a2f6ea2e358535b","event":"FIFO_READ","level":"INFO","seq":11,"sig":"58de7ac949a88f64","ts":"2026-04-25T00:43:16.450276+00:00"}
{"category":"SENSOR","details":{"batch_ts":1777077796.7002,"sample_count":25},"device":"rpi-9a2f6ea2e358535b","event":"FIFO_READ","level":"INFO","seq":12,"sig":"8143df265b5eb655","ts":"2026-04-25T00:43:16.700241+00:00"}
{"category":"SENSOR","details":{"batch_ts":1777077796.9503,"sample_count":25},"device":"rpi-9a2f6ea2e358535b","event":"FIFO_READ","level":"INFO","seq":13,"sig":"da7c7cdb84a33c04","ts":"2026-04-25T00:43:16.950293+00:00"}
{"category":"SENSOR","details":{"batch_ts":1777077797.2002,"sample_count":25},"device":"rpi-9a2f6ea2e358535b","event":"FIFO_READ","level":"INFO","seq":14,"sig":"86d00f8863008cf0","ts":"2026-04-25T00:43:17.200246+00:00"}
{"category":"SENSOR","details":{"batch_ts":1777077797.4494,"sample_count":24},"device":"rpi-9a2f6ea2e358535b","event":"FIFO_READ","level":"INFO","seq":15,"sig":"561365a18bda6623","ts":"2026-04-25T00:43:17.449407+00:00"}
{"category":"SENSOR","details":{"batch_ts":1777077797.7002,"sample_count":25},"device":"rpi-9a2f6ea2e358535b","event":"FIFO_READ","level":"INFO","seq":16,"sig":"180e57ba0eabd7e1","ts":"2026-04-25T00:43:17.700248+00:00"}
{"category":"SENSOR","details":{"batch_ts":1777077797.9503,"sample_count":25},"device":"rpi-9a2f6ea2e358535b","event":"FIFO_READ","level":"INFO","seq":17,"sig":"e73ebced0a4fe0c2","ts":"2026-04-25T00:43:17.950300+00:00"}
{"category":"SENSOR","details":{"batch_ts":1777077798.2002,"sample_count":25},"device":"rpi-9a2f6ea2e358535b","event":"FIFO_READ","level":"INFO","seq":18,"sig":"db835b955eda459a","ts":"2026-04-25T00:43:18.200245+00:00"}
{"category":"SENSOR","details":{"batch_ts":1777077798.4505,"sample_count":25},"device":"rpi-9a2f6ea2e358535b","event":"FIFO_READ","level":"INFO","seq":19,"sig":"d56ffeaa96a6b8ae","ts":"2026-04-25T00:43:18.450489+00:00"}
{"category":"SENSOR","details":{"batch_ts":1777077798.7004,"sample_count":25},"device":"rpi-9a2f6ea2e358535b","event":"FIFO_READ","level":"INFO","seq":20,"sig":"31076f2032fdf757","ts":"2026-04-25T00:43:18.700439+00:00"}
{"category":"SENSOR","details":{"batch_ts":1777077798.9505,"sample_count":25},"device":"rpi-9a2f6ea2e358535b","event":"FIFO_READ","level":"INFO","seq":21,"sig":"986e2e3678fbc342","ts":"2026-04-25T00:43:18.950473+00:00"}
{"category":"SYSTEM","details":{"reason":"KeyboardInterrupt","total_polls":19},"device":"rpi-9a2f6ea2e358535b","event":"DEVICE_SHUTDOWN","level":"INFO","seq":22,"sig":"3c31038a4abed3b1","ts":"2026-04-25T00:43:19.076095+00:00"}
{"category":"NETWORK","details":{"rc":0},"device":"rpi-9a2f6ea2e358535b","event":"MQTT_DISCONNECTED","level":"INFO","seq":23,"sig":"bc6f5143648967d4","ts":"2026-04-25T00:43:19.076521+00:00"}
{"category":"NETWORK","details":{"broker":"<REDACTED-IOT-ENDPOINT>"},"device":"rpi-9a2f6ea2e358535b","event":"MQTT_CONNECTED","level":"INFO","seq":1,"sig":"da3522c78b12f0d8","ts":"2026-04-25T00:44:18.504513+00:00"}
{"category":"SYSTEM","details":{"fft_buffer_size":100,"poll_interval_s":0.25},"device":"rpi-9a2f6ea2e358535b","event":"DEVICE_BOOT","level":"INFO","seq":2,"sig":"194273f5079ccdb5","ts":"2026-04-25T00:44:18.504931+00:00"}
{"category":"SENSOR","details":{"addr_hex":"0x53","fifo_mode":"stream","odr_hz":100,"range_g":16,"scale_g_lsb":0.004,"watermark":25},"device":"rpi-9a2f6ea2e358535b","event":"SENSOR_INIT","level":"INFO","seq":3,"sig":"096325d448751e05","ts":"2026-04-25T00:44:18.506708+00:00"}
{"category":"SENSOR","details":{"batch_ts":1777077858.7792,"sample_count":25},"device":"rpi-9a2f6ea2e358535b","event":"FIFO_READ","level":"INFO","seq":4,"sig":"a65d8813b2aacaec","ts":"2026-04-25T00:44:18.779229+00:00"}
{"category":"SENSOR","details":{"batch_ts":1777077859.0283,"sample_count":24},"device":"rpi-9a2f6ea2e358535b","event":"FIFO_READ","level":"INFO","seq":5,"sig":"6ef89b5e6b522176","ts":"2026-04-25T00:44:19.028311+00:00"}
{"category":"SENSOR","details":{"batch_ts":1777077859.2791,"sample_count":25},"device":"rpi-9a2f6ea2e358535b","event":"FIFO_READ","level":"INFO","seq":6,"sig":"fdc69c319ee2ddcd","ts":"2026-04-25T00:44:19.279152+00:00"}
{"category":"SENSOR","details":{"batch_ts":1777077859.5292,"sample_count":25},"device":"rpi-9a2f6ea2e358535b","event":"FIFO_READ","level":"INFO","seq":7,"sig":"ec52577338cceee4","ts":"2026-04-25T00:44:19.529157+00:00"}
{"category":"SENSOR","details":{"batch_ts":1777077859.7791,"sample_count":25},"device":"rpi-9a2f6ea2e358535b","event":"FIFO_READ","level":"INFO","seq":8,"sig":"f5712cccde60aeab","ts":"2026-04-25T00:44:19.779133+00:00"}
{"category":"SENSOR","details":{"batch_ts":1777077860.0292,"sample_count":25},"device":"rpi-9a2f6ea2e358535b","event":"FIFO_READ","level":"INFO","seq":9,"sig":"983f31492e2f6b9d","ts":"2026-04-25T00:44:20.029206+00:00"}
{"category":"SENSOR","details":{"batch_ts":1777077860.2792,"sample_count":25},"device":"rpi-9a2f6ea2e358535b","event":"FIFO_READ","level":"INFO","seq":10,"sig":"ab6d3914ad8daff8","ts":"2026-04-25T00:44:20.279182+00:00"}
{"category":"SENSOR","details":{"batch_ts":1777077860.5292,"sample_count":25},"device":"rpi-9a2f6ea2e358535b","event":"FIFO_READ","level":"INFO","seq":11,"sig":"72b93d7877abace8","ts":"2026-04-25T00:44:20.529191+00:00"}
{"category":"SENSOR","details":{"batch_ts":1777077860.7792,"sample_count":25},"device":"rpi-9a2f6ea2e358535b","event":"FIFO_READ","level":"INFO","seq":12,"sig":"80ee6d66466895e0","ts":"2026-04-25T00:44:20.779188+00:00"}
{"category":"SENSOR","details":{"batch_ts":1777077861.0292,"sample_count":25},"device":"rpi-9a2f6ea2e358535b","event":"FIFO_READ","level":"INFO","seq":13,"sig":"8b275103ce9d62ba","ts":"2026-04-25T00:44:21.029212+00:00"}
{"category":"SENSOR","details":{"batch_ts":1777077861.2783,"sample_count":24},"device":"rpi-9a2f6ea2e358535b","event":"FIFO_READ","level":"INFO","seq":14,"sig":"3b0dc5a5d683cee7","ts":"2026-04-25T00:44:21.278311+00:00"}
{"category":"SYSTEM","details":{"reason":"KeyboardInterrupt","total_polls":12},"device":"rpi-9a2f6ea2e358535b","event":"DEVICE_SHUTDOWN","level":"INFO","seq":15,"sig":"4ea3980cf55ad83b","ts":"2026-04-25T00:44:21.405282+00:00"}
{"category":"NETWORK","details":{"rc":0},"device":"rpi-9a2f6ea2e358535b","event":"MQTT_DISCONNECTED","level":"INFO","seq":16,"sig":"618ac25e13c77140","ts":"2026-04-25T00:44:21.405601+00:00"}
